rd_intensity,size,lev,roa,age,hhi
0.1639,10.702,0.284,-0.093,12.7,0.216
0.2751,9.306,0.484,0.0573,9.5,0.079
0.0,7.898,0.429,-0.0513,17.7,0.02
0.4033,7.974,0.19,0.0566,12.2,0.02
0.2479,9.574,0.127,0.1078,4.3,0.138
0.464,9.94,0.512,0.0287,3.7,0.068
0.0,4.27,0.459,0.0542,8.7,0.164
0.0187,6.212,0.245,0.0162,2.0,0.154
0.0,8.89,0.56,0.04,17.5,0.191
0.2249,8.353,0.345,-0.0335,8.7,0.12
0.2497,9.78,0.552,0.0247,7.1,0.121
0.3575,10.636,0.378,0.0773,16.4,0.103
0.0,5.949,0.51,0.001,12.1,0.116
0.0941,7.783,0.293,0.0758,9.5,0.076
0.0,9.991,0.614,0.0377,22.2,0.089
0.3041,9.493,0.362,0.1176,13.4,0.086
0.178,7.574,0.496,0.0217,15.8,0.094
0.0684,7.826,0.389,0.0029,8.2,0.165
0.4121,9.616,0.376,0.154,5.2,0.081
0.1105,7.051,0.637,0.0101,13.3,0.074
0.0647,8.512,0.296,-0.0245,10.4,0.114
0.1531,10.313,0.478,-0.0014,24.0,0.167
0.0,5.966,0.337,0.0639,2.0,0.198
0.0,5.986,0.578,-0.0014,11.6,0.02
0.2272,9.686,0.701,-0.0342,4.3,0.111
0.0,6.875,0.355,0.1188,24.8,0.164
0.0004,7.651,0.672,0.043,10.3,0.12
0.0,5.898,0.237,0.0011,15.4,0.248
0.0,7.673,0.248,0.0152,5.1,0.14
0.2415,9.16,0.442,0.0912,9.9,0.07
0.2007,9.234,0.491,0.2327,23.8,0.178
0.1079,9.336,0.522,0.0133,10.9,0.102
0.0953,6.054,0.328,0.0978,20.7,0.02
0.0,7.557,0.335,-0.0131,16.1,0.115
0.0043,7.172,0.728,0.1123,7.9,0.124
0.2574,8.012,0.488,0.0728,13.7,0.161
0.3803,9.917,0.473,0.0926,2.0,0.107
0.1216,8.691,0.212,0.1046,15.6,0.07
0.2338,7.995,0.11,0.0639,14.4,0.037
0.0,8.469,0.109,-0.0478,8.9,0.075
0.2505,9.653,0.252,0.0896,12.5,0.096
0.0526,8.209,0.334,-0.0044,12.6,0.103
0.0,9.086,0.38,0.0047,17.5,0.089
0.0,7.611,0.376,-0.0127,13.6,0.147
0.0699,8.254,0.48,0.0123,14.0,0.029
0.0435,7.704,0.749,0.0262,6.1,0.126
0.1918,9.413,0.458,0.0991,14.7,0.104
0.0,8.28,0.141,0.0671,13.1,0.128
0.0,6.222,0.754,0.1656,15.4,0.13
0.1149,6.58,0.4,0.0444,19.0,0.066
0.1986,7.636,0.893,0.1005,17.9,0.077
0.1193,8.423,0.533,0.0643,2.9,0.232
0.2717,10.922,0.38,0.0207,16.4,0.12
0.221,9.029,0.294,0.0977,9.8,0.156
0.0165,7.391,0.416,0.0216,7.8,0.091
0.0109,9.591,0.806,-0.1139,17.5,0.097
0.2873,9.998,0.301,-0.01,4.9,0.076
0.0382,8.227,0.469,-0.0355,15.7,0.151
0.2178,9.724,0.455,0.0748,5.3,0.164
0.0,6.424,0.593,0.0119,23.1,0.028
0.2191,10.846,0.833,0.0015,15.4,0.189
0.0953,7.048,0.46,0.1157,5.2,0.133
0.0718,8.592,0.229,0.0109,14.4,0.101
0.0,5.971,0.235,0.042,8.6,0.185
0.2536,8.896,0.322,0.052,9.9,0.217
0.2692,9.226,0.647,0.0575,18.7,0.076
0.0715,4.62,0.085,0.0825,3.6,0.091
0.1727,8.189,0.454,0.1333,8.1,0.139
0.0487,7.38,0.177,0.0334,18.4,0.184
0.2009,8.912,0.295,0.1418,14.5,0.02
0.0,5.903,0.542,0.0697,3.8,0.145
0.432,11.084,0.699,0.1586,9.7,0.073
0.0,7.981,0.388,0.1071,19.7,0.138
0.0,7.745,0.327,0.0075,16.7,0.215
0.005,6.836,0.342,0.1168,17.4,0.098
0.085,9.712,0.423,0.0342,15.4,0.091
0.2444,10.595,0.498,0.0842,3.8,0.134
0.0367,6.265,0.187,0.0749,16.4,0.119
0.0,7.437,0.518,0.1077,8.2,0.179
0.1425,9.598,0.77,0.0727,12.6,0.144
0.2508,8.943,0.276,0.0065,11.2,0.123
0.1427,7.004,0.23,0.0141,2.0,0.048
0.1775,8.573,0.522,0.0413,14.3,0.132
0.1594,9.694,0.451,0.0901,4.7,0.139
0.138,6.852,0.209,0.0441,2.0,0.052
0.1491,9.003,0.493,0.009,6.9,0.086
0.1151,9.823,0.341,0.0404,9.0,0.173
0.1116,8.339,0.582,0.1198,24.2,0.092
0.0,7.247,0.395,0.2047,21.2,0.02
0.0884,9.088,0.528,0.0563,15.9,0.188
0.0,7.512,0.49,0.1542,27.9,0.123
0.3192,11.797,0.612,0.03,12.6,0.107
0.0,6.694,0.608,0.1493,7.9,0.119
0.2446,8.688,0.085,-0.0342,13.2,0.112
0.1992,10.299,0.502,0.054,8.8,0.103
0.0,7.529,0.63,0.076,22.0,0.275
0.0,6.359,0.894,-0.0213,18.6,0.05
0.0,6.545,0.438,0.0068,14.9,0.11
0.0,6.928,0.729,-0.0307,12.2,0.02
0.313,7.382,0.05,0.1132,5.9,0.07
0.114,8.331,0.636,0.1172,7.2,0.099
0.166,8.356,0.214,-0.009,10.2,0.02
0.2133,9.235,0.618,0.1692,8.6,0.168
0.2428,8.906,0.409,0.0216,21.4,0.084
0.0,5.784,0.614,-0.0101,21.8,0.19
0.2088,9.892,0.44,0.0505,4.4,0.147
0.0,7.143,0.35,0.0314,6.8,0.175
0.0,5.752,0.941,0.064,20.6,0.116
0.2269,8.802,0.367,0.1081,15.9,0.02
0.0,7.983,0.058,-0.0104,15.9,0.169
0.1951,7.27,0.391,0.0992,6.8,0.02
0.0,7.443,0.394,-0.0348,14.9,0.196
0.1622,9.578,0.268,0.0239,22.0,0.141
0.1597,8.169,0.205,0.0207,12.4,0.059
0.0518,7.941,0.482,-0.0561,9.5,0.078
0.0507,8.526,0.33,0.0311,2.0,0.103
0.0,6.24,0.59,0.0629,10.5,0.168
0.3212,8.322,0.268,0.1349,9.6,0.09
0.031,7.829,0.686,0.0638,9.5,0.188
0.2417,9.417,0.366,0.1229,11.8,0.055
0.0,8.365,0.644,-0.0275,2.0,0.128
0.4112,11.042,0.603,0.0844,8.3,0.048
0.2737,9.085,0.505,0.0895,15.2,0.073
0.1806,8.475,0.383,0.0751,19.1,0.159
0.1279,7.257,0.18,0.0407,3.5,0.137
0.0,6.533,0.364,0.0033,14.1,0.221
0.0,6.772,0.454,0.1198,18.4,0.091
0.3402,10.867,0.474,0.0523,10.7,0.161
0.2768,9.031,0.487,0.1866,7.3,0.126
0.0192,7.659,0.332,0.0846,17.9,0.113
0.2522,10.123,0.181,0.0621,3.7,0.086
0.0,5.123,0.282,0.0656,18.8,0.217
0.0,6.873,0.539,0.0658,14.7,0.09
0.1027,7.895,0.569,0.0584,10.6,0.049
0.0,4.292,0.42,-0.0145,19.8,0.059
0.2321,10.639,0.735,-0.0093,17.7,0.123
0.3454,10.409,0.445,0.134,15.8,0.02
0.0,7.442,0.771,0.0752,4.0,0.022
0.2042,8.267,0.626,0.1212,15.6,0.067
0.0745,7.915,0.579,0.0498,2.3,0.135
0.3693,10.155,0.392,0.0288,8.4,0.037
0.1381,9.531,0.323,-0.0254,17.2,0.088
0.2408,8.279,0.453,0.1055,11.3,0.152
0.3095,11.89,0.459,0.0155,20.3,0.095
0.0,6.784,0.124,0.1276,16.5,0.112
0.0,7.619,0.373,0.0397,8.7,0.102
0.0323,8.979,0.198,0.0275,17.0,0.253
0.2781,8.76,0.309,0.0373,13.7,0.107
0.0949,9.238,0.337,0.0729,21.0,0.163
0.0,8.122,0.515,0.0362,2.0,0.174
0.3153,9.841,0.369,0.0362,14.3,0.197
0.1189,9.641,0.617,0.0752,18.0,0.142
0.0,9.641,0.505,-0.0336,14.2,0.229
0.0,8.597,0.742,-0.0079,13.6,0.17
0.1978,9.862,0.2,0.1002,10.5,0.162
0.0,7.305,0.602,0.04,6.0,0.167
0.1536,10.607,0.14,0.022,17.1,0.161
0.229,8.863,0.389,-0.0244,2.8,0.1
0.2699,9.179,0.309,0.0714,12.9,0.02
0.0,6.03,0.608,0.0803,16.5,0.169
0.1075,6.077,0.566,0.0494,15.9,0.145
0.0985,6.301,0.168,0.03,10.6,0.07
0.2423,10.34,0.077,0.0286,12.3,0.154
0.0484,7.65,0.358,-0.0031,21.2,0.184
0.0,6.877,0.39,0.0332,14.3,0.121
0.0,8.472,0.368,-0.0279,21.9,0.221
0.0,4.434,0.307,0.0768,5.0,0.213
0.4097,12.249,0.949,0.1216,12.8,0.135
0.0,10.659,0.487,0.0447,11.7,0.22
0.0,8.109,0.449,-0.02,23.5,0.22
0.048,7.861,0.768,0.0178,15.1,0.14
0.303,9.059,0.55,0.1181,2.0,0.154
0.0652,8.846,0.606,0.1435,16.9,0.063
0.0227,8.701,0.511,0.0126,5.8,0.197
0.1621,8.063,0.344,0.0162,2.0,0.064
0.2675,9.153,0.05,0.0383,6.4,0.158
0.1537,8.555,0.751,0.0519,9.1,0.135
0.0,7.627,0.617,-0.0325,7.9,0.172
0.0398,7.337,0.45,-0.0146,15.2,0.14
0.0497,9.815,0.783,0.0197,18.5,0.226
0.1809,8.31,0.546,0.0328,2.0,0.169
0.1368,8.098,0.574,0.0807,9.7,0.043
0.0876,7.019,0.579,-0.0152,10.3,0.094
0.0,7.494,0.875,0.0546,6.4,0.104
0.1286,7.926,0.363,0.0813,5.3,0.094
0.1378,7.84,0.548,0.0322,4.0,0.161
0.1144,8.708,0.626,0.0357,23.1,0.034
0.0547,8.447,0.388,0.0762,19.0,0.2
0.1413,8.056,0.643,0.2047,10.4,0.164
0.0,7.813,0.792,0.1377,17.0,0.248
0.0548,7.926,0.242,0.0924,12.2,0.073
0.2251,9.76,0.373,0.0971,11.3,0.118
0.0,8.068,0.735,0.0152,19.8,0.113
0.2959,10.968,0.245,0.1164,15.6,0.108
0.4536,9.862,0.213,0.0834,17.0,0.215
0.0386,6.676,0.47,0.0999,5.7,0.095
0.0,6.647,0.484,0.1401,14.0,0.224
0.3888,11.506,0.634,0.0508,15.2,0.03
0.0,6.673,0.637,0.0609,16.4,0.037
0.0,4.789,0.526,-0.013,10.6,0.084
0.4331,9.806,0.153,0.0462,7.0,0.145
0.3404,11.358,0.305,0.0139,17.6,0.09
0.1817,7.792,0.306,-0.0127,9.2,0.097
0.0725,8.68,0.672,0.0913,12.2,0.02
0.1773,7.561,0.278,0.0842,15.0,0.325
0.085,9.695,0.647,-0.01,16.9,0.132
0.1506,9.834,0.488,0.0489,22.0,0.133
0.0,3.204,0.455,0.0622,16.6,0.174
0.1619,8.973,0.235,0.0246,5.2,0.113
0.1296,6.717,0.599,0.0691,8.9,0.148
0.203,9.878,0.721,0.058,13.3,0.02
0.0082,6.327,0.076,0.0491,13.3,0.26
0.1671,8.649,0.326,0.0725,10.2,0.197
0.0247,7.925,0.586,-0.028,5.6,0.068
0.0,7.132,0.751,0.034,13.5,0.039
0.0,6.125,0.648,0.1411,12.1,0.163
0.0,6.153,0.262,0.0182,18.0,0.199
0.0734,7.48,0.531,0.2055,17.8,0.117
0.0,7.224,0.53,0.0837,13.1,0.129
0.211,11.005,0.401,-0.0178,14.9,0.094
0.0,7.951,0.63,-0.0561,13.6,0.132
0.1731,9.164,0.703,0.051,7.4,0.062
0.0,6.667,0.535,0.0301,12.1,0.028
0.0183,6.739,0.529,0.0391,12.2,0.08
0.0,7.041,0.693,-0.0037,10.7,0.092
0.005,8.679,0.72,0.0423,13.8,0.148
0.0,7.442,0.136,-0.0546,27.7,0.21
0.0,6.916,0.622,0.0301,4.4,0.034
0.2855,8.741,0.524,0.1129,11.1,0.162
0.3287,7.202,0.219,0.2129,9.9,0.055
0.0329,7.261,0.552,0.1091,9.1,0.078
0.0,6.179,0.567,0.0915,9.7,0.168
0.2091,7.349,0.131,0.0352,16.2,0.056
0.0,7.045,0.586,0.1204,21.3,0.177
0.0,6.713,0.509,0.02,2.0,0.176
0.0559,8.665,0.468,0.0722,8.9,0.11
0.0515,7.651,0.384,0.0379,23.0,0.02
0.086,8.584,0.666,-0.0446,10.0,0.214
0.3045,10.092,0.394,0.0564,17.1,0.074
0.1299,9.74,0.531,-0.0378,4.7,0.231
0.0,5.483,0.439,0.0227,14.9,0.055
0.0154,8.37,0.583,0.0802,16.2,0.219
0.0093,7.032,0.327,0.1151,15.7,0.202
0.0663,7.963,0.583,0.1039,10.3,0.182
0.1097,9.677,0.661,0.0259,8.8,0.112
0.159,8.677,0.445,0.0351,11.7,0.142
0.0799,7.956,0.243,0.0558,11.9,0.172
0.0,7.921,0.501,0.0806,8.2,0.08
0.0405,8.209,0.633,0.0286,7.6,0.187
0.0451,6.0,0.438,0.0435,6.2,0.069
0.2453,7.971,0.18,0.1833,3.1,0.04
0.1925,9.9,0.74,-0.0087,10.9,0.209
0.0441,7.033,0.393,0.1203,18.3,0.093
0.1153,8.192,0.497,-0.0499,20.7,0.067
0.0,9.959,0.479,0.0073,12.6,0.068
0.3436,11.14,0.327,0.1167,16.9,0.172
0.0,5.017,0.671,0.1184,4.4,0.074
0.0002,7.631,0.563,-0.0038,2.5,0.157
0.0,6.737,0.381,-0.0628,12.9,0.055
0.0,7.152,0.597,0.1373,17.6,0.128
0.3528,10.141,0.272,0.0254,9.2,0.103
0.0,8.227,0.701,0.0952,9.1,0.197
0.1451,8.076,0.348,0.1063,16.4,0.117
0.0,6.798,0.568,-0.0261,14.8,0.166
0.2884,10.085,0.149,0.1157,10.2,0.12
0.0,7.238,0.342,0.018,18.0,0.167
0.0,7.803,0.587,-0.0252,17.6,0.156
0.0,8.781,0.54,0.0966,15.8,0.129
0.0,7.629,0.725,-0.025,2.0,0.027
0.0,8.46,0.617,-0.0299,16.3,0.135
0.1084,7.911,0.191,0.032,11.0,0.13
0.125,7.872,0.404,0.18,19.3,0.227
0.0,6.291,0.293,0.0288,18.7,0.209
0.2149,7.81,0.441,0.059,8.7,0.139
0.2277,11.832,0.48,-0.0119,7.4,0.21
0.1246,7.556,0.229,0.2249,14.2,0.23
0.2042,7.444,0.436,0.131,12.1,0.102
0.0509,8.435,0.5,0.0611,7.7,0.183
0.1331,8.293,0.44,0.0612,23.0,0.103
0.0883,6.726,0.47,0.142,9.8,0.036
0.0888,7.209,0.242,-0.0291,4.5,0.02
0.0376,6.999,0.419,-0.0182,15.4,0.067
0.285,8.1,0.533,0.068,11.0,0.097
0.0,5.913,0.433,0.0414,5.0,0.111
0.1539,8.709,0.504,0.0795,4.3,0.276
0.0,7.567,0.821,0.0318,17.6,0.138
0.0,8.315,0.661,0.1172,10.1,0.163
0.0,7.967,0.488,0.0069,12.2,0.111
0.0,8.253,0.182,-0.0025,15.0,0.129
0.0,6.178,0.333,-0.0082,13.8,0.084
0.4188,9.427,0.245,0.0438,14.1,0.054
0.2555,8.585,0.371,0.1108,17.8,0.217
0.0812,6.613,0.47,-0.0005,10.7,0.149
0.0116,6.908,0.338,0.1241,13.8,0.179
0.0,4.671,0.522,0.0313,16.4,0.026
0.151,7.758,0.62,0.1153,19.6,0.078
0.0,7.784,0.538,0.0213,22.0,0.02
0.2145,8.792,0.376,0.1426,9.9,0.14
0.0,3.069,0.606,0.1056,31.3,0.02
0.0,3.803,0.35,0.059,7.5,0.154
0.0,9.596,0.526,0.0096,17.1,0.131
0.3069,9.516,0.262,0.1081,10.9,0.173
0.1018,8.419,0.527,0.0805,10.5,0.095
0.0837,5.888,0.438,-0.0304,7.4,0.05
0.0,7.915,0.597,0.0184,9.8,0.23
0.2251,10.957,0.448,0.0005,9.0,0.154
0.0758,8.451,0.54,0.0384,5.5,0.052
0.0,7.651,0.197,-0.0628,10.7,0.021
0.0,7.309,0.521,0.0177,7.7,0.032
0.0,5.723,0.587,0.0111,18.6,0.085
0.0528,8.542,0.323,0.0593,15.8,0.095
0.4432,11.837,0.595,0.1398,13.7,0.153
0.0423,7.12,0.675,0.0355,8.2,0.157
0.0,7.694,0.758,-0.0259,23.0,0.164
0.1423,9.042,0.643,0.0422,15.0,0.175
0.0,5.921,0.288,0.0015,4.7,0.082
0.1684,9.14,0.229,-0.0429,8.2,0.095
0.1261,8.209,0.207,0.038,9.7,0.147
0.0,6.275,0.598,-0.0903,3.9,0.172
0.0,8.256,0.236,-0.0123,2.0,0.071
0.387,10.881,0.115,0.0997,10.2,0.164
0.1552,7.442,0.276,0.0667,13.0,0.107
0.0,5.939,0.458,0.0326,12.4,0.078
0.2211,9.337,0.143,0.0324,12.5,0.195
0.0327,6.778,0.714,0.0565,12.7,0.13
0.0407,9.797,0.503,0.0367,13.9,0.081
0.0469,7.711,0.672,0.0618,18.3,0.063
0.1474,10.133,0.698,-0.0448,12.3,0.141
0.0,7.963,0.383,0.0043,8.5,0.069
0.0,7.058,0.509,-0.0186,24.1,0.2
0.2939,8.609,0.494,0.1501,19.8,0.109
0.2036,7.848,0.324,0.1269,18.7,0.045
0.0,6.443,0.722,0.0895,13.7,0.165
0.0,7.983,0.7,0.0195,20.7,0.117
0.0494,6.336,0.394,0.0449,19.1,0.047
0.023,5.775,0.304,0.0145,7.1,0.055
0.2749,8.418,0.184,0.0426,2.0,0.134
0.0,8.263,0.518,-0.0141,12.5,0.168
0.1357,10.515,0.375,0.053,18.6,0.155
0.0,6.579,0.128,-0.0208,19.3,0.153
0.0,8.192,0.677,-0.0201,10.9,0.11
0.0,6.687,0.678,-0.0592,13.2,0.11
0.0,9.48,0.57,-0.0497,12.3,0.128
0.0,9.383,0.706,0.0408,15.1,0.201
0.2761,8.682,0.41,0.0882,8.4,0.141
0.382,11.139,0.13,0.0297,7.8,0.18
0.3932,10.272,0.495,0.0141,6.3,0.129
0.0346,7.433,0.262,0.0512,6.4,0.151
0.3087,9.161,0.329,0.0794,19.5,0.088
0.194,7.709,0.136,0.0845,19.3,0.094
0.104,8.316,0.296,0.0838,10.9,0.13
0.0,6.608,0.478,0.0207,15.0,0.144
0.0554,8.14,0.386,0.0515,15.1,0.266
0.3293,10.726,0.436,0.0968,3.4,0.194
0.0,7.094,0.461,0.0823,15.2,0.13
0.0,5.753,0.668,-0.0121,15.5,0.232
0.0,7.593,0.578,0.0156,11.3,0.169
0.0,8.078,0.697,0.0948,3.3,0.181
0.1437,8.343,0.05,0.0059,3.7,0.196
0.0177,7.192,0.208,0.0195,18.1,0.291
0.1038,7.427,0.739,0.0702,2.8,0.16
0.2535,10.824,0.272,0.0954,13.8,0.069
0.0,9.11,0.235,0.0038,5.6,0.076
0.3258,8.243,0.231,0.1417,2.0,0.085
0.0162,7.61,0.393,-0.0408,15.8,0.196
0.0,5.428,0.63,-0.0029,8.2,0.164
0.5468,11.184,0.07,0.1566,18.1,0.145
0.0,7.214,0.652,0.0362,11.3,0.097
0.2162,7.506,0.253,0.0959,28.5,0.039
0.289,10.817,0.698,0.0716,16.6,0.099
0.1825,9.364,0.119,0.0606,13.9,0.069
0.3151,8.96,0.579,0.1638,31.7,0.137
0.0,5.88,0.678,0.1565,11.9,0.114
0.0693,8.732,0.481,0.0192,18.7,0.049
0.1411,7.13,0.68,0.0654,5.3,0.198
0.1902,11.457,0.799,-0.0011,2.0,0.113
0.236,8.392,0.428,0.1607,8.9,0.089
0.0353,9.452,0.367,0.0345,17.1,0.175
0.3557,8.28,0.336,-0.0083,3.2,0.188
0.2,10.244,0.588,0.076,13.5,0.174
0.1782,8.583,0.391,0.1379,19.3,0.087
0.0611,6.299,0.235,0.0321,9.9,0.075
0.0,4.792,0.642,-0.0556,3.7,0.197
0.133,8.423,0.212,0.1047,10.4,0.095
0.0,6.907,0.357,0.03,15.6,0.117
0.1809,11.267,0.563,-0.0159,9.7,0.225
0.1245,9.829,0.823,0.0138,2.0,0.114
0.0,8.455,0.445,0.0182,18.1,0.16
0.4142,9.879,0.21,-0.06,9.8,0.113
0.0569,7.215,0.571,0.0413,16.0,0.158
0.0,4.012,0.461,0.0295,9.2,0.099
0.1698,7.215,0.38,0.0404,16.5,0.123
0.3066,8.687,0.415,0.1644,2.0,0.02
0.1417,5.364,0.362,0.1434,4.0,0.231
0.0238,8.031,0.672,0.0819,5.6,0.186
0.1765,9.238,0.412,0.1168,9.5,0.032
0.0,6.392,0.603,-0.0141,14.6,0.071
0.0752,8.422,0.283,0.0038,14.9,0.135
0.2003,9.241,0.575,0.0747,9.3,0.02
0.226,7.892,0.616,0.0947,13.4,0.02
0.4129,11.421,0.607,0.0444,16.8,0.151
0.0,6.778,0.398,-0.0274,16.5,0.153
0.0,8.632,0.58,-0.0137,11.4,0.08
0.0808,7.983,0.559,0.1138,9.9,0.152
0.2703,8.725,0.247,0.0689,5.2,0.197
0.1253,7.638,0.609,0.0273,3.9,0.151
0.153,9.468,0.394,0.0219,25.4,0.031
0.0,9.321,0.175,0.0106,22.2,0.21
0.0,6.042,0.05,0.1144,18.9,0.136
0.0,6.89,0.252,0.1036,23.9,0.085
0.0,6.59,0.573,-0.0682,7.5,0.101
0.1717,8.53,0.353,0.0473,19.3,0.174
0.112,8.719,0.429,0.0749,16.0,0.14
0.2194,9.824,0.41,0.0029,2.0,0.097
0.0097,9.744,0.623,-0.0319,15.4,0.147
0.2009,9.078,0.17,0.0635,16.6,0.109
0.1311,8.65,0.366,0.0951,4.0,0.148
0.162,8.846,0.656,0.0263,8.9,0.116
0.3427,10.146,0.369,0.0703,12.4,0.025
0.0,6.243,0.227,0.0775,17.3,0.132
0.0,7.347,0.205,0.0225,19.5,0.178
0.0,6.068,0.264,0.0573,11.8,0.213
0.4241,12.805,0.335,-0.0139,4.5,0.174
0.2308,8.835,0.34,0.0902,2.0,0.11
0.141,7.375,0.319,0.1008,11.7,0.134
0.0,5.443,0.208,-0.0006,8.6,0.16
0.0,6.412,0.453,0.0989,12.6,0.079
0.0,7.504,0.579,-0.0263,16.6,0.065
0.3665,10.322,0.313,0.1082,12.3,0.103
0.4612,10.471,0.434,0.042,5.7,0.127
0.2139,10.107,0.118,0.0493,15.8,0.064
0.246,7.979,0.676,0.0075,9.9,0.152
0.0321,6.701,0.05,0.0631,16.1,0.262
0.0212,10.883,0.306,0.0223,18.7,0.05
0.1968,9.185,0.393,0.015,14.8,0.136
0.0334,8.192,0.628,0.106,17.5,0.174
0.144,7.707,0.307,0.1529,14.0,0.062
0.3579,9.564,0.766,0.1252,9.5,0.087
0.181,7.003,0.491,0.0342,6.7,0.13
0.107,7.144,0.36,0.1483,9.1,0.083
0.0179,7.619,0.496,0.0099,16.5,0.192
0.0,10.472,0.421,-0.15,19.0,0.03
0.0,8.261,0.414,-0.0238,14.5,0.091
0.1254,9.34,0.507,0.1337,11.5,0.104
0.1983,10.704,0.339,0.0511,2.4,0.061
0.1285,7.38,0.321,-0.0592,13.4,0.134
0.228,6.848,0.448,0.0938,3.8,0.02
0.0024,5.828,0.892,0.1747,14.4,0.143
0.0316,5.963,0.518,0.1385,16.3,0.111
0.0965,9.735,0.506,-0.028,16.0,0.17
0.0,8.924,0.506,0.0377,6.7,0.184
0.0178,10.619,0.82,0.1188,19.5,0.229
0.0,7.296,0.556,-0.0008,6.5,0.192
0.0,5.9,0.428,0.0772,10.9,0.119
0.039,6.692,0.316,0.0937,14.7,0.19
0.1375,9.467,0.742,-0.0313,8.8,0.219
0.0218,7.169,0.447,0.1365,15.6,0.172
0.0,7.011,0.574,0.0055,11.5,0.154
0.0287,6.561,0.299,0.1039,7.8,0.16
0.0695,8.728,0.383,0.0247,18.9,0.067
0.0668,9.385,0.724,0.1249,7.2,0.189
0.1299,8.171,0.512,0.1018,12.4,0.171
0.0,6.194,0.61,0.1459,13.9,0.185
0.0,6.519,0.179,0.0628,16.8,0.213
0.1707,10.068,0.628,0.1251,12.0,0.027
0.0,8.659,0.331,-0.0413,6.1,0.23
0.0,7.563,0.384,0.0226,3.0,0.02
0.0,6.265,0.384,-0.0683,17.9,0.215
0.0492,8.455,0.52,0.0264,8.5,0.075
0.5784,10.665,0.358,0.2129,2.0,0.066
0.0,7.051,0.215,0.0243,8.1,0.13
0.0,7.672,0.633,0.0959,10.0,0.098
0.3135,8.207,0.364,0.0846,8.9,0.097
0.0,6.278,0.174,0.1533,17.6,0.161
0.0877,10.028,0.947,0.0051,35.0,0.134
0.3535,9.898,0.375,0.0059,5.0,0.145
0.0,4.707,0.086,0.0825,13.8,0.111
0.3053,8.94,0.349,0.0568,16.9,0.02
0.0,4.721,0.477,0.0312,2.1,0.136
0.1327,8.582,0.477,0.0157,9.3,0.11
0.1752,9.98,0.365,0.0471,8.2,0.09
0.0,8.87,0.653,0.0142,18.6,0.06
0.0,7.761,0.682,-0.0258,13.3,0.098
0.3771,10.226,0.162,0.0777,11.2,0.203
0.0,7.866,0.511,0.0527,11.9,0.192
0.0,6.218,0.43,0.1192,14.7,0.172
0.2948,8.219,0.494,0.1792,6.0,0.02
0.0001,7.128,0.55,0.0161,15.1,0.126
0.1968,7.554,0.263,0.1599,15.0,0.161
0.7988,13.564,0.328,0.0892,9.7,0.177
0.1365,8.08,0.61,0.0985,8.4,0.105
0.0,5.56,0.454,0.1226,5.4,0.177
0.0,8.52,0.299,0.0374,11.5,0.198
0.0,6.443,0.87,-0.0247,11.7,0.169
0.2168,11.315,0.326,-0.0302,11.2,0.064
0.0,5.597,0.223,0.0738,22.8,0.131
0.1374,8.827,0.489,0.0112,12.3,0.066
0.0918,9.177,0.119,-0.0822,3.2,0.081
0.468,9.014,0.174,0.0633,19.5,0.051
0.165,8.288,0.673,0.0399,19.6,0.047
0.0171,5.729,0.459,0.0571,11.5,0.132
0.1674,8.468,0.337,0.1106,12.9,0.125
0.1242,8.38,0.733,0.0443,11.6,0.06
0.2494,10.797,0.538,0.028,13.2,0.146
0.0291,10.212,0.695,0.0224,19.1,0.156
0.1539,8.86,0.362,0.074,13.6,0.118
0.0198,9.915,0.31,0.0103,14.7,0.212
0.0,5.767,0.389,0.0836,10.5,0.181
0.1125,7.475,0.273,0.1079,7.9,0.16
0.2297,10.359,0.236,0.0516,19.2,0.125
0.1755,10.422,0.431,-0.0994,11.8,0.094
0.3537,9.645,0.414,0.0885,7.6,0.111
0.037,7.427,0.249,0.0403,8.9,0.136
0.0357,8.088,0.335,0.0783,18.3,0.02
0.0,7.401,0.565,0.0912,15.6,0.237
0.0,4.986,0.451,0.19,10.6,0.165
0.0429,8.491,0.582,0.0488,19.1,0.099
0.1207,8.511,0.289,0.0496,3.9,0.108
0.1631,8.589,0.233,-0.0409,20.0,0.098
0.0,7.704,0.557,0.0089,12.1,0.219
0.0636,7.524,0.35,0.1033,19.2,0.082
0.116,6.927,0.312,0.1398,10.8,0.116
0.112,7.152,0.466,0.0518,2.0,0.081
0.0,7.214,0.587,0.1354,10.8,0.08
0.0657,6.333,0.288,0.1029,3.2,0.23
0.0894,9.501,0.619,-0.058,17.8,0.079
0.1308,10.356,0.755,0.0861,14.6,0.185
0.3446,9.655,0.464,0.0504,13.2,0.079
0.0395,8.237,0.734,0.02,7.7,0.02
0.0,6.118,0.148,0.0779,10.6,0.142
0.0395,7.422,0.303,0.0278,16.6,0.188
0.1126,8.096,0.441,-0.028,6.5,0.112
0.007,7.639,0.475,-0.0534,10.0,0.136
0.0,7.848,0.373,0.0549,20.1,0.097
0.0,7.422,0.852,0.0329,9.0,0.145
0.0,8.733,0.62,0.0456,13.8,0.08
0.3159,9.221,0.181,0.2016,11.6,0.184
0.0,7.276,0.684,-0.0601,17.9,0.273
0.2166,11.185,0.579,0.0573,18.2,0.02
0.3403,9.645,0.549,0.1013,10.5,0.097
0.1345,9.167,0.367,0.0143,7.8,0.211
0.3604,9.29,0.168,0.0214,20.3,0.08
0.0701,6.688,0.73,0.0626,13.4,0.105
0.1523,8.955,0.389,-0.0511,12.0,0.098
0.0,7.965,0.81,0.0945,11.0,0.19
0.0,7.781,0.791,0.0925,11.2,0.149
0.0,8.92,0.652,0.0778,11.9,0.064
0.0,8.16,0.394,0.0388,20.8,0.214
0.0247,10.53,0.846,0.0707,8.4,0.158
0.4296,10.675,0.583,0.0643,10.5,0.118
0.3588,10.439,0.19,0.0915,21.5,0.221
0.0529,7.621,0.544,0.0465,18.6,0.103
0.1675,10.185,0.676,0.0622,5.4,0.181
0.0213,8.326,0.297,0.0484,17.0,0.048
0.1535,9.409,0.519,0.0298,15.3,0.129
0.1282,7.66,0.266,-0.0317,21.1,0.228
0.0648,10.896,0.623,0.0115,25.0,0.268
0.1851,9.713,0.3,0.1276,21.9,0.152
0.0309,7.445,0.352,0.025,8.3,0.02
0.2202,10.086,0.552,0.1157,15.0,0.239
0.1296,7.511,0.363,0.0412,4.3,0.146
0.0,7.518,0.495,0.0968,14.5,0.032
0.0432,9.407,0.4,-0.0141,16.4,0.138
0.0,6.641,0.658,0.0239,13.9,0.185
0.0,7.24,0.614,0.1017,13.4,0.133
0.0858,8.253,0.194,0.0156,13.7,0.156
0.177,8.164,0.348,0.0332,19.5,0.025
0.2519,10.911,0.219,0.0412,2.2,0.181
0.2131,8.174,0.243,0.073,21.5,0.056
0.153,9.952,0.388,-0.0212,17.7,0.162
0.0,6.729,0.449,-0.0758,11.8,0.166
0.0,7.788,0.642,0.0793,20.9,0.218
0.4404,10.049,0.284,0.1603,19.6,0.02
0.0,6.028,0.536,0.0313,5.9,0.113
0.1173,8.981,0.498,0.0547,2.0,0.04
0.0,7.09,0.326,0.0505,8.6,0.108
0.0,6.203,0.47,-0.0309,13.6,0.082
0.0,6.016,0.483,-0.0737,13.1,0.191
0.059,8.501,0.371,-0.0017,13.9,0.056
0.0,5.684,0.391,0.0699,10.9,0.075
0.1137,7.573,0.442,0.1206,23.2,0.087
0.1232,10.356,0.545,-0.0038,21.8,0.231
0.1701,9.676,0.625,0.006,11.3,0.02
0.2374,8.603,0.694,0.0878,9.5,0.106
0.0774,7.902,0.202,0.1505,9.5,0.085
0.0837,8.119,0.386,-0.0647,13.1,0.02
0.0,9.642,0.616,-0.0426,13.9,0.111
0.0,6.879,0.542,0.0895,15.9,0.187
0.1143,11.376,0.446,0.098,16.0,0.141
0.0,8.845,0.795,0.0186,14.6,0.191
0.0,7.504,0.365,-0.0265,2.0,0.225
0.0,6.778,0.877,0.0476,14.8,0.151
0.2315,9.593,0.814,0.0547,2.0,0.194
0.0408,8.386,0.531,0.1404,15.4,0.168
0.3112,7.501,0.535,0.2068,10.3,0.184
0.0,5.716,0.509,0.074,12.5,0.098
0.4136,10.692,0.323,0.0529,11.6,0.03
0.0953,10.127,0.548,-0.0502,16.2,0.152
0.1164,8.793,0.202,0.0227,7.5,0.157
0.0,6.356,0.153,0.0341,8.3,0.104
0.2093,9.037,0.27,0.0249,6.5,0.059
0.2479,9.264,0.831,0.0956,10.6,0.088
0.0,7.582,0.769,-0.0543,2.0,0.02
0.084,9.081,0.517,0.1064,14.1,0.125
0.0698,8.82,0.416,0.0661,14.7,0.146
0.1568,9.464,0.716,0.0225,4.4,0.224
0.2624,9.355,0.732,0.0304,2.0,0.088
0.125,5.839,0.35,0.0558,8.4,0.121
0.0,7.199,0.442,0.0808,2.0,0.084
0.0,6.398,0.263,0.073,20.6,0.1
0.0,9.444,0.697,0.06,22.1,0.12
0.0,6.542,0.671,-0.0103,14.4,0.103
0.064,6.955,0.305,0.0316,8.5,0.155
0.0,7.852,0.253,0.0467,24.2,0.145
0.0,6.818,0.929,0.0248,15.7,0.142
0.0,7.293,0.533,0.0048,7.7,0.163
0.1996,10.684,0.198,0.0253,21.4,0.113
0.0,6.866,0.33,0.0283,7.4,0.02
0.1391,8.668,0.217,0.1119,5.5,0.159
0.0,7.724,0.613,0.0245,18.8,0.087
0.3521,10.817,0.064,-0.0422,8.5,0.107
0.216,10.472,0.238,0.0029,17.4,0.124
0.3202,9.854,0.704,0.0306,14.9,0.142
0.0,6.757,0.405,0.2106,11.4,0.138
0.2466,7.568,0.252,0.0735,21.8,0.173
0.1775,7.477,0.059,0.0707,3.4,0.02
0.0,5.627,0.342,-0.15,13.4,0.19
0.2404,9.39,0.485,-0.0277,2.0,0.241
0.3164,8.448,0.718,0.1794,2.0,0.133
0.2825,9.343,0.429,0.0871,13.1,0.109
0.0412,8.965,0.237,0.1103,6.5,0.222
0.0,7.489,0.517,0.0355,11.3,0.146
0.0,6.135,0.438,0.0244,20.2,0.215
0.2542,7.491,0.204,0.1253,20.8,0.143
0.1204,8.104,0.534,0.0414,11.9,0.083
0.0,6.521,0.718,0.0446,11.8,0.11
0.0,6.557,0.471,0.0372,10.6,0.202
0.2697,11.125,0.362,0.111,20.6,0.222
0.202,10.432,0.107,-0.0673,23.0,0.214
0.2347,8.307,0.313,0.212,13.9,0.144
0.2744,11.786,0.62,0.0187,21.2,0.162
0.4593,9.724,0.18,0.1822,10.2,0.047
0.2142,7.682,0.516,0.1274,7.6,0.169
0.0,7.831,0.25,0.014,5.1,0.128
0.0,8.302,0.216,0.0069,18.9,0.143
0.1467,8.115,0.092,0.0776,13.3,0.092
0.3139,11.063,0.514,0.0233,10.7,0.026
0.0324,7.818,0.636,0.1476,15.3,0.126
0.2008,8.294,0.343,0.1455,2.0,0.056
0.0,6.657,0.298,-0.02,11.5,0.169
0.0894,9.143,0.283,-0.0554,16.3,0.185
0.0686,8.499,0.425,0.0463,15.9,0.138
0.0944,9.686,0.592,-0.0157,12.2,0.099
0.0,5.641,0.516,0.094,23.3,0.2
0.0992,6.524,0.606,-0.0321,11.0,0.108
0.0061,7.614,0.449,0.1196,15.2,0.1
0.0,6.126,0.458,0.0629,13.4,0.108
0.0,4.919,0.213,-0.1163,10.5,0.158
0.0,6.337,0.33,-0.0173,15.1,0.134
0.1289,9.823,0.605,0.0292,14.0,0.124
0.3212,8.261,0.248,0.1406,15.1,0.099
0.4536,10.724,0.438,0.1649,2.0,0.208
0.0,6.241,0.369,0.1397,11.2,0.085
0.2192,9.414,0.887,0.082,6.8,0.219
0.183,8.391,0.329,0.042,12.7,0.04
0.2296,7.621,0.477,0.0941,10.9,0.074
0.0,5.959,0.448,0.055,6.7,0.168
0.1385,7.438,0.48,0.0957,2.0,0.171
0.0,8.65,0.434,-0.0279,12.9,0.214
0.0767,9.021,0.451,-0.0536,9.6,0.25
0.3589,10.26,0.592,0.0145,2.0,0.124
0.0,6.888,0.487,0.1369,16.2,0.205
0.1768,9.153,0.66,0.0998,5.3,0.162
0.164,9.229,0.512,-0.047,20.3,0.082
0.254,8.554,0.114,-0.0222,12.5,0.074
0.0,6.955,0.617,-0.0351,6.0,0.082
0.0003,8.848,0.472,-0.08,8.8,0.155
0.2634,8.552,0.45,0.0579,2.3,0.069
0.0562,7.062,0.361,0.1195,12.8,0.21
0.0855,6.342,0.508,0.0879,14.3,0.227
0.08,8.797,0.247,0.045,8.6,0.115
0.0,7.691,0.683,0.1051,10.4,0.02
0.4121,9.655,0.204,0.0955,10.8,0.028
0.0291,7.82,0.685,0.052,16.1,0.108
0.0578,6.798,0.524,0.0695,4.4,0.077
0.0774,7.159,0.566,0.1341,8.9,0.239
0.1199,10.082,0.403,0.0177,13.6,0.09
0.0,6.948,0.328,0.0155,27.5,0.133
0.0,5.363,0.498,0.1341,17.6,0.175
0.0603,7.3,0.613,0.0669,11.0,0.158
0.0107,8.127,0.288,0.1138,18.1,0.083
0.1012,8.804,0.608,0.0496,13.0,0.089
0.1081,9.074,0.371,0.0345,9.5,0.089
0.1063,6.984,0.329,0.1169,2.6,0.157
0.0856,8.359,0.408,0.0224,22.8,0.217
0.232,10.055,0.673,0.0849,16.4,0.151
0.237,8.987,0.372,0.1295,12.0,0.112
0.0,6.279,0.453,0.114,14.2,0.153
0.0,4.967,0.466,-0.0122,3.7,0.149
0.0,7.124,0.51,0.089,15.8,0.099
0.0,6.655,0.582,0.0157,7.3,0.206
0.1574,9.99,0.565,0.0729,15.7,0.115
0.1116,9.434,0.711,0.0697,10.0,0.024
0.1941,7.889,0.494,0.0439,8.2,0.168
0.0,5.303,0.572,0.032,18.5,0.103
0.0,7.132,0.426,-0.0107,14.3,0.182
0.2365,7.826,0.247,0.0909,2.0,0.129
0.0118,8.542,0.528,0.0885,11.4,0.208
0.2015,10.152,0.527,0.0113,14.4,0.183
0.0,7.333,0.51,-0.0631,19.8,0.155
0.1488,7.686,0.328,0.0133,5.3,0.164
0.0,7.48,0.335,0.0716,14.7,0.101
0.2189,10.156,0.464,-0.0032,11.0,0.07
0.2957,8.549,0.346,0.099,9.3,0.137
0.1023,7.929,0.752,-0.0615,17.4,0.074
0.0,6.931,0.555,0.0042,14.4,0.076
0.0616,7.47,0.282,0.0189,11.3,0.159
0.3793,9.718,0.338,0.0273,10.2,0.066
0.2333,9.793,0.232,0.0463,27.4,0.123
0.2812,8.742,0.415,-0.0457,10.1,0.126
0.1827,9.428,0.754,-0.0046,7.1,0.186
0.0,4.964,0.651,0.1276,17.8,0.02
0.3242,9.236,0.343,0.031,6.7,0.092
0.0445,8.131,0.412,0.1391,11.7,0.159
0.0951,6.802,0.499,0.0046,23.8,0.02
0.0776,7.58,0.415,0.041,12.6,0.171
0.3699,9.706,0.15,0.0675,2.3,0.195
0.0,8.474,0.327,0.1028,27.0,0.17
0.0,8.638,0.692,-0.0234,14.1,0.202
0.4505,10.066,0.21,0.0945,15.9,0.12
0.0,7.491,0.491,0.0425,7.4,0.11
0.0,7.507,0.191,-0.0841,5.6,0.129
0.0,6.352,0.512,0.0455,6.2,0.053
0.0,2.691,0.43,0.096,8.2,0.083
0.2693,10.587,0.63,0.0573,8.3,0.099
0.3921,8.399,0.347,0.0705,10.9,0.14
0.0,8.499,0.77,0.0262,14.8,0.024
0.2502,8.646,0.587,-0.0238,2.0,0.052
0.1858,8.274,0.759,0.0776,21.3,0.076
0.0105,9.322,0.471,0.0704,16.6,0.12
0.2316,9.141,0.475,0.0589,10.5,0.115
0.185,8.269,0.387,0.061,10.7,0.094
0.1898,8.296,0.1,0.1001,8.2,0.166
0.1879,7.995,0.483,0.0135,10.6,0.071
0.0379,7.58,0.273,0.0353,14.2,0.152
0.0235,7.575,0.428,0.0331,20.1,0.09
0.1972,7.084,0.08,0.0674,2.0,0.154
0.158,7.777,0.179,0.1099,17.8,0.214
0.3111,10.723,0.591,0.0671,9.9,0.172
0.2825,8.691,0.39,0.0558,12.9,0.104
0.0,7.685,0.273,0.0475,19.8,0.055
0.3345,9.489,0.505,0.0985,9.4,0.115
0.2722,9.085,0.407,0.0248,16.3,0.151
0.2951,8.353,0.583,0.0474,7.0,0.12
0.1768,8.566,0.572,0.0524,2.0,0.16
0.2544,11.315,0.687,-0.0164,4.9,0.094
0.2382,12.033,0.47,-0.0436,2.5,0.145
0.1352,8.505,0.656,0.1657,17.8,0.101
0.0449,8.043,0.566,0.0083,8.1,0.094
0.0587,9.219,0.676,-0.0335,5.6,0.113
0.0,6.883,0.456,0.056,17.4,0.16
0.0,8.724,0.545,-0.0262,14.2,0.02
0.2877,10.497,0.084,0.0644,20.0,0.073
0.2551,10.764,0.504,0.0396,14.9,0.132
0.1435,7.68,0.262,0.1272,22.3,0.1
0.4358,9.995,0.43,0.1667,5.2,0.11
0.0,8.353,0.79,0.0046,12.7,0.209
0.1137,8.007,0.05,0.0129,8.8,0.122
0.0,5.309,0.447,0.0085,10.2,0.211
0.0,7.791,0.497,0.0384,15.2,0.167
0.1188,8.585,0.204,0.1087,19.9,0.173
0.0846,7.507,0.563,0.0373,11.8,0.164
0.0058,8.152,0.755,0.0754,10.1,0.075
0.3915,10.511,0.177,0.0364,4.3,0.127
0.368,10.862,0.504,0.0591,2.1,0.212
0.0,6.881,0.475,0.022,11.8,0.143
0.0,7.003,0.66,0.1869,24.4,0.135
0.0,6.839,0.537,0.0256,11.9,0.146
0.1021,7.758,0.274,0.1097,18.2,0.143
0.0,6.796,0.338,0.0234,11.7,0.02
0.0303,5.704,0.618,0.1203,10.5,0.207
0.0,4.363,0.54,-0.0889,8.6,0.104
0.05,6.625,0.05,0.0706,14.7,0.103
0.2262,9.195,0.226,0.1677,8.7,0.133
0.215,9.861,0.638,0.0099,6.7,0.077
0.335,11.715,0.351,0.0895,16.3,0.095
0.2108,8.405,0.31,-0.0602,9.4,0.151
0.0,8.02,0.325,-0.0151,16.8,0.132
0.28,8.927,0.342,0.0897,7.8,0.089
0.0,6.214,0.435,0.0052,10.2,0.076
0.0164,8.98,0.615,0.0014,8.8,0.128
0.3954,9.675,0.271,0.0673,12.9,0.062
0.0,8.236,0.613,0.0695,13.8,0.02
0.0422,8.085,0.495,0.0034,13.6,0.02
0.1641,9.345,0.537,0.0962,5.4,0.174
0.135,8.416,0.147,0.0425,18.3,0.138
0.0712,7.616,0.444,0.0759,4.4,0.182
0.2363,9.173,0.324,-0.0075,3.0,0.136
0.1548,9.773,0.28,0.0887,23.1,0.094
0.0279,8.109,0.458,0.1042,17.1,0.118
0.0717,7.932,0.449,-0.0161,18.5,0.048
0.0564,7.232,0.333,0.0505,5.0,0.08
0.0,7.622,0.343,-0.0019,2.0,0.087
0.1305,8.879,0.347,0.115,19.5,0.11
0.0,6.091,0.656,0.0473,22.4,0.042
0.0,8.003,0.564,0.0249,7.8,0.082
0.0949,7.013,0.363,0.1567,9.8,0.067
0.0,8.395,0.839,0.0039,16.5,0.139
0.0844,10.756,0.524,0.0666,4.8,0.181
0.0,8.685,0.59,0.0681,15.5,0.11
0.1264,9.552,0.448,-0.0312,3.0,0.081
0.1329,7.906,0.369,0.0978,13.9,0.107
0.0,5.87,0.065,-0.0085,16.6,0.121
0.0875,8.955,0.533,-0.0083,10.8,0.14
0.0,6.311,0.594,0.1017,8.1,0.066
0.3524,9.609,0.39,0.072,6.4,0.115
0.0206,6.825,0.599,0.0328,16.2,0.097
0.1534,6.481,0.208,0.0302,18.3,0.106
0.0687,8.108,0.617,-0.0086,12.1,0.068
0.0647,7.055,0.242,-0.0042,2.0,0.076
0.2389,8.353,0.331,0.0603,5.3,0.172
0.0521,9.196,0.825,0.0972,9.9,0.126
0.1663,10.114,0.484,0.0557,15.0,0.167
0.0722,7.725,0.322,0.0454,13.4,0.102
0.0696,7.411,0.6,0.0663,15.8,0.02
0.3972,8.759,0.519,0.07,14.0,0.02
0.0077,6.904,0.54,0.0355,17.9,0.113
0.0739,8.357,0.601,-0.0136,14.8,0.153
0.1947,8.047,0.444,0.1524,4.0,0.13
0.1441,9.211,0.334,-0.0504,15.8,0.06
0.2665,9.611,0.361,0.001,17.9,0.265
0.0,7.137,0.205,0.0823,28.5,0.02
0.031,7.454,0.481,-0.0242,11.0,0.069
0.1885,7.839,0.061,0.105,12.1,0.082
0.2056,11.172,0.546,0.1242,10.7,0.171
0.1408,7.191,0.42,0.141,16.9,0.051
0.1257,9.505,0.609,0.0936,2.7,0.19
0.164,8.96,0.766,-0.009,14.1,0.052
0.1246,10.379,0.462,-0.0355,27.0,0.173
0.1821,10.585,0.473,-0.0246,3.4,0.192
0.3093,8.612,0.165,0.0674,8.5,0.157
0.2324,8.072,0.219,0.0202,18.4,0.02
0.3478,10.819,0.466,0.0133,5.0,0.13
0.0,6.588,0.822,0.1753,20.1,0.174
0.0574,9.776,0.461,0.0592,12.8,0.105
0.091,7.963,0.576,0.0081,17.2,0.133
0.2467,9.573,0.349,-0.0357,18.2,0.045
0.2153,7.867,0.765,0.0562,5.4,0.196
0.0,7.058,0.459,0.0217,20.0,0.027
0.385,11.389,0.46,0.0941,15.3,0.198
0.0053,7.13,0.51,0.0142,13.9,0.02
0.3089,11.011,0.696,0.1776,23.8,0.209
0.1596,8.001,0.441,0.0304,15.2,0.195
0.0868,9.462,0.43,0.0423,19.2,0.191
0.293,9.761,0.264,-0.0083,10.3,0.149
0.0519,8.003,0.244,0.141,13.0,0.125
0.0637,8.87,0.429,-0.043,9.1,0.071
0.0332,7.084,0.686,0.0877,18.9,0.068
0.1029,9.595,0.497,0.2144,13.3,0.138
0.0913,8.55,0.471,0.0277,10.5,0.164
0.0,6.918,0.573,-0.0393,12.6,0.09
0.234,7.903,0.498,0.0809,12.0,0.145
0.3773,9.911,0.563,0.1079,13.5,0.19
0.0,4.527,0.525,0.0066,11.8,0.172
0.0873,9.593,0.645,0.0919,8.5,0.189
0.0,6.285,0.426,0.047,5.9,0.168
0.1419,8.801,0.298,0.0004,15.1,0.109
0.0845,7.732,0.448,0.1133,22.8,0.111
0.0557,9.292,0.524,-0.0094,13.6,0.139
0.0,7.988,0.459,0.0556,19.9,0.225
0.1666,8.871,0.19,0.0389,15.2,0.073
0.1503,8.386,0.585,0.052,12.8,0.061
0.0,6.135,0.317,0.0998,5.3,0.166
0.0,7.249,0.686,0.0125,11.2,0.153
0.1821,8.974,0.336,0.1523,14.0,0.156
0.1152,6.558,0.556,0.1093,14.9,0.191
0.0,5.829,0.927,0.0976,14.8,0.182
0.1853,10.294,0.22,-0.0576,11.6,0.09
0.1006,9.274,0.468,0.0291,3.4,0.189
0.1763,8.512,0.41,-0.0042,15.2,0.21
0.2252,9.599,0.629,0.1559,10.3,0.181
0.2975,8.445,0.588,0.2044,9.9,0.159
0.0,7.438,0.699,0.1465,20.1,0.103
0.0,6.27,0.696,0.0737,17.5,0.105
0.1141,7.507,0.761,0.1016,5.1,0.116
0.3042,7.642,0.544,0.1345,10.3,0.11
0.0839,7.684,0.499,0.0835,10.1,0.123
0.1342,9.643,0.553,-0.038,17.1,0.14
0.0728,8.421,0.375,0.0788,8.9,0.246
0.2094,8.406,0.566,0.0848,18.4,0.063
0.0,8.929,0.708,0.0475,5.3,0.149
0.2134,9.162,0.665,0.1055,3.0,0.086
0.201,9.469,0.168,0.0838,15.2,0.2
0.0105,8.445,0.566,0.1207,12.6,0.02
0.1723,8.662,0.263,-0.0116,12.7,0.131
0.3186,10.104,0.227,0.1144,6.6,0.098
0.0551,8.083,0.425,-0.0039,10.0,0.069
0.1043,9.169,0.591,0.0694,5.2,0.245
0.0,7.436,0.405,-0.0005,19.8,0.21
0.1925,10.057,0.068,0.0426,17.5,0.167
0.0,7.288,0.241,-0.0693,4.0,0.105
0.2698,10.877,0.43,0.0397,22.8,0.043
0.0672,7.266,0.611,0.0113,14.3,0.07
0.0,6.683,0.613,0.0672,18.1,0.101
0.1842,10.236,0.546,0.0577,8.5,0.041
0.0,8.691,0.686,0.046,11.3,0.096
0.1235,10.091,0.845,-0.0115,14.3,0.034
0.2369,8.354,0.654,0.0762,16.6,0.101
0.0957,5.954,0.489,-0.0054,2.0,0.124
0.1911,10.001,0.788,0.0566,16.0,0.187
0.1681,10.337,0.296,-0.0014,11.5,0.031
0.4607,9.041,0.133,0.1053,12.4,0.105
0.1672,8.781,0.635,-0.0315,16.6,0.127
0.0518,7.117,0.596,0.154,2.8,0.04
0.0543,6.565,0.433,0.0859,11.9,0.197
0.0605,6.862,0.05,0.0446,12.0,0.098
0.0,6.262,0.521,0.0859,22.4,0.082
0.2559,9.449,0.165,0.0394,6.6,0.129
0.2419,8.549,0.209,0.0574,12.4,0.082
0.0193,8.95,0.393,0.01,14.8,0.097
0.0,7.699,0.729,0.0326,15.6,0.02
0.0,8.256,0.481,-0.0347,18.9,0.098
0.0,7.441,0.739,0.1368,12.6,0.257
0.3662,11.027,0.489,0.0589,22.0,0.147
0.1134,7.778,0.259,0.0824,11.0,0.15
0.0823,6.986,0.259,0.1157,4.8,0.081
0.4115,9.567,0.646,-0.0136,2.0,0.059
0.1343,7.475,0.55,0.0637,2.6,0.082
0.0101,6.679,0.527,-0.0423,14.3,0.06
0.1818,9.293,0.372,0.0855,17.2,0.04
0.0,6.954,0.279,0.0368,24.9,0.13
0.4128,9.209,0.387,0.1241,10.9,0.062
0.1462,8.845,0.396,0.0426,5.9,0.133
0.0266,8.887,0.816,0.0261,11.8,0.158
0.1182,10.782,0.706,0.0764,3.3,0.188
0.1717,8.669,0.05,0.028,12.9,0.178
0.3774,9.621,0.436,0.0515,10.0,0.115
0.0107,8.221,0.707,0.0471,20.0,0.132
0.3204,10.143,0.569,0.0551,15.8,0.126
0.0342,8.475,0.689,0.0505,19.0,0.12
0.1151,6.596,0.05,0.1336,15.2,0.124
0.0092,5.908,0.357,0.0912,2.0,0.11
0.1179,8.077,0.628,0.0791,6.6,0.02
0.0,8.321,0.564,-0.0052,17.3,0.204
0.1036,10.313,0.671,0.0483,11.5,0.169
0.0,7.486,0.628,-0.0506,2.0,0.03
0.0444,8.519,0.634,-0.0427,18.3,0.122
0.2264,7.185,0.371,0.165,3.4,0.071
0.4099,11.388,0.158,0.0746,10.2,0.02
0.252,7.684,0.449,0.1484,3.7,0.095
0.1472,8.03,0.411,0.1362,11.9,0.048
0.0717,6.434,0.332,0.0997,13.0,0.087
0.2141,10.228,0.469,0.1206,12.4,0.143
0.0,6.468,0.3,0.0867,9.7,0.112
0.0401,8.215,0.617,0.1086,8.3,0.06
0.0089,8.466,0.347,0.0378,16.0,0.218
0.0,7.904,0.626,-0.0344,10.0,0.084
0.0464,8.332,0.296,0.0229,12.2,0.14
0.2223,9.788,0.457,0.1269,10.8,0.216
0.1615,10.299,0.521,0.1753,2.0,0.184
0.1618,9.791,0.292,0.0754,7.7,0.124
0.3278,9.267,0.289,0.1383,18.0,0.023
0.3106,10.336,0.371,0.1109,12.2,0.02
0.0115,8.337,0.711,-0.0033,17.2,0.149
0.0,7.576,0.51,0.0108,12.7,0.08
0.275,9.999,0.202,-0.0363,12.6,0.098
0.0,6.456,0.591,0.045,4.1,0.108
0.0,5.867,0.52,0.0757,7.0,0.089
0.1192,9.082,0.409,0.1362,14.1,0.186
0.3943,10.906,0.648,0.0817,11.7,0.122
0.0,7.173,0.349,0.0083,18.8,0.087
0.0496,8.263,0.41,0.1456,2.3,0.165
0.0,6.313,0.569,0.0136,25.9,0.121
0.0286,8.242,0.712,0.1635,8.8,0.137
0.0,6.893,0.452,-0.017,2.3,0.127
0.1822,9.304,0.565,0.044,10.0,0.128
0.0639,7.651,0.342,0.06,14.7,0.2
0.0,7.344,0.702,0.063,28.3,0.057
0.364,11.129,0.569,0.1268,10.8,0.101
0.0,7.429,0.548,-0.038,7.5,0.071
0.0216,6.6,0.224,0.0096,12.9,0.091
0.0513,7.885,0.205,0.0684,16.5,0.159
0.2709,9.506,0.256,0.1265,8.1,0.108
0.3541,11.569,0.128,0.1105,12.4,0.145
0.231,8.717,0.113,0.0168,11.1,0.136
0.0669,6.354,0.256,0.0826,5.6,0.104
0.0435,7.563,0.154,0.0263,7.3,0.13
0.0651,7.767,0.447,0.1796,25.8,0.033
0.2022,10.992,0.677,-0.1172,13.1,0.023
0.1734,9.012,0.463,-0.0255,7.1,0.183
0.214,8.932,0.445,0.0918,4.5,0.248
0.0,6.368,0.364,-0.019,10.5,0.216
0.1317,10.284,0.754,-0.0758,2.0,0.13
0.0757,7.784,0.481,0.1245,17.8,0.118
0.1281,9.33,0.435,0.0692,23.5,0.123
0.1075,8.566,0.552,0.1091,26.6,0.121
0.0443,6.852,0.729,0.1927,18.2,0.059
0.0,6.744,0.536,0.0422,10.6,0.173
0.0,8.077,0.689,0.0926,19.7,0.099
0.0,9.047,0.41,-0.0107,7.2,0.163
0.3408,10.287,0.328,0.0675,14.0,0.181
0.0057,8.434,0.05,0.0015,19.0,0.198
0.0651,7.551,0.784,0.0823,18.0,0.199
0.1396,7.189,0.324,0.0585,26.9,0.253
0.0693,8.583,0.452,-0.0492,18.7,0.162
0.0,8.194,0.43,-0.0062,8.4,0.196
0.194,8.36,0.438,0.1869,18.1,0.206
0.1829,9.087,0.388,-0.0137,8.1,0.123
0.2319,9.499,0.546,-0.0433,18.8,0.072
0.2835,8.954,0.738,0.0281,6.3,0.122
0.3297,9.883,0.627,0.0486,13.5,0.108
0.3425,10.071,0.4,0.0525,9.6,0.216
0.0537,6.933,0.291,0.0622,15.1,0.154
0.0533,7.315,0.222,0.0566,17.0,0.177
0.0,7.549,0.322,0.0111,22.0,0.071
0.0,6.994,0.477,-0.001,9.8,0.121
0.1547,9.037,0.51,0.013,18.3,0.2
0.308,9.365,0.214,0.0777,4.2,0.091
0.0,7.604,0.363,-0.0445,12.2,0.088
0.2759,9.13,0.561,0.1436,10.2,0.13
0.1545,10.336,0.622,0.0707,8.3,0.078
0.1389,7.095,0.561,0.1114,7.1,0.142
0.0,7.142,0.076,-0.0928,11.9,0.099
0.1062,7.719,0.264,0.0238,14.0,0.111
0.0884,7.29,0.308,0.1002,15.9,0.107
0.0,7.187,0.485,0.0754,17.9,0.105
0.0,7.278,0.776,0.0734,5.9,0.095
0.3222,10.518,0.559,0.0084,7.3,0.026
0.1285,9.005,0.511,0.0217,7.5,0.173
0.3385,9.788,0.257,0.0749,6.1,0.116
0.1662,9.104,0.808,0.1032,12.7,0.083
0.0918,6.972,0.502,0.0799,4.3,0.135
0.0217,6.387,0.746,0.0724,13.0,0.02
0.0,5.755,0.502,-0.0153,7.2,0.196
0.0,5.013,0.438,0.1224,19.6,0.145
0.0,5.69,0.437,-0.0144,15.6,0.186
0.0798,8.6,0.344,0.051,10.6,0.113
0.0251,8.46,0.616,0.025,15.9,0.143
0.0,7.99,0.629,0.0248,14.2,0.19
0.1165,8.149,0.597,0.1353,17.1,0.094
0.2246,7.808,0.329,0.0831,20.5,0.109
0.0,6.569,0.634,-0.0122,14.6,0.106
0.0592,9.642,0.428,0.0282,14.1,0.164
0.0,8.234,0.553,-0.01,23.8,0.066
0.1716,8.588,0.186,0.0506,18.9,0.147
0.0,6.153,0.207,-0.0079,9.6,0.175
0.0,6.241,0.739,-0.0412,8.0,0.157
0.069,9.45,0.404,-0.0072,10.8,0.219
0.0,9.075,0.532,-0.1146,28.5,0.213
0.4785,9.677,0.4,0.0954,2.0,0.1
0.1407,7.968,0.642,0.0786,14.0,0.139
0.0,6.015,0.574,0.0076,17.7,0.096
0.0767,8.17,0.598,0.0021,12.5,0.068
0.0725,9.939,0.282,-0.0172,20.0,0.116
0.374,8.965,0.315,0.049,9.4,0.129
0.1708,8.227,0.233,0.0763,12.9,0.089
0.0,5.463,0.44,-0.0295,13.0,0.101
0.2232,8.599,0.15,-0.0263,16.8,0.02
0.0023,9.022,0.353,0.092,20.3,0.086
0.0,7.518,0.502,0.0296,2.0,0.1
0.2822,7.842,0.624,0.1336,3.2,0.248
0.0491,6.755,0.282,0.0933,19.8,0.17
0.0,7.702,0.796,-0.0559,9.7,0.02
0.0,7.755,0.545,-0.0142,18.0,0.094
0.2842,7.44,0.656,0.0941,7.3,0.034
0.0,7.235,0.242,-0.0367,17.3,0.168
0.0,6.337,0.456,-0.0069,10.7,0.065
0.0599,8.522,0.6,0.0736,7.3,0.115
0.1244,6.899,0.412,0.1264,6.5,0.061
0.3993,11.004,0.234,-0.0291,20.1,0.02
0.0,6.202,0.397,0.0805,17.7,0.192
0.0172,6.814,0.95,0.0276,8.6,0.038
0.1054,8.135,0.456,-0.1062,9.5,0.19
0.1692,7.606,0.482,0.0976,14.0,0.132
0.106,8.02,0.267,0.0292,4.9,0.077
0.0,4.061,0.245,0.0428,11.5,0.175
0.0,5.356,0.446,0.1012,10.3,0.117
0.2506,9.116,0.263,0.0935,23.0,0.143
0.0041,8.054,0.376,-0.0007,14.6,0.248
0.0,7.271,0.672,-0.013,28.5,0.06
0.2019,7.921,0.31,0.1012,6.4,0.177
0.0,8.836,0.474,0.1776,6.4,0.108
0.0882,8.654,0.895,0.0338,10.9,0.112
0.0,8.132,0.707,0.0898,8.7,0.127
0.2154,6.668,0.05,0.0363,2.0,0.02
0.4834,11.578,0.681,0.051,3.6,0.1
0.0,6.191,0.376,0.0718,2.7,0.132
0.0929,6.848,0.283,-0.0035,9.3,0.111
0.0,5.518,0.477,-0.0518,5.6,0.074
0.0266,7.261,0.156,0.0999,13.6,0.131
0.0,5.305,0.542,0.0726,2.0,0.164
0.0242,6.709,0.559,0.0925,14.9,0.071
0.0101,8.725,0.461,0.1346,12.5,0.136
0.0,7.711,0.718,-0.0573,19.1,0.052
0.0,7.458,0.52,0.0678,3.8,0.172
0.0,6.81,0.142,0.0659,14.9,0.115
0.3966,8.718,0.201,0.069,20.6,0.05
0.0,8.054,0.455,-0.048,2.0,0.119
0.1564,7.77,0.546,0.1193,13.2,0.09
0.119,7.34,0.658,0.0546,11.1,0.183
0.2752,9.054,0.652,0.093,8.9,0.124
0.0,5.811,0.83,0.0451,3.7,0.162
0.4394,9.766,0.05,0.1078,14.6,0.171
0.0276,7.639,0.285,0.099,16.8,0.144
0.0,6.275,0.562,0.0213,12.3,0.293
0.2409,9.875,0.258,-0.0189,18.5,0.122
0.1494,8.401,0.485,0.111,20.1,0.187
0.1261,8.308,0.329,-0.0514,19.6,0.117
0.0,8.073,0.804,-0.0015,16.3,0.065
0.0,6.327,0.504,0.0387,17.7,0.14
0.0622,9.339,0.445,0.0938,11.1,0.063
0.0,7.051,0.6,0.0991,15.2,0.117
0.0,4.555,0.574,0.025,10.9,0.125
0.0,6.834,0.576,-0.0627,3.4,0.148
0.0,7.153,0.264,-0.0112,7.6,0.02
0.2868,9.442,0.308,0.1324,5.5,0.193
0.1347,6.765,0.376,0.0597,10.1,0.076
0.0775,6.573,0.701,0.0426,9.9,0.026
0.0,8.872,0.64,0.0231,9.6,0.103
0.3166,10.53,0.355,-0.0044,13.4,0.105
0.1091,8.963,0.406,0.0135,12.6,0.183
0.0,8.655,0.361,0.0712,2.0,0.212
0.1938,8.306,0.674,0.0511,4.3,0.097
0.0575,7.279,0.509,0.0412,16.1,0.159
0.0,7.878,0.532,0.079,10.4,0.192
0.3697,10.695,0.581,0.0871,15.6,0.126
0.0934,9.101,0.359,-0.0123,14.4,0.185
0.089,8.201,0.519,0.0093,17.8,0.02
0.0,6.476,0.41,0.1136,10.4,0.096
0.0,7.751,0.073,0.0286,12.6,0.118
0.1528,8.24,0.354,0.0157,18.3,0.02
0.1135,9.53,0.324,-0.0009,7.0,0.05
0.0,8.824,0.408,-0.0709,15.3,0.216
0.1169,7.994,0.513,0.0883,23.5,0.253
0.0595,8.295,0.816,-0.0216,15.0,0.116
0.2092,9.523,0.426,0.0565,13.7,0.02
0.0842,8.02,0.791,-0.0106,12.6,0.21
0.0523,6.851,0.293,0.0863,12.7,0.117
0.0,4.898,0.524,-0.0058,17.6,0.169
0.1286,9.071,0.618,0.0275,2.0,0.197
0.2862,8.666,0.279,0.075,6.9,0.131
0.2564,8.494,0.227,0.0852,4.7,0.138
0.0179,6.868,0.774,0.0651,18.6,0.097
0.3035,9.559,0.05,-0.0281,8.2,0.133
0.0,5.523,0.207,0.029,20.3,0.246
0.0341,8.288,0.249,-0.0248,15.0,0.177
0.4367,7.771,0.201,0.0111,10.3,0.026
0.0063,8.581,0.544,0.0688,22.3,0.186
0.0,7.666,0.553,-0.0436,5.6,0.071
0.0,8.233,0.439,0.0032,13.9,0.046
0.0,6.921,0.566,0.0149,11.7,0.192
0.1003,7.958,0.212,-0.0024,23.3,0.062
0.0,6.432,0.257,0.1307,10.7,0.126
0.4202,7.718,0.166,-0.0242,13.4,0.161
0.0297,7.211,0.423,-0.0083,15.9,0.156
0.0244,8.825,0.407,0.0229,19.7,0.061
0.0625,9.536,0.437,-0.0085,9.1,0.166
0.0347,5.338,0.391,0.0875,7.9,0.069
0.0557,6.826,0.332,0.0603,16.0,0.055
0.0121,5.442,0.665,0.0735,2.0,0.094
0.0,6.54,0.693,0.1415,8.3,0.081
0.088,6.719,0.391,0.0469,3.9,0.19
0.04,10.375,0.682,0.0529,22.4,0.05
0.0,7.945,0.422,0.0466,5.6,0.132
0.0,6.765,0.624,0.1249,18.5,0.123
0.0,5.683,0.318,-0.043,17.2,0.155
0.2183,10.572,0.689,0.0505,11.4,0.19
0.1389,8.627,0.627,0.1248,22.8,0.058
0.0,7.667,0.792,-0.0658,6.3,0.197
0.1258,7.938,0.229,0.0479,11.7,0.169
0.2987,8.686,0.395,0.1007,12.2,0.094
0.1631,9.073,0.531,0.011,2.0,0.16
0.3667,10.979,0.506,-0.0901,11.9,0.02
0.0,6.297,0.53,0.1176,5.9,0.047
0.0914,9.544,0.526,0.0206,11.8,0.08
0.3622,9.376,0.455,0.0538,14.7,0.142
0.0,4.799,0.248,-0.017,10.5,0.045
0.0,7.117,0.536,0.1906,22.8,0.083
0.3074,9.512,0.41,0.1678,2.0,0.134
0.1692,8.704,0.544,0.0055,16.9,0.039
0.0847,7.093,0.425,0.0724,7.2,0.109
0.0852,10.471,0.576,0.0751,17.0,0.157
0.1831,9.381,0.436,0.0163,10.7,0.172
0.0,6.728,0.728,0.0489,2.0,0.086
0.0,6.206,0.321,0.0178,4.5,0.232
0.1614,9.407,0.443,0.0781,15.1,0.172
0.0167,7.983,0.545,-0.0211,21.1,0.237
0.0,8.428,0.7,0.0015,17.3,0.226
0.2883,8.903,0.412,0.0825,18.1,0.137
0.0535,9.603,0.604,-0.0827,18.2,0.116
0.1991,9.382,0.415,0.0536,13.1,0.08
0.2187,10.782,0.439,0.0183,13.3,0.199
0.0,6.383,0.827,-0.0185,16.7,0.145
0.2951,8.787,0.344,0.0786,2.0,0.065
0.0,8.204,0.408,0.1076,9.3,0.123
0.0516,8.484,0.611,0.0394,8.2,0.201
0.0353,8.502,0.524,0.0073,6.4,0.033
0.0735,8.694,0.345,0.0107,2.4,0.155
0.3354,9.612,0.483,0.1549,10.7,0.126
0.1596,8.334,0.455,-0.0035,8.6,0.021
0.0989,5.338,0.229,0.1048,11.8,0.023
0.0,6.426,0.746,0.0963,4.7,0.135
0.0,7.886,0.424,0.0368,19.0,0.065
0.3406,10.48,0.322,0.001,15.1,0.13
0.1528,5.697,0.194,0.0844,5.5,0.152
0.1586,10.198,0.556,0.0705,21.6,0.116
0.1698,8.059,0.369,0.0854,11.9,0.137
0.0,8.444,0.457,0.0277,6.2,0.245
0.0,6.848,0.358,-0.0067,16.0,0.02
0.2358,10.914,0.602,0.1461,14.7,0.142
0.4874,10.531,0.569,0.1104,9.9,0.05
0.1126,10.151,0.765,-0.0009,4.5,0.02
0.0,8.546,0.843,-0.018,12.2,0.238
0.0,4.936,0.334,0.0761,4.1,0.135
0.2581,8.557,0.455,0.0311,5.1,0.085
0.1664,9.972,0.513,0.0742,5.0,0.136
0.0489,9.042,0.614,0.0477,9.2,0.122
0.156,9.614,0.678,0.0927,11.5,0.048
0.1206,9.14,0.352,0.1257,18.4,0.121
0.13,7.008,0.179,0.0971,14.8,0.103
0.1307,8.505,0.423,0.0461,15.7,0.236
0.2923,8.702,0.332,0.0339,8.8,0.063
0.0,6.908,0.508,0.0639,12.8,0.18
0.0939,7.853,0.409,0.1267,16.6,0.078
0.2042,9.07,0.352,-0.0908,9.2,0.061
0.0,8.562,0.346,-0.0563,14.7,0.152
0.0,6.609,0.441,0.0332,18.0,0.201
0.0683,8.444,0.798,0.0514,5.2,0.123
0.2884,10.464,0.539,0.0591,12.3,0.068
0.0937,6.549,0.579,0.0886,12.4,0.102
0.0839,7.882,0.599,0.131,2.0,0.177
0.3549,10.278,0.534,0.0308,9.5,0.149
0.3397,8.268,0.332,-0.0126,6.5,0.07
0.0197,8.72,0.369,0.0198,15.6,0.093
0.073,9.657,0.091,0.0522,15.8,0.171
0.1543,9.994,0.54,0.0592,12.4,0.087
0.3521,8.905,0.332,0.0182,7.4,0.111
0.3185,8.606,0.464,0.0824,3.1,0.145
0.1735,9.689,0.057,-0.0183,7.9,0.231
0.2678,10.694,0.247,-0.0481,6.2,0.111
0.2286,8.332,0.541,0.1633,10.7,0.02
0.0,6.462,0.364,-0.042,11.1,0.114
0.1801,8.459,0.29,0.1248,9.5,0.111
0.2639,8.646,0.341,0.1084,7.1,0.095
0.0699,9.329,0.349,-0.0261,24.0,0.174
0.0,5.483,0.436,0.0364,9.8,0.175
0.0,7.29,0.559,0.0158,8.7,0.093
0.0,6.681,0.473,0.1335,2.0,0.212
0.0,5.069,0.558,0.0829,18.3,0.096
0.0,7.462,0.351,-0.0092,16.6,0.261
0.0666,8.878,0.499,0.0168,20.3,0.147
0.1583,7.432,0.36,0.0982,5.1,0.022
0.31,9.842,0.405,-0.0197,2.6,0.085
0.0265,6.469,0.576,0.0909,10.4,0.085
0.3854,11.279,0.379,0.0585,12.1,0.095
0.2812,8.913,0.461,0.055,4.2,0.106
0.0012,8.154,0.149,-0.06,8.7,0.045
0.0,6.882,0.622,0.1001,11.8,0.136
0.1236,7.873,0.469,0.0742,8.0,0.235
0.1572,9.221,0.676,0.0755,12.3,0.08
0.0,7.611,0.713,-0.0282,11.0,0.224
0.3018,10.77,0.239,-0.0018,7.6,0.122
0.0,8.179,0.514,0.0035,23.1,0.164
0.224,8.101,0.407,-0.0387,4.2,0.02
0.2919,11.09,0.629,-0.0229,19.8,0.066
0.0,5.394,0.586,0.0471,4.1,0.06
0.0676,7.985,0.634,0.0669,10.2,0.143
0.1245,7.856,0.218,0.1138,19.5,0.103
0.1743,7.954,0.591,-0.0246,3.4,0.147
0.1462,10.794,0.23,0.0026,14.5,0.09
0.133,9.096,0.463,0.0353,13.2,0.118
0.1407,7.5,0.473,0.1418,14.2,0.136
0.1843,7.986,0.73,0.1184,7.7,0.128
0.3295,9.256,0.588,0.0157,9.3,0.109
0.1929,9.997,0.515,0.0904,11.6,0.066
0.0,6.203,0.339,0.0434,30.2,0.091
0.3595,9.072,0.344,-0.0506,9.7,0.082
0.0,6.534,0.504,-0.0294,19.2,0.148
0.0,6.376,0.364,0.1319,13.4,0.087
0.1627,7.511,0.116,-0.0504,13.6,0.054
0.0,8.614,0.65,-0.1002,21.0,0.042
0.273,9.802,0.394,0.1142,14.1,0.203
0.2862,10.119,0.232,0.0523,3.0,0.07
0.2711,8.571,0.613,0.1245,6.3,0.03
0.0,8.497,0.498,0.0521,19.1,0.137
0.4062,14.803,0.619,0.0598,14.4,0.16
0.0735,7.708,0.091,0.0372,18.0,0.092
0.1484,8.609,0.349,-0.04,2.0,0.033
0.0994,7.995,0.541,0.085,21.1,0.135
0.0907,8.095,0.764,0.0984,13.1,0.1
0.0,5.525,0.674,0.0169,14.4,0.02
0.0243,7.93,0.349,0.0595,21.4,0.17
0.1911,7.693,0.197,0.1501,11.2,0.186
0.0,4.598,0.733,0.0001,19.5,0.122
0.0,5.758,0.32,0.0443,9.6,0.092
0.0,7.049,0.372,-0.0182,9.4,0.085
0.0,7.599,0.443,-0.0709,7.8,0.049
0.0373,8.299,0.488,-0.0337,10.1,0.12
0.0061,8.407,0.338,0.0427,11.8,0.148
0.0818,6.87,0.167,0.154,14.3,0.097
0.2422,9.227,0.41,0.051,13.7,0.063
0.3576,10.535,0.722,0.0872,4.2,0.168
0.0571,9.577,0.224,0.1196,9.4,0.143
0.29,10.154,0.681,0.0985,12.5,0.085
0.321,11.818,0.49,0.0046,6.9,0.142
0.0,9.007,0.368,-0.0017,20.5,0.093
0.1727,8.533,0.693,0.0899,16.8,0.199
0.0544,8.936,0.628,0.094,7.3,0.02
0.0,5.961,0.629,0.0997,22.3,0.211
0.0,8.068,0.95,0.0886,11.2,0.088
0.0,5.972,0.169,-0.0057,22.0,0.119
0.1174,9.079,0.375,-0.0251,20.4,0.21
0.1878,8.867,0.741,-0.0398,11.7,0.168
0.4051,12.421,0.298,0.0725,17.9,0.146
0.2198,10.35,0.541,0.1033,14.8,0.146
0.0,7.566,0.682,0.0011,7.1,0.234
0.1997,8.861,0.322,0.0792,19.0,0.165
0.2333,9.767,0.534,0.0569,7.6,0.111
0.0,8.314,0.569,0.021,12.3,0.168
0.2223,9.456,0.271,0.0284,2.0,0.06
0.1544,9.412,0.33,0.1048,18.4,0.227
0.0358,8.254,0.253,0.0218,11.8,0.14
0.0,6.714,0.601,0.0979,10.9,0.1
0.0154,8.851,0.278,-0.0556,11.8,0.02
0.3665,9.583,0.223,0.097,11.0,0.188
0.3318,10.532,0.29,0.1343,6.2,0.107
0.0,7.792,0.386,-0.0094,20.9,0.133
0.0,6.778,0.53,-0.0542,2.0,0.164
0.1556,6.934,0.466,0.0808,11.2,0.048
0.1326,8.73,0.571,0.0758,14.9,0.04
0.2773,10.19,0.642,0.0288,16.2,0.041
0.3808,10.161,0.475,0.0311,7.7,0.176
0.1513,8.972,0.48,0.1467,13.0,0.192
0.0804,7.275,0.377,0.0513,10.5,0.067
0.1321,8.425,0.309,0.078,12.5,0.02
0.0,5.901,0.463,0.0479,17.9,0.045
0.1142,7.804,0.766,-0.0061,6.5,0.106
0.2827,12.027,0.524,-0.0002,27.4,0.124
0.0,6.121,0.321,0.0551,21.3,0.142
0.0857,7.776,0.483,0.0587,11.8,0.062
0.0,7.416,0.306,0.0667,13.8,0.084
0.0,6.562,0.527,0.029,18.1,0.115
0.0,6.592,0.333,0.0942,25.7,0.084
0.0588,6.481,0.153,0.0305,18.3,0.024
0.1407,7.585,0.585,0.0254,9.9,0.118
0.1306,8.72,0.13,-0.0209,2.0,0.187
0.0,8.244,0.683,0.0481,18.4,0.193
0.2685,8.386,0.593,0.1196,12.0,0.059
0.1413,6.89,0.406,0.128,16.5,0.051
0.2578,8.521,0.342,0.0236,2.0,0.102
0.0,5.992,0.556,-0.04,14.8,0.085
0.3386,7.955,0.408,0.0236,2.5,0.037
0.0,7.127,0.476,0.07,19.1,0.037
0.0,7.175,0.346,0.1054,7.9,0.17
0.0,6.734,0.501,0.11,8.3,0.258
0.0,6.142,0.605,-0.0052,19.6,0.213
0.0064,6.89,0.456,0.0061,8.1,0.02
0.0,6.378,0.415,0.0167,12.1,0.09
0.1526,9.22,0.659,0.016,13.2,0.177
0.1453,7.835,0.444,0.0535,8.4,0.126
0.1802,8.028,0.351,0.0687,16.7,0.146
0.0,5.471,0.642,0.0862,18.2,0.068
0.0,9.503,0.392,0.0229,24.3,0.148
0.0,7.523,0.158,0.0069,17.6,0.126
0.0222,10.098,0.422,0.027,16.9,0.09
0.2252,8.491,0.43,0.0572,5.7,0.077
0.1085,9.25,0.108,-0.0008,12.4,0.124
0.2539,9.356,0.245,0.0304,9.0,0.213
0.0,7.76,0.418,-0.0262,10.7,0.133
0.0847,7.845,0.242,0.0291,20.0,0.077
0.3258,10.603,0.69,0.0772,16.1,0.205
0.3052,8.351,0.233,0.0296,15.0,0.056
0.3909,10.486,0.097,0.1145,10.2,0.13
0.1015,8.196,0.211,0.0718,8.7,0.113
0.1231,8.449,0.217,0.1963,2.5,0.222
0.1187,7.715,0.515,0.0834,6.2,0.02
0.0,6.902,0.505,0.0758,16.8,0.143
0.0,5.71,0.473,0.0279,17.2,0.064
0.0918,8.332,0.672,0.044,8.4,0.069
0.343,9.235,0.42,0.1224,16.8,0.082
0.0,5.195,0.299,0.0646,19.3,0.234
0.1649,8.915,0.683,0.051,8.5,0.113
0.0402,8.703,0.465,0.0142,2.0,0.031
0.0,8.872,0.452,-0.0058,22.3,0.045
0.2027,9.586,0.601,-0.0264,8.0,0.14
0.2455,11.078,0.814,0.1234,15.9,0.02
0.2956,8.555,0.288,0.1385,2.9,0.165
0.0152,7.092,0.262,0.0846,7.0,0.189
0.0713,11.138,0.365,-0.0136,17.8,0.126
0.1868,10.225,0.559,0.1054,18.1,0.147
0.1123,9.265,0.078,0.0072,13.5,0.241
0.1577,7.559,0.235,0.1075,7.3,0.115
0.0,7.168,0.44,-0.0216,23.5,0.081
0.2283,6.828,0.544,0.1165,3.9,0.142
0.2814,10.292,0.436,-0.0129,19.5,0.166
0.1436,8.715,0.531,0.0682,14.6,0.056
0.0194,6.474,0.493,0.1381,20.1,0.125
0.1787,10.305,0.445,-0.0057,10.3,0.057
0.0,6.505,0.736,-0.0541,10.4,0.122
0.0,6.932,0.553,0.0703,14.5,0.02
0.2551,9.571,0.391,0.0591,24.7,0.066
0.2282,9.266,0.473,0.0229,9.0,0.157
0.2252,9.242,0.175,0.0366,15.2,0.127
0.0602,8.762,0.543,0.0408,25.6,0.047
0.0228,7.937,0.397,0.0135,16.9,0.217
0.2128,7.794,0.326,0.0684,12.6,0.178
0.0961,6.858,0.582,0.1297,10.0,0.163
0.0,6.541,0.325,-0.0067,2.0,0.14
0.3074,8.817,0.288,0.0661,13.6,0.085
0.0732,7.895,0.396,0.1014,6.6,0.152
0.0,4.575,0.427,-0.0501,21.7,0.02
0.2069,8.197,0.588,-0.0333,5.4,0.196
0.1162,8.841,0.517,0.0156,6.5,0.113
0.0,6.197,0.582,-0.0109,14.9,0.087
0.0,6.755,0.636,0.0989,13.7,0.089
0.0034,7.666,0.583,-0.0407,2.0,0.087
0.3498,9.869,0.448,0.1082,7.4,0.148
0.0983,7.357,0.712,0.1163,17.3,0.206
0.0,8.078,0.615,0.1595,12.8,0.278
0.1664,8.238,0.71,0.0661,12.2,0.082
0.1356,7.588,0.631,0.093,5.6,0.061
0.5258,11.514,0.314,0.0866,11.2,0.06
0.0423,8.721,0.484,0.1108,22.1,0.197
0.084,6.134,0.462,0.0343,6.2,0.131
0.0678,10.388,0.744,-0.0286,2.4,0.139
0.0,7.153,0.555,0.0845,15.1,0.06
0.0241,7.877,0.187,0.0285,10.2,0.249
0.0708,9.048,0.404,0.0326,14.3,0.085
0.1112,8.297,0.287,0.0134,6.8,0.18
0.3135,10.032,0.278,0.077,10.7,0.048
0.0,7.38,0.55,0.1393,10.0,0.154
0.0,6.395,0.257,0.1297,13.3,0.128
0.0,6.93,0.414,0.0551,2.0,0.061
0.0,5.773,0.231,0.0691,21.3,0.133
0.0,7.187,0.65,0.0857,15.7,0.02
0.2111,7.461,0.05,0.1489,19.5,0.02
0.107,9.733,0.457,-0.0113,22.3,0.106
0.1819,9.848,0.49,0.0937,18.9,0.124
0.0,8.11,0.659,-0.0037,13.6,0.227
0.3501,8.469,0.736,0.0677,9.3,0.033
0.1436,8.298,0.355,0.0251,7.7,0.099
0.1847,9.669,0.894,0.0083,14.5,0.029
0.0713,6.441,0.428,0.0836,11.4,0.13
0.1138,6.42,0.434,0.0221,13.4,0.115
0.0805,8.726,0.405,0.0452,5.3,0.09
0.0,6.258,0.283,0.1045,22.0,0.143
0.0,6.307,0.586,0.0127,26.1,0.139
0.0067,6.669,0.296,0.067,7.3,0.147
0.08,5.798,0.457,0.0983,9.8,0.02
0.0,6.981,0.277,0.0475,14.6,0.182
0.0,5.958,0.652,0.0227,13.4,0.02
0.1565,7.066,0.271,0.022,4.8,0.176
0.3419,11.079,0.547,0.0916,8.9,0.109
0.0757,8.041,0.176,0.1077,3.0,0.134
0.0965,8.546,0.225,-0.0007,9.4,0.07
0.0599,9.334,0.609,0.0929,13.7,0.105
0.0682,7.291,0.564,0.0565,15.1,0.161
0.1473,8.536,0.392,-0.0245,7.9,0.199
0.0602,10.119,0.268,0.039,2.0,0.105
0.2893,10.447,0.731,0.03,17.2,0.098
0.0,7.256,0.519,0.0357,12.9,0.123
0.1922,8.611,0.231,0.0428,9.6,0.214
0.0764,7.87,0.586,0.033,14.4,0.163
0.0,6.895,0.388,0.0598,2.0,0.218
0.2134,8.37,0.517,0.0165,10.4,0.105
0.2789,8.672,0.445,0.0833,14.7,0.116
0.1541,11.103,0.329,0.0006,21.9,0.099
0.107,7.295,0.254,0.0045,7.6,0.188
0.0651,7.533,0.634,0.1314,22.0,0.077
0.2023,7.965,0.393,0.124,13.8,0.02
0.0919,9.111,0.589,0.0626,16.7,0.165
0.0322,6.761,0.534,0.0318,20.8,0.086
0.0986,8.018,0.455,0.1077,15.5,0.187
0.0,7.383,0.396,0.0364,4.4,0.222
0.1278,6.823,0.591,0.0897,13.0,0.194
0.398,10.742,0.344,0.1248,15.2,0.09
0.0,8.144,0.738,0.0527,15.1,0.036
0.244,8.428,0.702,0.0441,10.7,0.175
0.0,8.114,0.569,0.0005,15.3,0.276
0.1673,11.191,0.391,0.0349,16.0,0.1
0.0084,8.309,0.487,0.0442,11.8,0.201
0.1442,6.065,0.31,0.1305,6.6,0.222
0.2581,8.829,0.499,0.0461,9.3,0.141
0.2634,10.455,0.419,0.0586,11.8,0.162
0.0,8.151,0.586,-0.0024,15.6,0.122
0.2997,9.244,0.588,0.1431,13.6,0.104
0.3957,9.58,0.512,0.036,6.1,0.1
0.0577,5.803,0.367,0.1915,19.9,0.065
0.0707,8.558,0.453,0.0843,17.1,0.15
0.0,8.12,0.816,0.0455,11.9,0.113
0.4053,10.939,0.359,0.0578,17.9,0.031
0.0061,4.559,0.399,0.1747,12.4,0.094
0.3248,11.57,0.409,0.1576,10.6,0.157
0.1105,8.458,0.228,-0.0029,16.4,0.111
0.037,8.252,0.35,0.0363,20.9,0.231
0.0,3.844,0.518,0.1208,7.5,0.111
0.0,5.007,0.433,0.0141,7.6,0.076
0.0,6.323,0.693,0.071,10.0,0.235
0.1916,6.664,0.675,0.1909,4.8,0.113
0.1959,10.344,0.392,-0.0591,5.2,0.191
