default,income,age_std
1,6.668047321311954,1.3915110091876546
1,5.737347726754895,0.15573019346843253
1,4.798462242628329,-0.4329980525307322
1,4.8490880525094875,-0.674284049083103
1,5.916051807437002,0.2551222443399892
1,6.160329637027042,-0.0042910800282705
1,2.3800380017180744,0.10683534380792636
1,3.6747054280720572,0.5913980370259413
1,5.459988618359081,0.8658500095424646
1,5.1020516465742265,0.5029875854183254
1,6.053552780820082,1.1221005058475857
1,6.624042612254915,1.2475635061789374
1,3.4993649824144963,-0.8448707136785476
1,4.722168308470737,-0.5898607462658303
1,6.193995019509243,-0.4339489092667166
1,5.86181532686743,-0.8040232931561997
1,4.582953956206557,0.5579052971815353
1,4.750463583081531,0.7769861535090206
1,5.943677354839069,-0.3970069169475101
1,4.2336893617850615,0.6200802344981184
1,5.208228731083318,1.4239445695155641
1,6.4087229250419,-0.7364815123008763
1,3.510895989513093,-0.7050753457492775
1,3.5241914666682463,-0.3203656460132649
1,5.990846316763321,-0.6067145460779275
1,4.116769573890502,-0.6751338424713613
1,4.633816124244238,-0.6146997390342701
1,3.465294966976588,1.5451797097593918
1,4.64842448886144,0.536775261491484
1,5.6399181149851065,1.058670689021568
1,5.689239166662659,0.6028163303096896
1,5.757252365276292,-0.8186354322089615
1,3.5694502296801938,-1.2088482590108107
1,4.571120701066807,-1.629839347966933
1,4.314988142220036,-2.1247014069461203
1,4.874359135945415,-1.6735090687116347
1,6.1445872397183665,0.266902482995909
1,5.327209785856158,0.17303654632955912
1,4.863272559522966,-0.14009611303959346
1,5.179193912526419,-0.033873459609766066
1,5.9689770722248685,-0.26109813771243484
1,5.005870090433042,-1.0873630295763297
1,5.590505441643173,0.9616614063384521
1,4.607523626480651,0.022513851132828222
1,5.035911467207295,0.25844228241504386
1,4.669245047047224,-1.3646659089185809
1,5.808776073504944,-1.3063176106785819
1,5.053310944342342,0.8335161557298232
1,3.6810979913166912,0.5835590805976976
1,3.9202193045779756,0.9844610291568499
1,4.62403172614174,-0.15498105987532007
1,5.148726767268378,-1.456627017098076
1,6.814918841353381,-0.02013172606534397
1,5.55249893512765,1.1592528558236648
1,4.460775053296163,0.5102350182208131
1,5.927051121322573,0.01783807123504566
1,6.198886681922932,-1.824598220396533
1,5.017967787115813,0.2661772327416365
1,6.015882410137573,0.5479262016201245
1,3.815693491004143,-0.4546738534257315
1,6.764118990286069,-0.23874262506592103
1,4.2321367332691056,-0.9632374528496559
1,5.261159884906362,-0.33186436570290834
1,3.514132938701713,-0.2965158192165678
1,5.4639126429139875,-0.5064000502657273
1,5.684095715452551,-0.6435183216944425
1,2.613111153090683,-1.241848136584184
1,4.992513860932214,0.2143985656805194
1,4.453078926422075,-0.86712100634989
1,5.474891618330738,1.8695192455173615
1,3.4685472313002013,-1.3319821279797508
1,6.922596714812467,-0.924007274411645
1,4.85430824627235,-0.04309574016764994
1,4.696853379997996,-0.3957954560173267
1,4.0904246943601805,-0.12027343089709408
1,6.007704609593259,-2.7596364113470293
1,6.596536109590227,-1.8956737363760605
1,3.709727019528721,0.6105406649098057
1,4.491641822020841,-0.09749957612182314
1,5.932235918829217,-0.6193433675132871
1,5.495239111258508,-0.18573882877081616
1,4.202674799985118,0.4241218623490939
1,5.248951317990983,0.30255895192661875
1,5.9960275661329305,-0.04504663273140341
1,4.101586325846002,-1.0214470719125046
1,5.535344402563578,2.251746311579704
1,6.082090808599052,-1.3392240517611387
1,5.092564357731138,-0.9012574694661577
1,4.364568595076327,-1.7877473131820425
1,5.591990609914132,-0.6258338391664386
1,4.541598450810115,-1.9299156280086889
1,7.398315119018869,-0.9936967250590696
1,3.99603660229268,0.34975513875684694
1,5.325215457143784,-0.3263289669270879
1,6.399436519128697,-0.49457909363076835
1,4.552571089223746,-0.9269764628390753
1,3.7727008396793096,0.34544803175528127
1,3.8967058452662835,-0.09736245798917942
1,4.152132278417038,-0.28638675539792846
1,4.454412378603646,-0.5731390080500511
1,5.087218058701341,0.5694159771229419
1,5.103866428836902,-1.5925484532078897
1,5.689941678448965,1.043847216556963
1,5.47059300788625,-0.37420866005559095
1,3.389495629993312,-1.2835390239587188
1,6.128167039622701,1.1168733954981045
1,4.2950535170228825,0.13409479357944676
1,3.367833340923868,0.07187964479313713
1,5.401283404177178,-0.08458209501943514
1,4.855022286939578,-1.2489323493211715
1,4.380175410759946,0.7590093210579179
1,4.495422827843666,-0.7659849277671329
1,5.918630470033682,-2.4297800889963006
1,4.979341220540184,-0.9105218190294844
1,4.827167183586969,-0.698012859665389
1,5.217536117027529,0.8280719230865392
1,3.6932604040615673,-0.9565839353537333
1,5.0812659567565905,-1.0844363550393252
1,4.752674713981154,0.4477414769813768
1,5.8113075418446565,1.5533557389288966
1,5.109680190294809,0.5084057483520379
1,6.894525435063301,0.30347129610485357
1,5.590201114440221,0.0704484454458223
1,5.18338749870348,-0.6138280032816583
1,4.371266327949268,-0.21433843980561473
1,3.8887118487855687,1.6634874282959462
1,4.0479822767848885,0.6003544686783879
1,6.7777700471251565,0.0006683668367637452
1,5.55378212095378,-1.1490179988368547
1,4.6392379375544825,-0.2991071450766345
1,6.28179362156893,0.026479129286515857
1,2.948712369515937,0.8867376501476336
1,4.115197584516633,0.41570870616352007
1,4.796475077170355,-0.13740345003547638
1,2.3945900508591547,0.06357473731033192
1,6.625780444393034,0.8819285743312646
1,6.47288430142306,-0.12022144489050657
1,4.49485794417544,-0.8991352118480194
1,5.044535135291874,-2.2015051259099625
1,4.809727640665335,0.5809480127121596
1,6.303239372086049,0.3103941347705428
1,5.887006791612361,0.19628262325046553
1,5.05280317586827,-0.8877532248904059
1,7.459863258826553,0.9062630424984395
1,4.055813346952042,-1.784334732139698
1,4.612970052015123,0.058403558351981744
1,5.519532735830019,-0.2859910234444625
1,5.37326083345997,0.2540194421556219
1,5.691718067974862,-0.3561477801753785
1,4.948076716578353,0.022256311605464596
1,6.094018417918691,-0.852455982553566
1,5.960527608145984,-0.1615211483287169
1,5.960823771922497,-1.1785486143337964
1,5.264371128325623,-0.3216575669149817
1,6.108261370713163,-0.6590348687169865
1,4.403552247690396,0.4169994477511132
1,6.604431971673132,0.8905185595731542
1,5.442296611040084,-1.9081172100045443
1,5.652969128294758,-0.915979271762712
1,3.5533387806066177,-1.838567302081973
1,3.5849685324410867,-1.106963823026426
1,3.7338259327522314,-0.9876230890643125
1,6.426812144475761,1.4499156396261244
1,4.633081728990406,-0.16978420222420443
1,4.117732783737458,-0.9567498700949164
1,5.181204182052126,-1.6778424157606873
0,2.4893964981272987,1.581304760584719
1,7.6995037918605345,0.2846563208836219
1,6.639398924073924,-0.3554313342781601
1,4.939411847479307,-0.17485112468600494
1,4.773877119631662,0.32378282148894666
1,5.5729102315506625,0.5823085910222643
1,5.430849066617617,1.8528171086790888
1,5.334185313086203,-1.2689329913990681
1,4.908910538899872,0.8958936655693233
1,5.635319741515686,0.7841864575534148
1,5.236780572039772,-2.2671591729583644
1,4.617767535065765,-0.7219586744502307
1,4.424680608653477,0.8746414458363558
1,6.0768207537156425,0.3356907375657814
1,5.073141900524178,-0.7378759346096118
1,4.93184176453293,1.5137379212931705
0,4.212611725927691,0.7876111693477545
1,4.529349714300617,-0.9811314915524103
1,4.817063519724378,-1.3294394922171544
1,4.759675929722884,0.8046686237941127
1,5.33869391640066,-0.14482337122038658
1,5.164998863904463,0.1518259349359079
1,4.90388852921353,0.46888857189164224
1,4.742021109890632,0.9351221648204922
1,4.817059359683478,0.7877330469479666
1,6.040222863228546,1.721145119117379
1,4.911684685341633,-1.211360383256542
1,6.845563412174089,0.3910716164827841
1,6.108249044880433,0.002779201652762353
1,3.9842376544236577,0.18912777389798663
1,3.9644708491008354,0.20142786128581314
1,7.204110970517281,0.3291973858986532
1,3.9821356367599887,0.941650300996999
1,2.7262368834012976,0.08939779134989756
1,6.070530940057694,-1.907757667918181
1,7.105158835445748,-1.1826085279556988
1,4.727964486715771,-0.2095088793801727
1,5.319926110975469,1.5197639075261469
1,4.573757745386609,-1.668709044276921
1,5.996631823293805,1.3318928608812115
1,6.0893463465256925,-0.09409309630570739
1,1.669368109479794,0.16281449137650306
1,5.515182108123343,-0.9013654073588668
0,4.011115821331461,1.8094761795754364
1,6.1187804754671316,1.5539246709933536
1,3.7516044469655245,1.3009604219758995
1,5.299473020769277,0.2304022631620768
1,4.816620958321495,-2.1762643784151985
1,4.287950186577807,0.23794503742774697
0,3.6169375155653722,1.181147766311227
1,3.635064611160238,0.5616366222720144
1,4.520133226933177,0.9425441680991336
1,4.349586853104037,0.6265437602624218
1,6.869694920234439,-0.7946179500123738
1,4.834032954603306,0.20348829804516466
1,5.642602906891776,0.33476111212381987
1,3.977958165394922,-0.8615331881634178
1,4.025869650180109,-0.23109351270455658
1,4.227210424461457,0.5797301652568967
1,5.319052924333193,0.24107669762494144
1,4.494802653663711,-1.0604943303762004
1,4.143756876965178,0.1623716680009819
1,5.360627097156234,1.509255326117855
1,4.3344333111072295,-1.1005668713441015
1,4.374287330410152,-0.21229018328709248
1,3.6528439141969393,1.38522732149175
1,4.432630042570388,0.045379644602550506
1,4.229843120068186,0.34659570970681486
1,4.008464332913231,0.9714202634326137
1,5.310192000960841,1.1959371548689433
1,4.6340290869869,0.4699062085720378
1,5.2557153123326925,0.2705845727248821
1,6.26130602647009,0.9928130141379317
1,6.02652712405452,1.6629885711262116
1,3.1883346937377923,0.08825673056107064
1,5.113371626960061,-1.1587055262351527
1,4.221220857485246,0.17254807818506013
1,4.842202253357721,0.29725219694564853
1,5.984529282846901,0.7528879458722839
1,5.318224162616616,-1.8111076653870897
1,4.837306413353442,-0.6069495825335789
1,4.813946921526376,-1.0129523458038676
1,5.005669776263715,-2.0870580932040723
1,3.5336580472597126,-0.49199812314910174
1,4.847389801299552,0.4521577066867408
1,6.133053697223025,-0.5122468359364953
1,4.222153307713547,1.0945985158818905
1,4.994414464848052,-1.1539932966458641
1,6.172370604552808,2.052778555409274
1,6.960244706880121,0.4756617316364551
1,2.878093881071507,-0.030483409449572285
1,4.620507891498864,-0.8785203428208548
1,4.024712447591845,-0.21786915419296982
1,4.301517979781961,0.6808924863173695
1,6.294038223298265,-0.3924373257877214
1,5.018039906758056,1.713623402966597
1,4.91702982114512,-0.013880102384984383
1,4.065206504181589,-0.06618977537382165
1,6.2567295074005305,1.9266435707498832
1,4.358522540003765,-1.8704464139494972
1,4.735509129949098,-0.14333863849730388
1,5.387644601892737,-0.22945059767513953
1,4.619316081918063,-0.16396209874153556
1,5.173169008565125,1.729291839079318
1,4.807145611933932,0.5972780352359557
1,4.781243978158737,-0.4666835321012748
1,3.727249281159187,-0.14237939265358435
1,4.740057457663413,0.7043246299707198
1,7.421090077486733,1.1977542414112463
1,4.570975904514875,-1.331489925560248
1,4.495793880973397,0.5816616617562342
1,5.156416020050761,-1.1109820766142935
1,5.062056790284824,-1.2158907834758548
1,4.017469060524601,-0.45912697323272766
1,4.339475092410371,0.2758797634384855
1,4.199226440264351,1.068067912383233
1,4.933632584778314,1.2790538079571618
1,3.4755319197216705,0.24718863202317376
1,5.339378987492831,0.19810090146641457
1,4.5779606877294325,4.402141294125624
1,5.076604769155514,-0.32795046112519444
1,4.84473520221407,0.2727437924192646
1,5.03527123697634,-0.1365424685269936
1,3.6518891137151615,-0.06999977305457783
1,5.8181759727455,-1.7836331895322868
1,5.256997092716397,-0.1802124179513207
1,3.9421821528776544,-0.338270837581903
1,4.138518770670515,-2.401287240454777
1,2.647248943691847,-1.6280360050109355
1,4.70559918916045,-0.7674182262033931
1,4.7224995805889085,-0.40075847546580334
1,5.394858671145423,0.06609489827454418
0,1.5792644015113204,0.13817333055399494
1,2.0686087963600253,-0.8865220375735823
1,5.930928675375325,0.6846191532033679
1,5.877641253811366,1.5569756513220767
1,5.145770483482089,0.9182655099950798
1,3.4587196438494603,1.3027970926880208
1,4.809811034329606,2.4121108816461287
1,6.838132424083064,0.537850744437959
1,5.167330230906172,0.22225397616799203
1,4.633858831118927,0.4905137870570817
1,4.405679372980419,-1.4923346817900445
1,3.3488889991719,-0.08798983001836014
1,5.22812881535447,-1.4852975482889468
1,7.424720197298449,0.5860531616582172
1,4.280068508752081,0.4449595116199143
1,4.662668962900166,2.8142174574438314
1,5.561605632532464,1.433394773839364
1,3.4809031578863583,-0.42250818997247475
1,5.626828896882917,0.44081072571493074
1,5.005857730270297,1.04455826045416
1,3.7166106760392235,0.075801524709882
1,5.037643978921158,0.8370830584250735
1,6.787200895771985,0.8077184985444745
1,4.4944507560489475,0.03576656300070358
1,3.4923862653411004,-0.9908430703662576
1,5.758032100357863,0.43431775897443003
1,4.052205343479198,0.9219430850237087
1,6.064663328694593,1.5546237076534606
1,4.673881156363593,-0.27224372248843753
1,6.288969089380206,-0.9479951540018785
1,4.842115273192668,-0.8439804601632592
1,4.238987914908468,0.35350199234121416
1,5.2723797447700145,1.3265100884300303
1,4.765536304343136,1.307232616546342
1,3.8284716946473836,0.5148757713959835
1,4.8551479415475,-0.6166132617546047
1,3.7576314375562414,0.15026013468930355
1,3.3836493452331746,-1.5326961875064193
1,5.1454925387489805,-0.26388650475336917
1,5.041845400209127,2.5512381925117094
1,6.543174456093153,-1.386266217616246
1,3.919233706414798,-0.282746865623583
1,4.994960624800562,-0.5229890499201169
1,3.991659138891675,-1.0922294287470207
1,5.853203240419568,-1.072208893718411
1,5.788693103682749,-1.145701512386462
1,5.321596568594528,-0.4100317142031318
1,6.95902087294569,0.34644988233417084
1,6.381138086127033,0.02916120222456975
1,4.488948423861563,0.12381987680081341
1,5.640880561562225,-0.8732339188774842
1,4.672850182985293,0.21370788503631566
1,5.077056330270468,-1.471797552159508
1,3.9385560820842116,-0.16317556225152607
1,4.959961024094525,-0.7152854930567369
1,6.6837426462470155,-0.6834624706396126
1,4.262461172074008,-0.9775958575264196
1,3.3688659957826914,-1.3720320950507565
1,4.595367817770437,-0.8736428235645617
1,4.918668165413611,-1.214590596444153
1,5.095072670857825,0.680157856232035
1,4.328320248217934,-0.24314282674566545
1,4.484820535614055,-0.11448028967950119
1,6.749511122591883,-1.8191292556189742
1,5.6063961688861905,0.8687204165302669
1,5.028637182229795,-0.45116202555004303
1,4.606417901946066,1.2656450742183818
1,3.151864385796885,0.19411881188062097
1,6.9892405726598055,0.7001083886130948
1,4.3425831360364775,0.770627652609865
1,4.537032048361023,-0.2931104562951292
1,6.744504066053846,-0.23673914292420495
1,5.77626944170434,1.6018949462798622
1,5.506474392168551,0.10039845763136501
0,3.453315166570107,1.5242575454913645
1,5.35434878211538,-0.002396658818070385
1,4.286440531834916,0.16584994162722477
1,7.171471623821867,-0.32318260014829914
1,5.128055201386542,-0.8655514033113283
1,5.834752557898298,-1.6602126697998898
1,5.053072309849101,0.08795253636483302
1,6.362781021739586,0.6900296007892059
1,5.255415353431355,-2.003238068165196
1,3.732342958270542,0.4765583668543094
1,2.7282865503544103,0.335417272971827
1,5.148391017976835,0.44787412897928114
1,4.13826812458331,0.9241285325461757
1,7.044880352273227,1.9183843936201947
1,6.085788938965086,0.2365391205449372
1,5.170268517399133,-0.7388459920594013
1,6.11960535283509,1.958567380755028
1,4.343275683321656,1.3500055585334678
0,2.2077249047329217,0.7099508590429018
1,4.343427680727898,-0.4272981516489658
1,5.324589864260897,-0.6879378719483569
1,3.109577279712015,-0.9147201086506307
1,4.88736826419667,1.3943674104266774
1,5.6921541382330325,0.3430275768835207
1,3.794779306139234,-1.1503378143385832
1,5.147990899859338,1.403388945192388
1,5.694186709012191,-1.1297881484522376
1,4.794629803594134,-0.8453869123480184
1,7.147433654455815,0.9142071929966429
1,4.051764947264733,0.7108397186767537
1,5.287771757012715,0.6945918062979795
1,4.855056748865769,0.3746797173128522
1,5.349858552696897,-0.17552348819874553
1,4.6250752365180245,-0.27036067858059987
1,5.845307402675151,-0.8949289118378916
1,5.747073444941471,-1.1059085862898144
1,3.561338472256883,0.4110840948461565
1,4.126585717210332,-0.2031915380529119
1,3.926433368598767,-2.416703225622426
1,5.219820548457919,-0.0018787838189329165
1,5.346129930356603,0.4273519865751121
1,6.082670313587467,-1.3353755087050927
1,6.029665773758649,-0.9634279463858193
1,5.5856613933101755,-0.35606136383850817
1,5.299732906001471,1.1129753938164333
1,5.430530194516631,-0.5621315460833998
1,6.297176222740342,-0.08151869955543756
1,3.6952398320443414,0.025232249604081325
1,4.431338868245867,-0.40777043450590433
1,3.578745269360892,2.2090876671663855
1,8.0699289667057,0.34733750509922867
1,5.423126170083914,-1.377124242241964
1,4.450174492039606,1.4586687683859223
1,3.161896712495768,-0.6979197429923802
1,3.8077312243536126,-0.21519557099462006
1,4.535954934654987,0.5654261884371152
1,6.4146299009291425,0.06450294003693458
1,6.514150302433872,1.2216485340861452
1,6.271193904161333,-0.5467147617618497
1,4.852501406031768,-1.2030832828515639
1,4.000994740233929,-0.846803532876514
1,6.788671180750517,-1.6179408731916425
1,5.656864583882939,-0.6756341042471976
1,4.99450125353084,-0.4929122822204395
1,4.671174390027844,1.0219512079520996
1,5.909403503106393,1.0987212124154881
1,4.201686323182875,-0.05982144934780109
1,4.29600624162197,0.17962621922429278
1,4.612673626449074,0.06523145658178553
1,6.514448773858392,0.9793192240293997
1,5.040951932997253,-1.1723520196533617
1,5.759983025453438,-1.1863920265045471
1,6.669241393807159,0.35085910586485447
1,4.4533086988419965,-1.2946132219663546
1,4.0983517554499445,-1.2617247676266454
1,3.4184100773533643,-1.020790203927667
1,3.508853668606177,-1.601455503936581
1,6.023382068374086,-0.8123970818680526
1,5.4828554737709245,-1.494722507855038
1,6.6128166288833405,-0.7558875541321237
1,4.397531462088325,1.9195294923106854
1,3.4664057338830148,-0.10604156593747938
1,3.9943511468752613,0.23082107607849256
1,5.844549698230977,0.7556719410595854
1,4.312462382338187,-0.60566994738888
1,4.2073246285419375,0.22402376131033463
1,3.907430834639187,1.2794186224793496
1,5.352216391338118,1.4981877626371105
1,5.789707691876027,-0.6292485119050157
1,4.980410049173283,0.2742855901250696
1,3.6625917771367806,-0.21979177693248975
1,3.8793359625515706,-0.8701111379870499
1,6.245358980321127,0.11354672940565003
1,5.305700947544726,0.3144829323370688
1,4.575125749738046,1.9353782119455838
1,3.7096897098537216,-0.6033125308845801
1,5.169718414834748,-0.44439044977449615
1,6.643313529865135,-0.15635226242061862
1,4.233696762895961,0.6072418804444064
1,4.647839581598195,-0.9592143758371181
1,5.004838033530983,-0.12134118192180754
1,3.7184095802802655,-0.544639959240194
1,6.218823645281983,-0.917765992681248
1,6.131975265668319,1.6947264021416402
1,2.6713669911540228,-0.03702785598739222
1,5.493045207634191,0.15196953417643488
1,2.680552101910169,-0.057060443919194626
1,5.254475739441948,1.993804380081853
1,6.186632630328684,0.07259618091365372
1,5.446776472728468,-1.4230378891190902
1,4.707222849300789,0.419040365269411
1,6.350480431651615,1.5030414118734345
1,4.777469248750477,-0.032671312114398
1,3.6784035702595554,0.6958395168264229
1,5.012820684660359,0.9197099273485003
1,4.2852224308491556,-1.5981495485327937
1,4.569193884583851,0.23859080079634243
1,8.576134077435064,-0.05351215119903063
1,4.9201983457958605,1.8258506774329586
1,3.2399405311349554,-2.427641700842064
1,5.21316274073072,2.246882500695751
1,3.828362137669857,0.1722500894194514
1,7.076971319320317,0.03466585394319033
1,3.2646771245077932,-2.903850991475986
1,5.417853989351976,-2.1288700801659766
1,5.651353706652216,-1.251534613034715
1,5.5429139663994915,-1.0240821034946066
1,5.058607052303679,1.4291378195256357
1,3.352699465741834,-0.9249687345314022
1,5.178940812497147,0.18904385858258443
1,5.12010052383709,-0.11872821119668409
1,6.73116061751845,-1.445949307537333
1,6.341362500690692,-1.7961552202920923
1,5.439881722078962,0.34666643595079805
1,6.143261201881893,0.04907423027102187
1,3.377969385425696,-1.1377809333021855
1,4.516809779532148,0.6137202472638208
1,6.439487452765354,-0.584359768253178
1,6.481404489319976,0.5689271353631193
1,5.963144031277512,-0.4010644287503955
1,4.484800360818616,0.3333235799913563
1,4.925019593611948,-0.8740344665000488
1,4.4672730459298045,0.9128094605793446
1,2.857265043478155,-0.48855878374824435
1,5.194045415172049,0.2573611091035968
1,5.207465398058342,-0.3361201160488747
1,5.259386714826119,-0.4128638707697836
1,4.6695984140687825,1.0393283662687223
1,4.549574983695092,-0.8578136947309347
1,4.151558249924775,0.15324891966987053
1,4.301443264503695,-0.6257534126952744
1,4.342848837366957,0.7112285567468648
1,3.7554479136429877,1.3958876091630552
1,5.867160180417182,-0.5264066844526845
1,6.43700161884062,1.2317274444116268
1,5.9696778413044935,-1.1828697461808564
1,5.024995332025964,-1.123775903011948
1,3.6120213711064197,-0.04609601340854308
1,4.48109787145129,0.22877438516312143
1,4.930333660582669,0.40054250129097024
1,4.625934819514539,-0.6786585343357183
1,4.765517508672785,-0.6392989384161378
1,4.481233468433013,1.5422329872711673
1,5.355440186215035,0.20927260479323984
1,5.680982107407138,0.12887335320616877
1,4.3838751033254315,-1.3216717757732135
1,6.989911739226096,-1.8906295685539836
1,5.963271351751075,-1.8927386842619027
1,5.644814821370321,-1.1012371274326833
1,5.72695780702455,-0.6436623219900754
1,3.99199412505575,-0.39163185001290657
1,5.5035105269793405,-0.4125185702173151
1,4.843653204204821,0.16742098690117047
1,4.720799901174232,1.6586370858834574
1,5.479984803270821,0.04485612588798116
1,4.973126303280246,-1.714877075727955
1,6.553641954119243,1.691067972578236
1,6.649809677536469,-0.27647523491996484
1,6.49292682186989,2.4599129521471284
1,4.614015834276952,0.4631340210333459
1,6.323542741511245,-0.39096295261668734
1,5.0838755018385156,-0.8659534385262191
1,5.805669961927093,-0.19120462739755162
1,4.639940125678255,1.979828391342254
1,6.797267774189359,-0.8286585692805546
1,6.008957371733319,0.10345204617572712
1,4.496764906133162,0.02802602799268783
1,6.257386472033971,0.7957157149948539
1,4.540904475829933,2.1304450160224437
1,4.545167321230731,0.05500377138625456
1,5.804739273074123,-1.2300417035833275
1,3.960336013010643,-1.1939637235043747
1,4.36002888222677,-0.713329915557487
1,5.0351816568781,1.094106609915329
1,4.976110786070806,-2.0267542963500693
1,6.8073245234518005,0.021459455811522865
1,4.9829629790430925,-1.5140968953197875
1,6.167888951873559,-0.8617330355089763
1,4.019046352155058,0.5137669299546177
1,4.725430545888978,1.382885375720356
1,6.232602812587723,-0.3456895862624867
1,3.552299718984308,-0.6819453435013738
1,5.520813130736559,-0.5973743187880807
1,4.2598881120486505,-0.15062255398910818
1,3.668498495541747,0.26666714676528436
1,3.5441359356567776,-1.4631266946085502
1,5.200545622528141,0.37561723684261583
1,3.322505935813515,1.7762999786659712
1,4.581989821772018,-0.9646337626650863
1,6.4372991174433505,-1.222989711957954
1,5.984146554668575,0.3998879772667294
1,5.268853847292141,0.006458761207457364
1,4.8010975003392975,-1.3391641395171847
1,4.946110639735242,0.241462801579722
1,5.961656840162978,-0.6049819388976014
1,4.119483431845842,0.7348003395432228
1,7.117418236801393,-0.3073173486490477
1,5.42992614531965,0.4355171953557093
1,4.536142496638566,0.22178957659799714
1,4.05220869012071,0.9013364052270596
1,5.928704606708285,0.8760381113807645
1,5.123980932288244,-2.0280886225351265
1,4.534182065933601,0.2870823905445512
1,3.343693941831331,1.0019610161861543
1,6.661577195987901,2.4690297830965884
1,6.284707184350023,-0.06779036479225109
1,5.395456666440858,1.5508635774592667
1,3.770661199627815,-2.545669452063689
1,5.558251931151808,1.0313115775814206
1,5.709567833604409,-1.309213726604785
1,4.5879051505349695,0.9333657071606867
1,5.587274562699108,-0.22777671891856066
1,5.413630783638937,0.9135406085823154
1,5.8423542014484795,-0.05668074253107047
1,5.770312635085979,-0.5576134908958301
1,3.4259987608239033,2.7289709955968497
1,4.332901542780695,-0.45837534132799673
1,3.7989091554468657,-2.177075793874466
1,5.829625413930833,-0.32835593602884483
1,3.8948558133771183,-0.3136170087970793
1,4.170000365982082,-1.0095068290251694
1,4.7677692558608795,-1.362418845254724
1,4.078665286371802,0.1764345558536613
1,4.395315844200649,-0.6663811464677591
1,6.655996302277825,0.777807113518513
1,4.110542596053605,-1.0122673028245446
1,5.3120701317744015,1.3115168831416906
1,4.682462303804502,-0.46933199049466046
1,6.744559406979576,1.0767181919708433
1,6.514536965415074,0.8505399261166717
1,6.10261503784086,0.3036333165603624
1,4.0381181528007755,-0.37283780032834724
1,4.578956222337546,-1.4996040658640046
1,4.5176909153737705,-0.47652983965768403
0,3.2848046231815613,0.02084987991281917
1,5.793441786914849,0.13101912153806428
1,5.1650752698278675,0.20657919416713444
1,5.762121668258245,-0.6563998262752175
1,5.510076579148659,-1.4970271084601992
1,4.525873570231613,-0.9361069341680137
1,3.623449573165815,0.49354265494760163
1,4.527376595992903,0.6623293160245503
1,4.935738019755792,-0.16491636267220677
1,3.880958888773795,1.5845514417756048
1,3.9047572750368413,-0.02922158732664837
1,6.949902828523346,1.7827943753086055
1,6.487680032752165,0.9802171313039558
1,5.071131277912278,0.7186311953149458
1,7.390570579931552,-0.3226866426983621
1,6.016274860805893,-0.703243579551792
1,4.654747546705867,0.016647598753579018
1,4.753712386842485,0.0501732276776119
1,5.068099625517521,-1.8128859509806494
1,4.94305601133374,-0.42550580210524913
1,6.908499234913264,-1.400512932421106
1,4.745440547358723,-0.7818215531403983
1,5.06250804378495,-0.6254590098301644
1,3.9715181702650186,0.35986071027905187
1,5.628994184588687,-0.44809281879375185
1,5.199594570790257,0.9294260860025778
1,5.990904380716614,0.30828823059870203
1,3.294245678364564,1.6239116756428995
1,3.8829461127041123,-1.3870569547064777
1,4.609285305497448,0.8430148867689944
1,3.6175486910570487,-1.7201819659042328
1,2.812468732212057,-0.33757437212355956
1,3.7580522658085487,-0.7846893827537444
1,6.081939107671068,0.8767739339627285
1,5.040598145458516,0.643170871954454
1,6.682803110185107,-1.568274666022596
1,3.6936850093034694,-2.0708313871191932
1,5.809473496516735,-0.5110446420414814
1,5.127180153201107,-0.33554870387139335
1,4.614013454818848,-0.4544394428377192
1,3.5061771214216746,-0.7937986389736573
1,4.492000746194429,2.770081978347039
1,5.2998504280745715,0.2073806239267384
1,5.547301302128808,-0.0040540135950237755
1,6.373571963702393,1.7692659927975924
1,4.125299166088384,0.5554041152450422
1,5.635558375444136,0.8685472736215889
1,5.685888539495232,0.3373705327802483
1,5.236116675441738,-0.5870624674529736
1,4.170043277830527,-2.667675816906902
1,5.431698888814074,1.6723215590144491
1,5.234471557901739,0.9269456712832289
1,4.241249068048762,0.00044324511453819326
1,3.761484265284664,1.8474189881858738
1,5.39787081398211,0.5310524542302826
1,4.6604740203543,0.6884311457359065
1,5.970072960888523,0.7154199692404495
1,4.746934975741385,2.360843158182467
1,4.065207350184194,-0.48554266736673
1,4.3057153232497924,0.5427967250319234
1,6.254656754858836,0.9786747860142988
1,4.165081232916775,-0.3429839212019541
1,3.108645732505959,1.072816064512569
1,4.399739044208829,1.9013249521331153
1,4.951001455904116,-1.1563261102973525
1,5.40268141806968,-0.4284952418937591
1,5.582354647897673,1.5824037032712024
1,4.189392299456689,-1.136216068606518
1,5.105814822421349,-1.3184303470060272
1,6.236460049647633,0.11066029712436443
1,5.524822078296795,0.1891855874575743
1,3.719190976115904,1.0240451961106505
1,2.844553946414039,1.0371740794503248
1,4.282716428999168,0.42289863702980224
1,3.9697589535594924,-1.6489958455729194
1,6.193237766406931,-0.8030914039542285
1,5.822444771749396,-0.7988058827158042
1,4.792404489104469,1.2334917501907974
0,3.0684204226967364,-0.9566911655055756
1,4.288037986974207,1.0929490328316884
1,4.750627750671372,0.21107962420203918
1,5.2277364585151656,0.026254065236757107
1,6.301382693836451,-1.195867638977524
1,4.42221742873495,0.8261891144814477
1,4.657513445944626,1.5031386272518628
1,4.520291398638308,-2.079930985742697
1,6.304203601509478,-0.6899977466549103
1,5.232335758320901,0.7546964234893725
1,4.819030405021268,1.674495596202891
1,4.1541826833208635,1.1018813825322287
1,4.513525932123374,-1.0463039548573354
1,6.0116872812736615,0.4516243414653083
1,6.06168156763018,0.4439988740612222
1,5.361252586069187,-0.2696057361774802
1,5.818668854582076,0.9977262071511408
1,2.8428062178411158,1.4070002012293017
1,5.690902901731174,0.47273060729457583
1,4.95376860808424,0.44131952267792585
1,4.067735170089653,1.3481766818536043
1,4.586578544258852,1.5016127523728446
1,6.003824625606883,-1.7421310159827135
1,5.182371131561013,0.9546368036413009
1,5.292072520344785,0.4091162624105431
1,6.2443012088305725,-1.2820720421485943
1,4.5275773734647915,0.5664248464864716
1,4.538144184670667,0.6509244262364211
1,3.7677360612555493,-1.772928748351414
0,1.327100341839723,0.7574777137879574
1,6.591516543297368,0.32946408753108436
1,5.132564586920928,0.10161074691909633
1,5.199096524493322,-0.3678069927558658
1,5.297649433388406,1.1992040729689428
1,5.049544831704177,-0.3084106652688634
1,5.747764911458007,0.4506034582719307
1,5.627627804400159,-0.0619301948639821
1,5.045758912352953,0.7363558781670587
1,5.064128318820905,-0.6849215439036165
1,4.863216594688704,0.740333422725242
1,4.586742260393734,1.1722564487480405
1,4.583620920756939,-0.02876872840335931
1,4.256126185353507,-1.1519636918194305
1,4.717695014175256,0.2811211158459672
1,6.681922396452144,1.0179091916270968
1,5.3272320432938916,-0.06754836731639724
1,4.656930468490527,-1.497474518722476
1,5.859488961991382,1.612830492370711
1,5.590110002559639,-0.31415373133705415
1,5.101832961639877,0.26062257502746533
1,5.244298666995728,0.1636234903927445
1,7.076964755123646,-0.6814562912268407
1,7.555549642138867,1.227060549740031
1,5.2033607192125615,0.628182328914126
1,4.895013403330741,-0.3812390847394709
1,5.679556055525258,0.8174192455134204
1,4.121740167274155,-0.9913060287266626
1,5.349001886981761,1.3927039235912853
1,6.531210489682657,-0.5650785908127145
1,6.709510803909445,0.6551177314854684
1,4.6535813970616395,-1.6705345865533863
1,6.1969355205974,-0.6024068906169702
1,5.102110332208167,0.7618500573561588
1,4.871511526943101,0.500293826158746
0,3.072886940465242,1.5289233705699852
1,4.72753005676105,0.9254301382028212
1,5.2567583982384125,-1.4366131421255268
1,4.537691400937491,-0.25408511774622333
1,4.96767065730667,-0.8709705200516078
1,6.540503522847517,-0.05065832175592355
1,6.774975114452431,0.16549225365973452
1,4.1204005592031026,-1.2262978260570012
1,4.202273502271535,-0.07870070435947518
1,4.092396266038855,0.2762464527285049
1,4.70531026477274,-0.05479583163179491
1,4.063880533509911,0.1123680419192068
1,3.3362757094064857,-1.1541387009022221
1,2.4419128989510765,-0.17464070946600962
1,3.9499267427090095,0.4619656078958254
1,5.663244083697899,-0.09614198260458817
1,6.107396749842208,0.30024015959722217
1,7.343337532404673,2.0619902188970585
1,5.136588667512654,1.1714844994107159
1,4.880030166054881,0.21272378762479516
1,5.484894864650903,-1.490836760138266
1,3.6760073103821576,-0.6510821972756244
1,5.519994672898083,-1.1390698907099606
1,5.983398235384524,-0.4390563053910097
1,5.024310201042858,0.11170823965550891
1,4.9230678654133255,-0.6249110043584971
1,5.763520541831961,0.39946066081470555
1,5.14429531632739,0.9451051849932748
1,4.610796010538905,0.4869230024315252
1,5.648929435421443,-0.4138414508653723
1,6.048953495828231,0.8683651983289025
1,4.939144022081793,-0.5573238984056674
1,4.821376806697166,0.4199779366094063
1,4.3544218804546055,-1.0423021917047062
1,4.614523086606317,0.42993311138592105
1,5.452530241741511,-0.06928273602028501
1,3.594027011810857,0.8171632849803174
1,4.868447494347725,-0.011988656767594641
1,4.208660530862796,0.5011571534571271
1,5.130202445768641,-1.4036222332734614
1,6.70400796461945,0.3958190785522051
1,5.323086402522333,0.759277805999492
1,5.90111872733934,-0.707072696640703
1,4.804156760854722,0.8061923664318256
1,3.4464615692808582,1.2504047580860327
1,5.50313053335556,1.7132230029890634
1,3.740777219539908,1.0704040528326892
1,5.939505775800651,-0.8983011835293744
1,4.083493183081633,-1.2295678346448575
1,3.8542742683258036,-1.3520016823901688
1,4.938653702253413,0.8220158708444565
1,4.2367720911398346,-1.1903415024574073
1,5.102280555874181,-1.8589392997357894
1,5.663695956542912,-0.9663340422920808
1,6.276185376469695,0.04454429946623595
1,4.683053352406483,-1.7075591311689062
0,4.474190963505093,1.4664721213439886
1,5.372618445301177,0.2968669987031509
1,4.1358913130525075,1.2319030297984233
1,5.104601499261466,1.3761850571937018
1,4.897704128864441,-0.36993635608503617
1,5.674089755065295,0.3301519259999637
1,5.940632752935218,0.24443259959308872
1,4.291500629196481,-0.6997036414072841
1,4.502536795807159,1.5101395504714823
1,4.759207721443752,1.3885637089251963
1,6.981559254129367,-0.31203529497263105
1,4.327260660763459,-0.8096708678371787
1,5.869938998711278,-1.4805424723320533
1,5.506437814042631,0.37789946240613403
1,6.45296191065198,-0.4139346809613378
1,6.589817689387566,-1.7886842177021087
1,5.274876631393436,1.2614728385332192
1,4.914534064030332,1.2681145816011137
1,6.746099123365477,0.6663556309091181
1,3.925020378338033,1.4215110474174804
1,6.050334827848314,-0.2216506422575799
1,4.841976610516177,-1.775691358320818
1,5.9151584077390105,0.25079343022789047
1,4.777973971663271,-1.0437731202766214
1,4.238430770270146,-0.6746911681285197
1,7.125739966925307,-1.7436914962626053
1,4.286920258302683,-0.8563238975483753
1,6.874320680672412,0.1556221721979174
1,4.867105898108183,-0.3538389995683442
1,5.8416040723495435,-0.07672714923027346
1,6.040640895064843,0.0625123476405296
1,4.86850707957461,1.2128802302202724
1,5.446341383247983,0.7105515978831374
1,4.255866560908412,1.3728955388792263
1,5.929991654064632,-2.488559669345267
1,5.23321066237652,-1.3433462619063405
1,4.145665045621816,1.607574453826624
1,4.8022956580283624,-0.9888804802654212
1,6.140516527609208,-1.1953025818671046
1,2.5514333174183643,-1.2153059082207314
1,5.928763722293381,-0.31593299398234187
1,3.723327724893373,0.997761424505418
1,5.400981848789105,-2.1126736862382662
1,4.687728604197948,1.1237297132963846
1,5.727669139262288,-1.0954281902226128
1,4.85886818634659,1.376080782271507
1,5.447095490120341,-1.837221005081684
1,5.1240405154837125,0.7169219564913938
1,3.623507003500663,1.2686683202059852
1,4.365757089223276,0.17022407154870134
1,5.515993934562552,1.2780285031198089
1,3.905617091274013,1.941464814291633
1,3.4191476201881326,-0.12074006566391571
1,6.396191221379711,-0.46135456512194484
1,5.7161176067756045,-0.635312386220376
1,5.20771996906837,0.7688779758726509
1,5.932691013617333,-0.3296250596224848
1,5.163269172052235,-1.1934881869016638
1,4.491684053607258,1.068758597749599
1,3.71334715529507,-1.3204125822630024
1,4.537776380960199,-0.5176956544134477
1,4.628144582618227,0.62998021170079
1,4.655979006371264,2.0744210771361775
1,5.962136085397502,-0.02913342909821548
1,5.1472957430137125,-1.3317264644581055
1,5.137428745358991,0.6749905776352811
1,5.485697113716799,0.06380234380878402
1,5.641492321421358,-0.3887477577061009
1,5.846278204071015,-0.19195049874240055
1,5.16348399181842,-0.48933110574038663
1,5.307896674439474,1.2339113670092026
1,6.269648515945613,-0.21033412343056224
1,4.922300156188655,0.8485589200815795
1,5.64611599762725,-0.9296831430711014
1,4.490811890870809,0.6947594710358151
1,6.237828548725058,0.9224202633859608
1,4.3920627144130435,0.8715330708697238
1,6.784431177973297,-0.2881874314381996
1,4.377375654195603,0.7211923471066184
1,3.9883834830081666,0.605214816577889
1,6.357530135108112,-1.129455439311649
1,5.327080749377936,0.8846079465420358
1,6.260478561201363,-0.3088573668073362
0,5.10288143500515,-1.526073931340279
1,3.5029243613961816,-2.306307323708262
1,6.200521584158609,-1.0974217739001193
1,6.424905204748987,0.68176718028311
1,5.560370106759222,-0.5399451493862011
1,5.387186219629237,-0.11415725577807123
1,4.277912934206169,-0.22336107326850296
1,3.910294956158687,0.9626794377860266
1,4.108126137402947,-1.555494139454594
1,3.7079913051721163,-0.4667560469498069
1,5.832651055264333,1.1466357498309652
1,5.232965618546493,-0.45098851195655776
1,5.5001093255036215,-1.2375807901212408
1,4.6659212664741725,-1.3611953261309218
1,5.037472751322799,-1.0320162065232497
1,4.494326286471716,-0.6379270081289787
1,6.884668875740806,-0.6105623958970146
1,4.71870099862989,-0.7284318670490353
1,4.19056854353722,-1.3448845483772782
1,5.9113751343528955,0.018409477276755126
1,4.516384549694104,0.7175049295671982
1,3.9859455436648883,-0.7611009100849446
1,5.728918213840251,-0.0898988181719087
1,4.169380541834844,-1.844118682876037
1,5.6727558173840436,1.2529749751922843
1,5.430159370296059,-2.52074898434735
1,5.4579388648482094,-0.7977123074433288
1,6.72148100695667,-0.31457414179777565
1,5.3127758158956375,0.9863728170934847
1,5.947579697209997,-0.7921103044760969
1,5.013970043898287,1.7533740269899063
1,6.295083365535779,0.22619040167686055
1,5.18349170229542,-0.5001260798428566
1,3.9309994371629657,0.2576388450704039
0,3.472279371703505,-0.16124623465699983
1,4.917804625862247,-0.19799298411794108
1,5.080781500574587,0.31639886957766983
1,6.408445776891536,-0.6141859211541534
1,4.524313639926135,-0.7172006742081609
1,5.212955684207645,-0.009742676387168636
1,4.323478831222882,2.4557244100897933
1,7.125196411194381,0.37898941111734263
1,4.655972084458739,0.3106111000177405
1,4.886972398965729,0.311583712502177
1,3.822879839299622,2.0543167477341253
1,6.352330524822153,0.5906806866744896
1,3.845279309501356,-0.12232105180333441
1,5.0102950338975925,-0.7433180972236335
1,5.177048960208605,1.6234971279025254
1,4.8025371901283656,-0.014986858603527331
1,5.0878224532005625,0.6905546487216201
1,6.058706910769136,-0.8404985840235497
1,6.399457950324194,-0.37294077086852884
1,6.060887870057185,1.5217303862442249
1,5.711637586315689,0.3427376193214817
1,6.423829258579475,0.8910302736114435
1,5.091647007705333,-1.5054516495382897
1,4.584158543221614,0.9899537788193147
1,6.199022286861977,-0.6615331134513482
1,3.8376176407612776,-0.368263198898644
1,3.4448944645756727,-0.367942659048194
1,5.588040003804473,0.39137432211658485
1,6.804083558725822,-0.5093853052175534
1,4.315462944757371,-1.3044546373540267
1,5.042124133005178,1.0174700668838037
1,3.742033579315302,-0.4779077723084142
1,5.027683319799168,-1.535312825480709
1,4.128598389368282,2.76141785106479
1,5.736293515673735,-0.41483467258430995
1,4.633949966492529,-2.0223832185057398
1,4.429531482620969,-0.5586358422333344
1,6.95285084954026,0.14801389847029345
1,4.486327551267545,0.1509786723269615
1,3.933657263919407,-0.47010406961179996
1,4.789772994545535,1.1297689981663073
1,5.87038201852973,1.2915642378396068
1,7.246182206170667,-1.5983632943985926
1,5.34454604308856,0.33997228680983227
1,3.7695692039156956,-0.10881212282740016
1,4.575595882962084,0.2452989009453308
1,4.711106434930429,0.5554687758072543
1,6.861402945481441,-1.0404313014593405
1,5.541618348078407,-0.6798063307483457
1,5.4881900043288425,0.8874871243220817
1,3.778548638683298,0.021104370946972928
1,6.389426891481238,-0.8386261065607461
1,4.722717328430283,2.330929693201293
1,5.75356889121374,-0.6901706065766824
1,5.244274908543322,-1.263706028906392
1,4.101025683068887,0.21563586408939983
1,4.029626499313403,-1.8370680868294542
1,4.918184512141947,-1.5341583767601747
1,5.564443681618539,1.2415872604213511
