日期,code,收盘价
2020-01-02,sh.000300,4152.24
2020-01-03,sh.000300,4144.964
2020-01-06,sh.000300,4129.295
2020-01-07,sh.000300,4160.227
2020-01-08,sh.000300,4112.317
2020-01-09,sh.000300,4164.369
2020-01-10,sh.000300,4163.184
2020-01-13,sh.000300,4203.988
2020-01-14,sh.000300,4189.886
2020-01-15,sh.000300,4166.734
2020-01-16,sh.000300,4149.043
2020-01-17,sh.000300,4154.853
2020-01-20,sh.000300,4185.83
2020-01-21,sh.000300,4114.308
2020-01-22,sh.000300,4131.931
2020-01-23,sh.000300,4003.901
2020-02-03,sh.000300,3688.357
2020-02-04,sh.000300,3785.637
2020-02-05,sh.000300,3828.527
2020-02-06,sh.000300,3899.775
2020-02-07,sh.000300,3899.869
2020-02-10,sh.000300,3916.005
2020-02-11,sh.000300,3952.464
2020-02-12,sh.000300,3984.432
2020-02-13,sh.000300,3959.918
2020-02-14,sh.000300,3987.734
2020-02-17,sh.000300,4077.424
2020-02-18,sh.000300,4057.51
2020-02-19,sh.000300,4051.31
2020-02-20,sh.000300,4144.656
2020-02-21,sh.000300,4149.49
2020-02-24,sh.000300,4132.838
2020-02-25,sh.000300,4123.854
2020-02-26,sh.000300,4073.015
2020-02-27,sh.000300,4084.875
2020-02-28,sh.000300,3940.048
2020-03-02,sh.000300,4069.666
2020-03-03,sh.000300,4091.361
2020-03-04,sh.000300,4115.052
2020-03-05,sh.000300,4206.725
2020-03-06,sh.000300,4138.507
2020-03-09,sh.000300,3997.1325
2020-03-10,sh.000300,4082.7315
2020-03-11,sh.000300,4028.4289
2020-03-12,sh.000300,3950.9111
2020-03-13,sh.000300,3895.3128
2020-03-16,sh.000300,3727.8398
2020-03-17,sh.000300,3709.6822
2020-03-18,sh.000300,3636.2565
2020-03-19,sh.000300,3589.0926
2020-03-20,sh.000300,3653.2239
2020-03-23,sh.000300,3530.3058
2020-03-24,sh.000300,3625.1146
2020-03-25,sh.000300,3722.5181
2020-03-26,sh.000300,3698.0472
2020-03-27,sh.000300,3710.0605
2020-03-30,sh.000300,3674.1108
2020-03-31,sh.000300,3686.1551
2020-04-01,sh.000300,3675.0758
2020-04-02,sh.000300,3734.5306
2020-04-03,sh.000300,3713.2183
2020-04-07,sh.000300,3798.0214
2020-04-08,sh.000300,3780.3445
2020-04-09,sh.000300,3792.8105
2020-04-10,sh.000300,3769.1782
2020-04-13,sh.000300,3753.2566
2020-04-14,sh.000300,3825.6991
2020-04-15,sh.000300,3797.3623
2020-04-16,sh.000300,3802.3806
2020-04-17,sh.000300,3839.4871
2020-04-20,sh.000300,3853.4551
2020-04-21,sh.000300,3808.0474
2020-04-22,sh.000300,3839.3834
2020-04-23,sh.000300,3829.7525
2020-04-24,sh.000300,3796.9721
2020-04-27,sh.000300,3822.769
2020-04-28,sh.000300,3849.1465
2020-04-29,sh.000300,3867.032
2020-04-30,sh.000300,3912.5772
2020-05-06,sh.000300,3936.2539
2020-05-07,sh.000300,3924.8946
2020-05-08,sh.000300,3963.6217
2020-05-11,sh.000300,3960.1803
2020-05-12,sh.000300,3960.2378
2020-05-13,sh.000300,3968.2529
2020-05-14,sh.000300,3925.2177
2020-05-15,sh.000300,3912.8159
2020-05-18,sh.000300,3922.9117
2020-05-19,sh.000300,3956.2495
2020-05-20,sh.000300,3935.222
2020-05-21,sh.000300,3913.7949
2020-05-22,sh.000300,3824.064
2020-05-25,sh.000300,3829.3245
2020-05-26,sh.000300,3872.7701
2020-05-27,sh.000300,3845.6135
2020-05-28,sh.000300,3856.6324
2020-05-29,sh.000300,3867.0232
2020-06-01,sh.000300,3971.3402
2020-06-02,sh.000300,3983.5677
2020-06-03,sh.000300,3983.6477
2020-06-04,sh.000300,3982.1851
2020-06-05,sh.000300,4001.2509
2020-06-08,sh.000300,4021.9549
2020-06-09,sh.000300,4047.0293
2020-06-10,sh.000300,4039.7051
2020-06-11,sh.000300,3995.8846
2020-06-12,sh.000300,4003.0829
2020-06-15,sh.000300,3954.9883
2020-06-16,sh.000300,4014.5702
2020-06-17,sh.000300,4017.5941
2020-06-18,sh.000300,4044.3842
2020-06-19,sh.000300,4098.7095
2020-06-22,sh.000300,4102.0459
2020-06-23,sh.000300,4121.7944
2020-06-24,sh.000300,4138.9895
2020-06-29,sh.000300,4109.7164
2020-06-30,sh.000300,4163.9637
2020-07-01,sh.000300,4247.7835
2020-07-02,sh.000300,4335.8445
2020-07-03,sh.000300,4419.5955
2020-07-06,sh.000300,4670.0949
2020-07-07,sh.000300,4698.1264
2020-07-08,sh.000300,4774.0042
2020-07-09,sh.000300,4840.7712
2020-07-10,sh.000300,4753.1333
2020-07-13,sh.000300,4852.9612
2020-07-14,sh.000300,4806.6902
2020-07-15,sh.000300,4744.4687
2020-07-16,sh.000300,4516.2532
2020-07-17,sh.000300,4544.7007
2020-07-20,sh.000300,4680.3046
2020-07-21,sh.000300,4691.0425
2020-07-22,sh.000300,4714.4454
2020-07-23,sh.000300,4712.4357
2020-07-24,sh.000300,4505.5906
2020-07-27,sh.000300,4528.45
2020-07-28,sh.000300,4568.2576
2020-07-29,sh.000300,4679.008
2020-07-30,sh.000300,4656.1506
2020-07-31,sh.000300,4695.0462
2020-08-03,sh.000300,4771.3108
2020-08-04,sh.000300,4775.8024
2020-08-05,sh.000300,4777.1089
2020-08-06,sh.000300,4762.7642
2020-08-07,sh.000300,4707.9262
2020-08-10,sh.000300,4724.8697
2020-08-11,sh.000300,4681.7837
2020-08-12,sh.000300,4647.6446
2020-08-13,sh.000300,4635.7126
2020-08-14,sh.000300,4704.6288
2020-08-17,sh.000300,4815.2261
2020-08-18,sh.000300,4812.7564
2020-08-19,sh.000300,4740.6784
2020-08-20,sh.000300,4679.1544
2020-08-21,sh.000300,4718.8431
2020-08-24,sh.000300,4755.8491
2020-08-25,sh.000300,4761.9507
2020-08-26,sh.000300,4706.1302
2020-08-27,sh.000300,4731.3451
2020-08-28,sh.000300,4844.2652
2020-08-31,sh.000300,4816.2153
2020-09-01,sh.000300,4842.1223
2020-09-02,sh.000300,4843.887
2020-09-03,sh.000300,4817.0952
2020-09-04,sh.000300,4770.219
2020-09-07,sh.000300,4669.3677
2020-09-08,sh.000300,4694.3894
2020-09-09,sh.000300,4584.5887
2020-09-10,sh.000300,4581.9775
2020-09-11,sh.000300,4627.2826
2020-09-14,sh.000300,4651.0507
2020-09-15,sh.000300,4688.4826
2020-09-16,sh.000300,4657.3584
2020-09-17,sh.000300,4632.7142
2020-09-18,sh.000300,4737.0887
2020-09-21,sh.000300,4691.4281
2020-09-22,sh.000300,4635.7608
2020-09-23,sh.000300,4652.3273
2020-09-24,sh.000300,4563.0657
2020-09-25,sh.000300,4570.0216
2020-09-28,sh.000300,4581.9085
2020-09-29,sh.000300,4591.7993
2020-09-30,sh.000300,4587.3953
2020-10-09,sh.000300,4681.1412
2020-10-12,sh.000300,4823.1578
2020-10-13,sh.000300,4839.201
2020-10-14,sh.000300,4807.1021
2020-10-15,sh.000300,4798.7361
2020-10-16,sh.000300,4791.676
2020-10-19,sh.000300,4755.4879
2020-10-20,sh.000300,4793.4672
2020-10-21,sh.000300,4792.8284
2020-10-22,sh.000300,4777.9845
2020-10-23,sh.000300,4718.4881
2020-10-26,sh.000300,4691.2359
2020-10-27,sh.000300,4699.2792
2020-10-28,sh.000300,4737.2718
2020-10-29,sh.000300,4772.9198
2020-10-30,sh.000300,4695.3338
2020-11-02,sh.000300,4720.8313
2020-11-03,sh.000300,4777.5608
2020-11-04,sh.000300,4813.6564
2020-11-05,sh.000300,4885.1118
2020-11-06,sh.000300,4885.7178
2020-11-09,sh.000300,4981.3497
2020-11-10,sh.000300,4953.8756
2020-11-11,sh.000300,4904.8981
2020-11-12,sh.000300,4908.463
2020-11-13,sh.000300,4856.8513
2020-11-16,sh.000300,4904.1716
2020-11-17,sh.000300,4894.786
2020-11-18,sh.000300,4891.6716
2020-11-19,sh.000300,4927.9891
2020-11-20,sh.000300,4943.2882
2020-11-23,sh.000300,5005.0273
2020-11-24,sh.000300,4974.2855
2020-11-25,sh.000300,4910.7
2020-11-26,sh.000300,4919.5912
2020-11-27,sh.000300,4980.765
2020-11-30,sh.000300,4960.2519
2020-12-01,sh.000300,5067.0983
2020-12-02,sh.000300,5067.1447
2020-12-03,sh.000300,5057.0603
2020-12-04,sh.000300,5065.9163
2020-12-07,sh.000300,5022.2351
2020-12-08,sh.000300,5009.8786
2020-12-09,sh.000300,4942.6986
2020-12-10,sh.000300,4940.5249
2020-12-11,sh.000300,4889.6292
2020-12-14,sh.000300,4934.8352
2020-12-15,sh.000300,4945.1
2020-12-16,sh.000300,4953.867
2020-12-17,sh.000300,5017.4784
2020-12-18,sh.000300,4999.9678
2020-12-21,sh.000300,5046.8396
2020-12-22,sh.000300,4964.7727
2020-12-23,sh.000300,5007.1235
2020-12-24,sh.000300,5000.0154
2020-12-25,sh.000300,5042.0137
2020-12-28,sh.000300,5064.4147
2020-12-29,sh.000300,5042.9361
2020-12-30,sh.000300,5113.7105
2020-12-31,sh.000300,5211.2885
2021-01-04,sh.000300,5267.7181
2021-01-05,sh.000300,5368.5049
2021-01-06,sh.000300,5417.6677
2021-01-07,sh.000300,5513.6568
2021-01-08,sh.000300,5495.4306
2021-01-11,sh.000300,5441.1583
2021-01-12,sh.000300,5596.3525
2021-01-13,sh.000300,5577.9711
2021-01-14,sh.000300,5470.4563
2021-01-15,sh.000300,5458.0812
2021-01-18,sh.000300,5518.5205
2021-01-19,sh.000300,5437.5234
2021-01-20,sh.000300,5476.4336
2021-01-21,sh.000300,5564.9693
2021-01-22,sh.000300,5569.776
2021-01-25,sh.000300,5625.9232
2021-01-26,sh.000300,5512.9678
2021-01-27,sh.000300,5528.0034
2021-01-28,sh.000300,5377.1427
2021-01-29,sh.000300,5351.9646
2021-02-01,sh.000300,5417.6484
2021-02-02,sh.000300,5501.0915
2021-02-03,sh.000300,5485.2008
2021-02-04,sh.000300,5473.9475
2021-02-05,sh.000300,5483.414
2021-02-08,sh.000300,5564.5618
2021-02-09,sh.000300,5686.2502
2021-02-10,sh.000300,5807.7191
2021-02-18,sh.000300,5768.3814
2021-02-19,sh.000300,5778.842
2021-02-22,sh.000300,5597.3327
2021-02-23,sh.000300,5579.6681
2021-02-24,sh.000300,5437.5683
2021-02-25,sh.000300,5469.5584
2021-02-26,sh.000300,5336.7609
2021-03-01,sh.000300,5418.7837
2021-03-02,sh.000300,5349.6301
2021-03-03,sh.000300,5452.2125
2021-03-04,sh.000300,5280.7058
2021-03-05,sh.000300,5262.7958
2021-03-08,sh.000300,5080.0246
2021-03-09,sh.000300,4970.9994
2021-03-10,sh.000300,5003.6121
2021-03-11,sh.000300,5128.2156
2021-03-12,sh.000300,5146.3786
2021-03-15,sh.000300,5035.5441
2021-03-16,sh.000300,5079.3624
2021-03-17,sh.000300,5100.8581
2021-03-18,sh.000300,5141.7681
2021-03-19,sh.000300,5007.0907
2021-03-22,sh.000300,5057.152
2021-03-23,sh.000300,5009.2459
2021-03-24,sh.000300,4928.6853
2021-03-25,sh.000300,4926.3469
2021-03-26,sh.000300,5037.9899
2021-03-29,sh.000300,5046.8773
2021-03-30,sh.000300,5094.7291
2021-03-31,sh.000300,5048.3607
2021-04-01,sh.000300,5110.7768
2021-04-02,sh.000300,5161.5569
2021-04-06,sh.000300,5140.3418
2021-04-07,sh.000300,5103.7428
2021-04-08,sh.000300,5112.2086
2021-04-09,sh.000300,5035.3374
2021-04-12,sh.000300,4947.7459
2021-04-13,sh.000300,4939.6438
2021-04-14,sh.000300,4980.6279
2021-04-15,sh.000300,4948.9741
2021-04-16,sh.000300,4966.1811
2021-04-19,sh.000300,5087.0165
2021-04-20,sh.000300,5083.3654
2021-04-21,sh.000300,5098.7449
2021-04-22,sh.000300,5089.2435
2021-04-23,sh.000300,5135.4534
2021-04-26,sh.000300,5077.2372
2021-04-27,sh.000300,5090.5195
2021-04-28,sh.000300,5119.2421
2021-04-29,sh.000300,5164.1692
2021-04-30,sh.000300,5123.489
2021-05-06,sh.000300,5061.1244
2021-05-07,sh.000300,4996.0527
2021-05-10,sh.000300,4992.422
2021-05-11,sh.000300,5023.0595
2021-05-12,sh.000300,5044.5481
2021-05-13,sh.000300,4992.9738
2021-05-14,sh.000300,5110.5901
2021-05-17,sh.000300,5184.9853
2021-05-18,sh.000300,5187.6013
2021-05-19,sh.000300,5172.272
2021-05-20,sh.000300,5186.412
2021-05-21,sh.000300,5134.1483
2021-05-24,sh.000300,5155.5875
2021-05-25,sh.000300,5318.478
2021-05-26,sh.000300,5320.5927
2021-05-27,sh.000300,5338.2329
2021-05-28,sh.000300,5321.0886
2021-05-31,sh.000300,5331.5696
2021-06-01,sh.000300,5341.6798
2021-06-02,sh.000300,5289.9736
2021-06-03,sh.000300,5255.2855
2021-06-04,sh.000300,5282.2772
2021-06-07,sh.000300,5277.6271
2021-06-08,sh.000300,5232.1165
2021-06-09,sh.000300,5236.4493
2021-06-10,sh.000300,5271.4661
2021-06-11,sh.000300,5224.703
2021-06-15,sh.000300,5166.5597
2021-06-16,sh.000300,5080.4909
2021-06-17,sh.000300,5101.8924
2021-06-18,sh.000300,5102.4657
2021-06-21,sh.000300,5090.3854
2021-06-22,sh.000300,5122.1583
2021-06-23,sh.000300,5147.3938
2021-06-24,sh.000300,5155.9738
2021-06-25,sh.000300,5239.9684
2021-06-28,sh.000300,5251.7604
2021-06-29,sh.000300,5190.5445
2021-06-30,sh.000300,5224.041
2021-07-01,sh.000300,5229.6642
2021-07-02,sh.000300,5081.1172
2021-07-05,sh.000300,5085.7924
2021-07-06,sh.000300,5083.1043
2021-07-07,sh.000300,5140.4899
2021-07-08,sh.000300,5088.2566
2021-07-09,sh.000300,5069.4361
2021-07-12,sh.000300,5132.7088
2021-07-13,sh.000300,5142.0991
2021-07-14,sh.000300,5083.0849
2021-07-15,sh.000300,5151.4626
2021-07-16,sh.000300,5094.7727
2021-07-19,sh.000300,5113.4945
2021-07-20,sh.000300,5108.9941
2021-07-21,sh.000300,5144.0428
2021-07-22,sh.000300,5151.7517
2021-07-23,sh.000300,5089.2282
2021-07-26,sh.000300,4925.299
2021-07-27,sh.000300,4751.313
2021-07-28,sh.000300,4760.4826
2021-07-29,sh.000300,4850.2746
2021-07-30,sh.000300,4811.1695
2021-08-02,sh.000300,4933.736
2021-08-03,sh.000300,4934.4583
2021-08-04,sh.000300,4978.8479
2021-08-05,sh.000300,4948.6703
2021-08-06,sh.000300,4921.5647
2021-08-09,sh.000300,4985.5627
2021-08-10,sh.000300,5043.148
2021-08-11,sh.000300,5015.3406
2021-08-12,sh.000300,4973.3509
2021-08-13,sh.000300,4945.9829
2021-08-16,sh.000300,4941.0676
2021-08-17,sh.000300,4837.4034
2021-08-18,sh.000300,4894.2384
2021-08-19,sh.000300,4862.1394
2021-08-20,sh.000300,4769.2678
2021-08-23,sh.000300,4835.8782
2021-08-24,sh.000300,4888.3902
2021-08-25,sh.000300,4898.1572
2021-08-26,sh.000300,4801.6094
2021-08-27,sh.000300,4827.0433
2021-08-30,sh.000300,4813.2703
2021-08-31,sh.000300,4805.6099
2021-09-01,sh.000300,4869.4587
2021-09-02,sh.000300,4869.4113
2021-09-03,sh.000300,4843.0624
2021-09-06,sh.000300,4933.7262
2021-09-07,sh.000300,4992.8294
2021-09-08,sh.000300,4972.1324
2021-09-09,sh.000300,4970.0133
2021-09-10,sh.000300,5013.5219
2021-09-13,sh.000300,4991.6598
2021-09-14,sh.000300,4917.1617
2021-09-15,sh.000300,4867.3187
2021-09-16,sh.000300,4807.6978
2021-09-17,sh.000300,4855.9402
2021-09-22,sh.000300,4821.7675
2021-09-23,sh.000300,4853.1957
2021-09-24,sh.000300,4849.4277
2021-09-27,sh.000300,4877.3698
2021-09-28,sh.000300,4883.828
2021-09-29,sh.000300,4833.9281
2021-09-30,sh.000300,4866.3826
2021-10-08,sh.000300,4929.9409
2021-10-11,sh.000300,4936.1918
2021-10-12,sh.000300,4883.8369
2021-10-13,sh.000300,4940.1089
2021-10-14,sh.000300,4913.6123
2021-10-15,sh.000300,4932.1084
2021-10-18,sh.000300,4874.7753
2021-10-19,sh.000300,4922.7232
2021-10-20,sh.000300,4910.1846
2021-10-21,sh.000300,4928.0156
2021-10-22,sh.000300,4959.7254
2021-10-25,sh.000300,4979.5235
2021-10-26,sh.000300,4963.0984
2021-10-27,sh.000300,4898.1644
2021-10-28,sh.000300,4864.138
2021-10-29,sh.000300,4908.7701
2021-11-01,sh.000300,4890.6851
2021-11-02,sh.000300,4839.8457
2021-11-03,sh.000300,4821.1119
2021-11-04,sh.000300,4868.7419
2021-11-05,sh.000300,4842.3458
2021-11-08,sh.000300,4848.1795
2021-11-09,sh.000300,4846.7444
2021-11-10,sh.000300,4821.1925
2021-11-11,sh.000300,4898.6529
2021-11-12,sh.000300,4888.3749
2021-11-15,sh.000300,4882.3777
2021-11-16,sh.000300,4883.3206
2021-11-17,sh.000300,4885.7544
2021-11-18,sh.000300,4837.6185
2021-11-19,sh.000300,4890.0575
2021-11-22,sh.000300,4912.399
2021-11-23,sh.000300,4913.3457
2021-11-24,sh.000300,4916.6579
2021-11-25,sh.000300,4896.4416
2021-11-26,sh.000300,4860.1265
2021-11-29,sh.000300,4851.423
2021-11-30,sh.000300,4832.026
2021-12-01,sh.000300,4843.851
2021-12-02,sh.000300,4856.163
2021-12-03,sh.000300,4901.0175
2021-12-06,sh.000300,4892.6209
2021-12-07,sh.000300,4922.1015
2021-12-08,sh.000300,4995.9298
2021-12-09,sh.000300,5078.6901
2021-12-10,sh.000300,5055.1172
2021-12-13,sh.000300,5083.8007
2021-12-14,sh.000300,5049.6953
2021-12-15,sh.000300,5005.8991
2021-12-16,sh.000300,5034.7321
2021-12-17,sh.000300,4954.7599
2021-12-20,sh.000300,4880.4178
2021-12-21,sh.000300,4913.4853
2021-12-22,sh.000300,4914.4544
2021-12-23,sh.000300,4948.7389
2021-12-24,sh.000300,4921.3449
2021-12-27,sh.000300,4919.3238
2021-12-28,sh.000300,4955.9644
2021-12-29,sh.000300,4883.4804
2021-12-30,sh.000300,4921.5109
2021-12-31,sh.000300,4940.3733
2022-01-04,sh.000300,4917.7653
2022-01-05,sh.000300,4868.1202
2022-01-06,sh.000300,4818.2318
2022-01-07,sh.000300,4822.3689
2022-01-10,sh.000300,4844.0451
2022-01-11,sh.000300,4797.7735
2022-01-12,sh.000300,4845.5787
2022-01-13,sh.000300,4765.9191
2022-01-14,sh.000300,4726.7317
2022-01-17,sh.000300,4767.2762
2022-01-18,sh.000300,4813.3472
2022-01-19,sh.000300,4780.3784
2022-01-20,sh.000300,4823.5091
2022-01-21,sh.000300,4779.3142
2022-01-24,sh.000300,4786.7377
2022-01-25,sh.000300,4678.4511
2022-01-26,sh.000300,4712.3109
2022-01-27,sh.000300,4619.8765
2022-01-28,sh.000300,4563.772
2022-02-07,sh.000300,4634.0899
2022-02-08,sh.000300,4608.7729
2022-02-09,sh.000300,4652.0609
2022-02-10,sh.000300,4639.8625
2022-02-11,sh.000300,4601.3953
2022-02-14,sh.000300,4551.6878
2022-02-15,sh.000300,4600.1025
2022-02-16,sh.000300,4617.9893
2022-02-17,sh.000300,4629.1649
2022-02-18,sh.000300,4651.2358
2022-02-21,sh.000300,4634.3141
2022-02-22,sh.000300,4574.1527
2022-02-23,sh.000300,4623.0465
2022-02-24,sh.000300,4529.3189
2022-02-25,sh.000300,4573.4247
2022-02-28,sh.000300,4581.6459
2022-03-01,sh.000300,4619.6862
2022-03-02,sh.000300,4578.6007
2022-03-03,sh.000300,4551.6283
2022-03-04,sh.000300,4496.4301
2022-03-07,sh.000300,4352.7775
2022-03-08,sh.000300,4265.391
2022-03-09,sh.000300,4226.3463
2022-03-10,sh.000300,4292.8374
2022-03-11,sh.000300,4306.5217
2022-03-14,sh.000300,4174.7577
2022-03-15,sh.000300,3983.812
2022-03-16,sh.000300,4156.081
2022-03-17,sh.000300,4237.6956
2022-03-18,sh.000300,4265.9017
2022-03-21,sh.000300,4258.7459
2022-03-22,sh.000300,4255.295
2022-03-23,sh.000300,4276.5174
2022-03-24,sh.000300,4251.3061
2022-03-25,sh.000300,4174.5742
2022-03-28,sh.000300,4148.4663
2022-03-29,sh.000300,4134.1441
2022-03-30,sh.000300,4254.0989
2022-03-31,sh.000300,4222.5968
2022-04-01,sh.000300,4276.158
2022-04-06,sh.000300,4263.8411
2022-04-07,sh.000300,4209.0998
2022-04-08,sh.000300,4230.7669
2022-04-11,sh.000300,4100.0703
2022-04-12,sh.000300,4179.9727
2022-04-13,sh.000300,4139.737
2022-04-14,sh.000300,4191.5684
2022-04-15,sh.000300,4188.7472
2022-04-18,sh.000300,4166.3844
2022-04-19,sh.000300,4134.9017
2022-04-20,sh.000300,4070.7889
2022-04-21,sh.000300,3995.83
2022-04-22,sh.000300,4013.2498
2022-04-25,sh.000300,3814.9127
2022-04-26,sh.000300,3784.1198
2022-04-27,sh.000300,3895.5361
2022-04-28,sh.000300,3921.1073
2022-04-29,sh.000300,4016.241
2022-05-05,sh.000300,4010.2102
2022-05-06,sh.000300,3908.815
2022-05-09,sh.000300,3877.4364
2022-05-10,sh.000300,3919.8684
2022-05-11,sh.000300,3976.4231
2022-05-12,sh.000300,3958.74
2022-05-13,sh.000300,3988.6002
2022-05-16,sh.000300,3956.5378
2022-05-17,sh.000300,4005.8934
2022-05-18,sh.000300,3991.9069
2022-05-19,sh.000300,3999.5984
2022-05-20,sh.000300,4077.5998
2022-05-23,sh.000300,4053.9823
2022-05-24,sh.000300,3959.1541
2022-05-25,sh.000300,3983.1784
2022-05-26,sh.000300,3993.0446
2022-05-27,sh.000300,4001.2988
2022-05-30,sh.000300,4029.0179
2022-05-31,sh.000300,4091.5176
2022-06-01,sh.000300,4083.1772
2022-06-02,sh.000300,4089.5682
2022-06-06,sh.000300,4166.085
2022-06-07,sh.000300,4179.1285
2022-06-08,sh.000300,4219.8122
2022-06-09,sh.000300,4175.6747
2022-06-10,sh.000300,4238.9936
2022-06-13,sh.000300,4189.3527
2022-06-14,sh.000300,4222.3114
2022-06-15,sh.000300,4278.2178
2022-06-16,sh.000300,4250.0614
2022-06-17,sh.000300,4309.0444
2022-06-20,sh.000300,4330.4328
2022-06-21,sh.000300,4325.5657
2022-06-22,sh.000300,4270.6227
2022-06-23,sh.000300,4343.8781
2022-06-24,sh.000300,4394.7723
2022-06-27,sh.000300,4444.2639
2022-06-28,sh.000300,4490.5166
2022-06-29,sh.000300,4421.357
2022-06-30,sh.000300,4485.0108
2022-07-01,sh.000300,4466.7179
2022-07-04,sh.000300,4496.0303
2022-07-05,sh.000300,4489.5383
2022-07-06,sh.000300,4423.9698
2022-07-07,sh.000300,4443.4736
2022-07-08,sh.000300,4428.781
2022-07-11,sh.000300,4354.6167
2022-07-12,sh.000300,4313.6184
2022-07-13,sh.000300,4321.4617
2022-07-14,sh.000300,4322.0742
2022-07-15,sh.000300,4248.5273
2022-07-18,sh.000300,4292.5858
2022-07-19,sh.000300,4269.3401
2022-07-20,sh.000300,4283.8027
2022-07-21,sh.000300,4236.0578
2022-07-22,sh.000300,4238.2341
2022-07-25,sh.000300,4212.6441
2022-07-26,sh.000300,4245.9758
2022-07-27,sh.000300,4225.0357
2022-07-28,sh.000300,4225.6733
2022-07-29,sh.000300,4170.1019
2022-08-01,sh.000300,4188.6784
2022-08-02,sh.000300,4107.024
2022-08-03,sh.000300,4066.9754
2022-08-04,sh.000300,4101.5367
2022-08-05,sh.000300,4156.9111
2022-08-08,sh.000300,4148.0746
2022-08-09,sh.000300,4156.2907
2022-08-10,sh.000300,4109.7373
2022-08-11,sh.000300,4193.5428
2022-08-12,sh.000300,4191.152
2022-08-15,sh.000300,4185.6794
2022-08-16,sh.000300,4177.837
2022-08-17,sh.000300,4216.9586
2022-08-18,sh.000300,4180.0996
2022-08-19,sh.000300,4151.0738
2022-08-22,sh.000300,4181.3965
2022-08-23,sh.000300,4161.0823
2022-08-24,sh.000300,4082.4195
2022-08-25,sh.000300,4116.2396
2022-08-26,sh.000300,4107.5455
2022-08-29,sh.000300,4089.5205
2022-08-30,sh.000300,4075.7937
2022-08-31,sh.000300,4078.8402
2022-09-01,sh.000300,4043.7395
2022-09-02,sh.000300,4023.6131
2022-09-05,sh.000300,4015.4264
2022-09-06,sh.000300,4052.2802
2022-09-07,sh.000300,4054.983
2022-09-08,sh.000300,4037.6839
2022-09-09,sh.000300,4093.7874
2022-09-13,sh.000300,4111.1145
2022-09-14,sh.000300,4065.359
2022-09-15,sh.000300,4027.1186
2022-09-16,sh.000300,3932.6826
2022-09-19,sh.000300,3928.0001
2022-09-20,sh.000300,3932.8361
2022-09-21,sh.000300,3903.7348
2022-09-22,sh.000300,3869.344
2022-09-23,sh.000300,3856.0212
2022-09-26,sh.000300,3836.6773
2022-09-27,sh.000300,3892.295
2022-09-28,sh.000300,3828.7098
2022-09-29,sh.000300,3827.1434
2022-09-30,sh.000300,3804.8853
2022-10-10,sh.000300,3720.9365
2022-10-11,sh.000300,3727.6867
2022-10-12,sh.000300,3784.3064
2022-10-13,sh.000300,3752.6729
2022-10-14,sh.000300,3842.4698
2022-10-17,sh.000300,3846.4119
2022-10-18,sh.000300,3838.2667
2022-10-19,sh.000300,3776.5335
2022-10-20,sh.000300,3754.9269
2022-10-21,sh.000300,3742.8929
2022-10-24,sh.000300,3633.3733
2022-10-25,sh.000300,3627.4542
2022-10-26,sh.000300,3656.9027
2022-10-27,sh.000300,3631.1448
2022-10-28,sh.000300,3541.3295
2022-10-31,sh.000300,3508.7034
2022-11-01,sh.000300,3634.1732
2022-11-02,sh.000300,3677.8051
2022-11-03,sh.000300,3647.8966
2022-11-04,sh.000300,3767.1746
2022-11-07,sh.000300,3775.2971
2022-11-08,sh.000300,3749.3251
2022-11-09,sh.000300,3714.2704
2022-11-10,sh.000300,3685.6885
2022-11-11,sh.000300,3788.4387
2022-11-14,sh.000300,3794.0171
2022-11-15,sh.000300,3865.9726
2022-11-16,sh.000300,3834.3899
2022-11-17,sh.000300,3818.664
2022-11-18,sh.000300,3801.5686
2022-11-21,sh.000300,3769.1269
2022-11-22,sh.000300,3769.5727
2022-11-23,sh.000300,3773.5287
2022-11-24,sh.000300,3756.8082
2022-11-25,sh.000300,3775.7764
2022-11-28,sh.000300,3733.2424
2022-11-29,sh.000300,3848.4224
2022-11-30,sh.000300,3853.0365
2022-12-01,sh.000300,3894.7687
2022-12-02,sh.000300,3870.9478
2022-12-05,sh.000300,3946.8759
2022-12-06,sh.000300,3968.1979
2022-12-07,sh.000300,3958.4409
2022-12-08,sh.000300,3959.1798
2022-12-09,sh.000300,3998.2442
2022-12-12,sh.000300,3953.4433
2022-12-13,sh.000300,3945.6813
2022-12-14,sh.000300,3954.8857
2022-12-15,sh.000300,3951.9885
2022-12-16,sh.000300,3954.227
2022-12-19,sh.000300,3893.2207
2022-12-20,sh.000300,3829.0173
2022-12-21,sh.000300,3830.5384
2022-12-22,sh.000300,3836.028
2022-12-23,sh.000300,3828.2188
2022-12-26,sh.000300,3843.4887
2022-12-27,sh.000300,3887.854
2022-12-28,sh.000300,3871.2644
2022-12-29,sh.000300,3856.7007
2022-12-30,sh.000300,3871.6338
2023-01-03,sh.000300,3887.8992
2023-01-04,sh.000300,3892.9477
2023-01-05,sh.000300,3968.5782
2023-01-06,sh.000300,3980.8888
2023-01-09,sh.000300,4013.1196
2023-01-10,sh.000300,4017.4737
2023-01-11,sh.000300,4010.0309
2023-01-12,sh.000300,4017.8692
2023-01-13,sh.000300,4074.3772
2023-01-16,sh.000300,4137.9643
2023-01-17,sh.000300,4137.2422
2023-01-18,sh.000300,4130.3143
2023-01-19,sh.000300,4156.0077
2023-01-20,sh.000300,4181.5267
2023-01-30,sh.000300,4201.345
2023-01-31,sh.000300,4156.8578
2023-02-01,sh.000300,4195.9332
2023-02-02,sh.000300,4181.1493
2023-02-03,sh.000300,4141.6319
2023-02-06,sh.000300,4086.8779
2023-02-07,sh.000300,4094.2335
2023-02-08,sh.000300,4076.1411
2023-02-09,sh.000300,4130.8565
2023-02-10,sh.000300,4106.3097
2023-02-13,sh.000300,4143.574
2023-02-14,sh.000300,4145.2902
2023-02-15,sh.000300,4123.6893
2023-02-16,sh.000300,4093.4876
2023-02-17,sh.000300,4034.507
2023-02-20,sh.000300,4133.4896
2023-02-21,sh.000300,4144.3536
2023-02-22,sh.000300,4106.9506
2023-02-23,sh.000300,4103.6463
2023-02-24,sh.000300,4061.0457
2023-02-27,sh.000300,4043.8444
2023-02-28,sh.000300,4069.4587
2023-03-01,sh.000300,4126.9415
2023-03-02,sh.000300,4117.7377
2023-03-03,sh.000300,4130.5513
2023-03-06,sh.000300,4109.0102
2023-03-07,sh.000300,4048.8519
2023-03-08,sh.000300,4034.1077
2023-03-09,sh.000300,4019.8505
2023-03-10,sh.000300,3967.1352
2023-03-13,sh.000300,4008.686
2023-03-14,sh.000300,3984.6956
2023-03-15,sh.000300,3986.902
2023-03-16,sh.000300,3939.1505
2023-03-17,sh.000300,3958.8194
2023-03-20,sh.000300,3939.077
2023-03-21,sh.000300,3982.3782
2023-03-22,sh.000300,3999.4427
2023-03-23,sh.000300,4039.0895
2023-03-24,sh.000300,4027.0457
2023-03-27,sh.000300,4012.4771
2023-03-28,sh.000300,3999.5147
2023-03-29,sh.000300,4006.144
2023-03-30,sh.000300,4038.5257
2023-03-31,sh.000300,4050.9257
2023-04-03,sh.000300,4090.5676
2023-04-04,sh.000300,4103.1052
2023-04-06,sh.000300,4096.64
2023-04-07,sh.000300,4123.2799
2023-04-10,sh.000300,4104.8118
2023-04-11,sh.000300,4100.1479
2023-04-12,sh.000300,4097.2876
2023-04-13,sh.000300,4068.9786
2023-04-14,sh.000300,4091.9988
2023-04-17,sh.000300,4149.3836
2023-04-18,sh.000300,4162.032
2023-04-19,sh.000300,4124.5589
2023-04-20,sh.000300,4113.0192
2023-04-21,sh.000300,4032.5672
2023-04-24,sh.000300,3982.6429
2023-04-25,sh.000300,3962.6658
2023-04-26,sh.000300,3959.2323
2023-04-27,sh.000300,3988.4185
2023-04-28,sh.000300,4029.0858
2023-05-04,sh.000300,4030.2471
2023-05-05,sh.000300,4016.8774
2023-05-08,sh.000300,4062.6624
2023-05-09,sh.000300,4027.8754
2023-05-10,sh.000300,3996.8695
2023-05-11,sh.000300,3990.6637
2023-05-12,sh.000300,3937.7622
2023-05-15,sh.000300,3998.8872
2023-05-16,sh.000300,3978.2054
2023-05-17,sh.000300,3960.165
2023-05-18,sh.000300,3956.0701
2023-05-19,sh.000300,3944.5403
2023-05-22,sh.000300,3969.3277
2023-05-23,sh.000300,3913.1882
2023-05-24,sh.000300,3859.0935
2023-05-25,sh.000300,3850.4996
2023-05-26,sh.000300,3850.9511
2023-05-29,sh.000300,3833.9416
2023-05-30,sh.000300,3837.7531
2023-05-31,sh.000300,3798.5434
2023-06-01,sh.000300,3806.8679
2023-06-02,sh.000300,3861.8337
2023-06-05,sh.000300,3844.2492
2023-06-06,sh.000300,3808.1629
2023-06-07,sh.000300,3789.3418
2023-06-08,sh.000300,3820.1867
2023-06-09,sh.000300,3836.7026
2023-06-12,sh.000300,3844.4324
2023-06-13,sh.000300,3864.9074
2023-06-14,sh.000300,3864.0247
2023-06-15,sh.000300,3925.4994
2023-06-16,sh.000300,3963.3509
2023-06-19,sh.000300,3930.9079
2023-06-20,sh.000300,3924.2377
2023-06-21,sh.000300,3864.0323
2023-06-26,sh.000300,3809.6962
2023-06-27,sh.000300,3845.4334
2023-06-28,sh.000300,3840.7986
2023-06-29,sh.000300,3821.8435
2023-06-30,sh.000300,3842.4516
2023-07-03,sh.000300,3892.8821
2023-07-04,sh.000300,3899.0133
2023-07-05,sh.000300,3868.8054
2023-07-06,sh.000300,3842.7547
2023-07-07,sh.000300,3825.6988
2023-07-10,sh.000300,3844.3269
2023-07-11,sh.000300,3869.4861
2023-07-12,sh.000300,3843.4369
2023-07-13,sh.000300,3898.4229
2023-07-14,sh.000300,3899.1027
2023-07-17,sh.000300,3867.1749
2023-07-18,sh.000300,3854.9393
2023-07-19,sh.000300,3850.8663
2023-07-20,sh.000300,3823.6946
2023-07-21,sh.000300,3821.91
2023-07-24,sh.000300,3805.221
2023-07-25,sh.000300,3915.1153
2023-07-26,sh.000300,3907.0128
2023-07-27,sh.000300,3902.3458
2023-07-28,sh.000300,3992.7376
2023-07-31,sh.000300,4014.6301
2023-08-01,sh.000300,3998.001
2023-08-02,sh.000300,3969.895
2023-08-03,sh.000300,4004.9839
2023-08-04,sh.000300,4020.5792
2023-08-07,sh.000300,3990.1531
2023-08-08,sh.000300,3979.7322
2023-08-09,sh.000300,3967.5652
2023-08-10,sh.000300,3975.7166
2023-08-11,sh.000300,3884.2538
2023-08-14,sh.000300,3855.9061
2023-08-15,sh.000300,3846.5357
2023-08-16,sh.000300,3818.3338
2023-08-17,sh.000300,3831.1008
2023-08-18,sh.000300,3784.0038
2023-08-21,sh.000300,3729.555
2023-08-22,sh.000300,3758.2271
2023-08-23,sh.000300,3696.6339
2023-08-24,sh.000300,3723.4293
2023-08-25,sh.000300,3709.1517
2023-08-28,sh.000300,3752.6194
2023-08-29,sh.000300,3790.1067
2023-08-30,sh.000300,3788.5097
2023-08-31,sh.000300,3765.2678
2023-09-01,sh.000300,3791.4912
2023-09-04,sh.000300,3848.9517
2023-09-05,sh.000300,3820.3174
2023-09-06,sh.000300,3812.0283
2023-09-07,sh.000300,3758.4748
2023-09-08,sh.000300,3739.9927
2023-09-11,sh.000300,3767.537
2023-09-12,sh.000300,3760.6048
2023-09-13,sh.000300,3736.6513
2023-09-14,sh.000300,3733.5077
2023-09-15,sh.000300,3708.7766
2023-09-18,sh.000300,3727.711
2023-09-19,sh.000300,3720.5021
2023-09-20,sh.000300,3705.6898
2023-09-21,sh.000300,3672.4448
2023-09-22,sh.000300,3738.9327
2023-09-25,sh.000300,3714.6037
2023-09-26,sh.000300,3692.8928
2023-09-27,sh.000300,3700.495
2023-09-28,sh.000300,3689.5172
2023-10-09,sh.000300,3684.7272
2023-10-10,sh.000300,3657.1259
2023-10-11,sh.000300,3667.5483
2023-10-12,sh.000300,3702.3824
2023-10-13,sh.000300,3663.4104
2023-10-16,sh.000300,3626.5972
2023-10-17,sh.000300,3639.4018
2023-10-18,sh.000300,3610.5767
2023-10-19,sh.000300,3533.5445
2023-10-20,sh.000300,3510.5889
2023-10-23,sh.000300,3474.2438
2023-10-24,sh.000300,3487.1302
2023-10-25,sh.000300,3504.4576
2023-10-26,sh.000300,3514.1448
2023-10-27,sh.000300,3562.3851
2023-10-30,sh.000300,3583.7718
2023-10-31,sh.000300,3572.5056
2023-11-01,sh.000300,3571.0268
2023-11-02,sh.000300,3554.1889
2023-11-03,sh.000300,3584.1364
2023-11-06,sh.000300,3632.6084
2023-11-07,sh.000300,3619.7593
2023-11-08,sh.000300,3611.0723
2023-11-09,sh.000300,3612.8263
2023-11-10,sh.000300,3586.4893
2023-11-13,sh.000300,3579.4141
2023-11-14,sh.000300,3582.0584
2023-11-15,sh.000300,3607.2454
2023-11-16,sh.000300,3572.3641
2023-11-17,sh.000300,3568.0685
2023-11-20,sh.000300,3576.3233
2023-11-21,sh.000300,3581.0674
2023-11-22,sh.000300,3544.4162
2023-11-23,sh.000300,3561.5204
2023-11-24,sh.000300,3538.0087
2023-11-27,sh.000300,3511.9424
2023-11-28,sh.000300,3518.5232
2023-11-29,sh.000300,3488.3073
2023-11-30,sh.000300,3496.2028
2023-12-01,sh.000300,3482.8813
2023-12-04,sh.000300,3460.138
2023-12-05,sh.000300,3394.2571
2023-12-06,sh.000300,3399.598
2023-12-07,sh.000300,3391.2823
2023-12-08,sh.000300,3399.4618
2023-12-11,sh.000300,3419.4548
2023-12-12,sh.000300,3426.803
2023-12-13,sh.000300,3369.605
2023-12-14,sh.000300,3351.9639
2023-12-15,sh.000300,3341.5517
2023-12-18,sh.000300,3329.3657
2023-12-19,sh.000300,3334.0412
2023-12-20,sh.000300,3297.5022
2023-12-21,sh.000300,3330.8698
2023-12-22,sh.000300,3337.2281
2023-12-25,sh.000300,3347.4508
2023-12-26,sh.000300,3324.7902
2023-12-27,sh.000300,3336.3572
2023-12-28,sh.000300,3414.5403
2023-12-29,sh.000300,3431.1099
2024-01-02,sh.000300,3386.3522
2024-01-03,sh.000300,3378.2971
2024-01-04,sh.000300,3347.0519
2024-01-05,sh.000300,3329.1114
2024-01-08,sh.000300,3286.0564
2024-01-09,sh.000300,3292.4994
2024-01-10,sh.000300,3277.129
2024-01-11,sh.000300,3295.6717
2024-01-12,sh.000300,3284.1667
2024-01-15,sh.000300,3280.9195
2024-01-16,sh.000300,3300.8762
2024-01-17,sh.000300,3229.082
2024-01-18,sh.000300,3274.7286
2024-01-19,sh.000300,3269.7763
2024-01-22,sh.000300,3218.9016
2024-01-23,sh.000300,3231.9329
2024-01-24,sh.000300,3277.1089
2024-01-25,sh.000300,3342.9189
2024-01-26,sh.000300,3333.8213
2024-01-29,sh.000300,3303.9604
2024-01-30,sh.000300,3245.0387
2024-01-31,sh.000300,3215.3518
2024-02-01,sh.000300,3217.7109
2024-02-02,sh.000300,3179.6276
2024-02-05,sh.000300,3200.4218
2024-02-06,sh.000300,3311.6922
2024-02-07,sh.000300,3343.6303
2024-02-08,sh.000300,3364.9297
2024-02-19,sh.000300,3403.8078
2024-02-20,sh.000300,3410.8542
2024-02-21,sh.000300,3456.8713
2024-02-22,sh.000300,3486.6747
2024-02-23,sh.000300,3489.7416
2024-02-26,sh.000300,3453.3585
2024-02-27,sh.000300,3494.7874
2024-02-28,sh.000300,3450.2598
2024-02-29,sh.000300,3516.0826
2024-03-01,sh.000300,3537.8038
2024-03-04,sh.000300,3540.8686
2024-03-05,sh.000300,3565.5143
2024-03-06,sh.000300,3551.0481
2024-03-07,sh.000300,3529.7195
2024-03-08,sh.000300,3544.9099
2024-03-11,sh.000300,3589.2635
2024-03-12,sh.000300,3597.4939
2024-03-13,sh.000300,3572.361
2024-03-14,sh.000300,3562.2229
2024-03-15,sh.000300,3569.993
2024-03-18,sh.000300,3603.528
2024-03-19,sh.000300,3577.6303
2024-03-20,sh.000300,3585.3838
2024-03-21,sh.000300,3581.0902
2024-03-22,sh.000300,3545.0023
2024-03-25,sh.000300,3525.7634
2024-03-26,sh.000300,3543.7467
2024-03-27,sh.000300,3502.7866
2024-03-28,sh.000300,3520.9648
2024-03-29,sh.000300,3537.4843
2024-04-01,sh.000300,3595.6466
2024-04-02,sh.000300,3580.6759
2024-04-03,sh.000300,3567.8031
2024-04-08,sh.000300,3536.4077
2024-04-09,sh.000300,3533.4871
2024-04-10,sh.000300,3504.7086
2024-04-11,sh.000300,3504.2447
2024-04-12,sh.000300,3475.8389
2024-04-15,sh.000300,3549.0759
2024-04-16,sh.000300,3511.1146
2024-04-17,sh.000300,3565.403
2024-04-18,sh.000300,3569.8018
2024-04-19,sh.000300,3541.6619
2024-04-22,sh.000300,3530.9045
2024-04-23,sh.000300,3506.2249
2024-04-24,sh.000300,3521.6219
2024-04-25,sh.000300,3530.2813
2024-04-26,sh.000300,3584.2686
2024-04-29,sh.000300,3623.9124
2024-04-30,sh.000300,3604.3943
2024-05-06,sh.000300,3657.8767
2024-05-07,sh.000300,3659.0076
2024-05-08,sh.000300,3630.2233
2024-05-09,sh.000300,3664.561
2024-05-10,sh.000300,3666.2771
2024-05-13,sh.000300,3664.6907
2024-05-14,sh.000300,3657.0454
2024-05-15,sh.000300,3626.0559
2024-05-16,sh.000300,3640.3592
2024-05-17,sh.000300,3677.9696
2024-05-20,sh.000300,3690.9623
2024-05-21,sh.000300,3676.1611
2024-05-22,sh.000300,3684.451
2024-05-23,sh.000300,3641.7917
2024-05-24,sh.000300,3601.4754
2024-05-27,sh.000300,3635.7079
2024-05-28,sh.000300,3609.1724
2024-05-29,sh.000300,3613.5223
2024-05-30,sh.000300,3594.3121
2024-05-31,sh.000300,3579.9247
2024-06-03,sh.000300,3588.7483
2024-06-04,sh.000300,3615.6714
2024-06-05,sh.000300,3594.7936
2024-06-06,sh.000300,3592.2454
2024-06-07,sh.000300,3574.1143
2024-06-11,sh.000300,3542.8771
2024-06-12,sh.000300,3544.1225
2024-06-13,sh.000300,3526.1306
2024-06-14,sh.000300,3541.5331
2024-06-17,sh.000300,3536.1986
2024-06-18,sh.000300,3545.5902
2024-06-19,sh.000300,3528.749
2024-06-20,sh.000300,3503.2817
2024-06-21,sh.000300,3495.6198
2024-06-24,sh.000300,3476.8102
2024-06-25,sh.000300,3457.9023
2024-06-26,sh.000300,3480.2648
2024-06-27,sh.000300,3454.1175
2024-06-28,sh.000300,3461.657
2024-07-01,sh.000300,3478.1827
2024-07-02,sh.000300,3471.7857
2024-07-03,sh.000300,3463.4141
2024-07-04,sh.000300,3445.8128
2024-07-05,sh.000300,3431.0605
2024-07-08,sh.000300,3401.7604
2024-07-09,sh.000300,3439.8111
2024-07-10,sh.000300,3428.9657
2024-07-11,sh.000300,3468.169
2024-07-12,sh.000300,3472.4014
2024-07-15,sh.000300,3476.2467
2024-07-16,sh.000300,3498.2827
2024-07-17,sh.000300,3501.5836
2024-07-18,sh.000300,3520.931
2024-07-19,sh.000300,3539.0156
2024-07-22,sh.000300,3514.9249
2024-07-23,sh.000300,3439.8779
2024-07-24,sh.000300,3418.1663
2024-07-25,sh.000300,3399.2716
2024-07-26,sh.000300,3409.2931
2024-07-29,sh.000300,3390.742
2024-07-30,sh.000300,3369.3821
2024-07-31,sh.000300,3442.0844
2024-08-01,sh.000300,3419.2666
2024-08-02,sh.000300,3384.3919
2024-08-05,sh.000300,3343.3205
2024-08-06,sh.000300,3342.9789
2024-08-07,sh.000300,3341.489
2024-08-08,sh.000300,3342.9369
2024-08-09,sh.000300,3331.6274
2024-08-12,sh.000300,3325.8645
2024-08-13,sh.000300,3334.3903
2024-08-14,sh.000300,3309.2389
2024-08-15,sh.000300,3341.953
2024-08-16,sh.000300,3345.634
2024-08-19,sh.000300,3356.9677
2024-08-20,sh.000300,3332.7034
2024-08-21,sh.000300,3321.635
2024-08-22,sh.000300,3313.1357
2024-08-23,sh.000300,3327.1905
2024-08-26,sh.000300,3324.2231
2024-08-27,sh.000300,3305.3338
2024-08-28,sh.000300,3286.4956
2024-08-29,sh.000300,3277.6812
2024-08-30,sh.000300,3321.4323
2024-09-02,sh.000300,3265.011
2024-09-03,sh.000300,3273.4282
2024-09-04,sh.000300,3252.1649
2024-09-05,sh.000300,3257.7578
2024-09-06,sh.000300,3231.3457
2024-09-09,sh.000300,3192.9516
2024-09-10,sh.000300,3195.7552
2024-09-11,sh.000300,3186.1299
2024-09-12,sh.000300,3172.4747
2024-09-13,sh.000300,3159.247
2024-09-18,sh.000300,3171.0102
2024-09-19,sh.000300,3196.0357
2024-09-20,sh.000300,3201.0497
2024-09-23,sh.000300,3212.7639
2024-09-24,sh.000300,3351.909
2024-09-25,sh.000300,3401.533
2024-09-26,sh.000300,3545.3204
2024-09-27,sh.000300,3703.6849
2024-09-30,sh.000300,4017.8545
2024-10-08,sh.000300,4256.0962
2024-10-09,sh.000300,3955.9839
2024-10-10,sh.000300,3997.7879
2024-10-11,sh.000300,3887.167
2024-10-14,sh.000300,3961.3424
2024-10-15,sh.000300,3855.9949
2024-10-16,sh.000300,3831.589
2024-10-17,sh.000300,3788.2217
2024-10-18,sh.000300,3925.234
2024-10-21,sh.000300,3935.1974
2024-10-22,sh.000300,3957.7755
2024-10-23,sh.000300,3973.2089
2024-10-24,sh.000300,3928.8334
2024-10-25,sh.000300,3956.421
2024-10-28,sh.000300,3964.1569
2024-10-29,sh.000300,3924.649
2024-10-30,sh.000300,3889.4487
2024-10-31,sh.000300,3891.0396
2024-11-01,sh.000300,3890.0203
2024-11-04,sh.000300,3944.7619
2024-11-05,sh.000300,4044.5725
2024-11-06,sh.000300,4024.2831
2024-11-07,sh.000300,4145.6952
2024-11-08,sh.000300,4104.047
2024-11-11,sh.000300,4131.1312
2024-11-12,sh.000300,4085.743
2024-11-13,sh.000300,4110.8901
2024-11-14,sh.000300,4039.6191
2024-11-15,sh.000300,3968.8308
2024-11-18,sh.000300,3950.3806
2024-11-19,sh.000300,3976.8912
2024-11-20,sh.000300,3985.7727
2024-11-21,sh.000300,3989.2979
2024-11-22,sh.000300,3865.6989
2024-11-25,sh.000300,3848.0909
2024-11-26,sh.000300,3840.1847
2024-11-27,sh.000300,3907.0447
2024-11-28,sh.000300,3872.5505
2024-11-29,sh.000300,3916.5832
2024-12-02,sh.000300,3947.632
2024-12-03,sh.000300,3951.8912
2024-12-04,sh.000300,3930.5568
2024-12-05,sh.000300,3921.5881
2024-12-06,sh.000300,3973.1405
2024-12-09,sh.000300,3966.5708
2024-12-10,sh.000300,3995.6369
2024-12-11,sh.000300,3988.8308
2024-12-12,sh.000300,4028.5048
2024-12-13,sh.000300,3933.1808
2024-12-16,sh.000300,3911.8416
2024-12-17,sh.000300,3922.0334
2024-12-18,sh.000300,3941.89
2024-12-19,sh.000300,3945.4635
2024-12-20,sh.000300,3927.7441
2024-12-23,sh.000300,3933.5718
2024-12-24,sh.000300,3983.6882
2024-12-25,sh.000300,3985.6291
2024-12-26,sh.000300,3987.4801
2024-12-27,sh.000300,3981.0307
2024-12-30,sh.000300,3999.0549
2024-12-31,sh.000300,3934.9109
2025-01-02,sh.000300,3820.3952
2025-01-03,sh.000300,3775.1648
2025-01-06,sh.000300,3768.9697
2025-01-07,sh.000300,3796.1055
2025-01-08,sh.000300,3789.2153
2025-01-09,sh.000300,3779.8773
2025-01-10,sh.000300,3732.4806
2025-01-13,sh.000300,3722.513
2025-01-14,sh.000300,3820.5395
2025-01-15,sh.000300,3796.026
2025-01-16,sh.000300,3800.3836
2025-01-17,sh.000300,3812.3429
2025-01-20,sh.000300,3829.6764
2025-01-21,sh.000300,3832.6145
2025-01-22,sh.000300,3797.0166
2025-01-23,sh.000300,3803.7439
2025-01-24,sh.000300,3832.8637
2025-01-27,sh.000300,3817.0802
2025-02-05,sh.000300,3795.0848
2025-02-06,sh.000300,3842.8314
2025-02-07,sh.000300,3892.7028
2025-02-10,sh.000300,3901.0618
2025-02-11,sh.000300,3883.1352
2025-02-12,sh.000300,3919.8617
2025-02-13,sh.000300,3905.1398
2025-02-14,sh.000300,3939.0085
2025-02-17,sh.000300,3947.3983
2025-02-18,sh.000300,3912.7829
2025-02-19,sh.000300,3940.1602
2025-02-20,sh.000300,3928.8959
2025-02-21,sh.000300,3978.444
2025-02-24,sh.000300,3969.7169
2025-02-25,sh.000300,3925.6505
2025-02-26,sh.000300,3959.9413
2025-02-27,sh.000300,3968.1159
2025-02-28,sh.000300,3890.0487
2025-03-03,sh.000300,3888.4738
2025-03-04,sh.000300,3885.2208
2025-03-05,sh.000300,3902.5706
2025-03-06,sh.000300,3956.2369
2025-03-07,sh.000300,3944.0143
2025-03-10,sh.000300,3928.8018
2025-03-11,sh.000300,3941.4157
2025-03-12,sh.000300,3927.2315
2025-03-13,sh.000300,3911.5793
2025-03-14,sh.000300,4006.5567
2025-03-17,sh.000300,3996.7876
2025-03-18,sh.000300,4007.7229
2025-03-19,sh.000300,4010.168
2025-03-20,sh.000300,3974.9918
2025-03-21,sh.000300,3914.6956
2025-03-24,sh.000300,3934.8486
2025-03-25,sh.000300,3932.2951
2025-03-26,sh.000300,3919.3566
2025-03-27,sh.000300,3932.4117
2025-03-28,sh.000300,3915.1662
2025-03-31,sh.000300,3887.3056
2025-04-01,sh.000300,3887.6841
2025-04-02,sh.000300,3884.3858
2025-04-03,sh.000300,3861.5034
2025-04-07,sh.000300,3589.4406
2025-04-08,sh.000300,3650.759
2025-04-09,sh.000300,3686.7943
2025-04-10,sh.000300,3735.1151
2025-04-11,sh.000300,3750.5167
2025-04-14,sh.000300,3759.1422
2025-04-15,sh.000300,3761.2348
2025-04-16,sh.000300,3772.8204
2025-04-17,sh.000300,3772.2221
2025-04-18,sh.000300,3772.523
2025-04-21,sh.000300,3784.8806
2025-04-22,sh.000300,3783.9522
2025-04-23,sh.000300,3786.8824
2025-04-24,sh.000300,3784.3574
2025-04-25,sh.000300,3786.9937
2025-04-28,sh.000300,3781.6188
2025-04-29,sh.000300,3775.0767
2025-04-30,sh.000300,3770.5705
2025-05-06,sh.000300,3808.5424
2025-05-07,sh.000300,3831.627
2025-05-08,sh.000300,3852.8963
2025-05-09,sh.000300,3846.1566
2025-05-12,sh.000300,3890.6096
2025-05-13,sh.000300,3896.2583
2025-05-14,sh.000300,3943.2108
2025-05-15,sh.000300,3907.1992
2025-05-16,sh.000300,3889.0854
2025-05-19,sh.000300,3877.1453
2025-05-20,sh.000300,3898.1705
2025-05-21,sh.000300,3916.3807
2025-05-22,sh.000300,3913.8651
2025-05-23,sh.000300,3882.2741
2025-05-26,sh.000300,3860.1067
2025-05-27,sh.000300,3839.3969
2025-05-28,sh.000300,3836.2366
2025-05-29,sh.000300,3858.6998
2025-05-30,sh.000300,3840.2323
2025-06-03,sh.000300,3852.0127
2025-06-04,sh.000300,3868.7429
2025-06-05,sh.000300,3877.5557
2025-06-06,sh.000300,3873.9841
2025-06-09,sh.000300,3885.2459
2025-06-10,sh.000300,3865.4652
2025-06-11,sh.000300,3894.6252
2025-06-12,sh.000300,3892.1992
2025-06-13,sh.000300,3864.1822
2025-06-16,sh.000300,3873.7951
2025-06-17,sh.000300,3870.3786
2025-06-18,sh.000300,3874.9708
2025-06-19,sh.000300,3843.0912
2025-06-20,sh.000300,3846.6443
2025-06-23,sh.000300,3857.9016
2025-06-24,sh.000300,3904.0342
2025-06-25,sh.000300,3960.0662
2025-06-26,sh.000300,3946.0195
2025-06-27,sh.000300,3921.7578
2025-06-30,sh.000300,3936.0791
2025-07-01,sh.000300,3942.762
2025-07-02,sh.000300,3943.6849
2025-07-03,sh.000300,3968.0676
2025-07-04,sh.000300,3982.2034
2025-07-07,sh.000300,3965.1746
2025-07-08,sh.000300,3998.4527
2025-07-09,sh.000300,3991.4006
2025-07-10,sh.000300,4010.0243
2025-07-11,sh.000300,4014.807
2025-07-14,sh.000300,4017.6678
2025-07-15,sh.000300,4019.0644
2025-07-16,sh.000300,4007.2019
2025-07-17,sh.000300,4034.491
2025-07-18,sh.000300,4058.5486
2025-07-21,sh.000300,4085.6072
2025-07-22,sh.000300,4118.9582
2025-07-23,sh.000300,4119.7685
2025-07-24,sh.000300,4149.0368
2025-07-25,sh.000300,4127.1634
2025-07-28,sh.000300,4135.8242
2025-07-29,sh.000300,4152.0247
2025-07-30,sh.000300,4151.2379
2025-07-31,sh.000300,4075.5912
2025-08-01,sh.000300,4054.9286
2025-08-04,sh.000300,4070.7023
2025-08-05,sh.000300,4103.45
2025-08-06,sh.000300,4113.4852
2025-08-07,sh.000300,4114.666
2025-08-08,sh.000300,4104.9669
2025-08-11,sh.000300,4122.5106
2025-08-12,sh.000300,4143.8252
2025-08-13,sh.000300,4176.5776
2025-08-14,sh.000300,4173.3131
2025-08-15,sh.000300,4202.3533
2025-08-18,sh.000300,4239.4125
2025-08-19,sh.000300,4223.3741
2025-08-20,sh.000300,4271.3958
2025-08-21,sh.000300,4288.0707
2025-08-22,sh.000300,4377.9977
2025-08-25,sh.000300,4469.2217
2025-08-26,sh.000300,4452.5905
2025-08-27,sh.000300,4386.1266
2025-08-28,sh.000300,4463.782
2025-08-29,sh.000300,4496.7591
2025-09-01,sh.000300,4523.7111
2025-09-02,sh.000300,4490.4528
2025-09-03,sh.000300,4459.8296
2025-09-04,sh.000300,4365.2085
2025-09-05,sh.000300,4460.3249
2025-09-08,sh.000300,4467.5733
2025-09-09,sh.000300,4436.2584
2025-09-10,sh.000300,4445.3649
2025-09-11,sh.000300,4548.0345
2025-09-12,sh.000300,4521.998
2025-09-15,sh.000300,4533.0557
2025-09-16,sh.000300,4523.3367
2025-09-17,sh.000300,4551.023
2025-09-18,sh.000300,4498.109
2025-09-19,sh.000300,4501.9195
2025-09-22,sh.000300,4522.608
2025-09-23,sh.000300,4519.7781
2025-09-24,sh.000300,4566.0708
2025-09-25,sh.000300,4593.4875
2025-09-26,sh.000300,4550.0487
2025-09-29,sh.000300,4620.0528
2025-09-30,sh.000300,4640.6935
2025-10-09,sh.000300,4709.482
2025-10-10,sh.000300,4616.8341
2025-10-13,sh.000300,4593.9785
2025-10-14,sh.000300,4539.0644
2025-10-15,sh.000300,4606.2879
2025-10-16,sh.000300,4618.4218
2025-10-17,sh.000300,4514.2345
2025-10-20,sh.000300,4538.2201
2025-10-21,sh.000300,4607.8715
2025-10-22,sh.000300,4592.57
2025-10-23,sh.000300,4606.3447
2025-10-24,sh.000300,4660.6835
2025-10-27,sh.000300,4716.0186
2025-10-28,sh.000300,4691.973
2025-10-29,sh.000300,4747.8378
2025-10-30,sh.000300,4709.911
2025-10-31,sh.000300,4640.6676
2025-11-03,sh.000300,4653.4028
2025-11-04,sh.000300,4618.699
2025-11-05,sh.000300,4627.257
2025-11-06,sh.000300,4693.4032
2025-11-07,sh.000300,4678.7944
2025-11-10,sh.000300,4695.0507
2025-11-11,sh.000300,4652.1655
2025-11-12,sh.000300,4645.9079
2025-11-13,sh.000300,4702.0738
2025-11-14,sh.000300,4628.1398
2025-11-17,sh.000300,4598.0525
2025-11-18,sh.000300,4568.1928
2025-11-19,sh.000300,4588.2922
2025-11-20,sh.000300,4564.9483
2025-11-21,sh.000300,4453.6076
2025-11-24,sh.000300,4448.0478
2025-11-25,sh.000300,4490.4047
2025-11-26,sh.000300,4517.6255
2025-11-27,sh.000300,4515.4027
2025-11-28,sh.000300,4526.6616
2025-12-01,sh.000300,4576.4856
2025-12-02,sh.000300,4554.3347
2025-12-03,sh.000300,4531.0486
2025-12-04,sh.000300,4546.5664
2025-12-05,sh.000300,4584.5368
2025-12-08,sh.000300,4621.7545
2025-12-09,sh.000300,4598.2232
2025-12-10,sh.000300,4591.8273
2025-12-11,sh.000300,4552.1848
2025-12-12,sh.000300,4580.95
2025-12-15,sh.000300,4552.0596
2025-12-16,sh.000300,4497.5545
2025-12-17,sh.000300,4579.875
2025-12-18,sh.000300,4552.7926
2025-12-19,sh.000300,4568.1781
2025-12-22,sh.000300,4611.6235
2025-12-23,sh.000300,4620.7341
2025-12-24,sh.000300,4634.0586
2025-12-25,sh.000300,4642.5357
2025-12-26,sh.000300,4657.24
2025-12-29,sh.000300,4639.3721
2025-12-30,sh.000300,4651.2818
2025-12-31,sh.000300,4629.9395
2026-01-05,sh.000300,4717.7457
2026-01-06,sh.000300,4790.6938
2026-01-07,sh.000300,4776.6658
2026-01-08,sh.000300,4737.6536
2026-01-09,sh.000300,4758.9221
2026-01-12,sh.000300,4789.9155
2026-01-13,sh.000300,4761.0324
2026-01-14,sh.000300,4741.9306
2026-01-15,sh.000300,4751.4293
2026-01-16,sh.000300,4731.8728
2026-01-19,sh.000300,4734.4556
2026-01-20,sh.000300,4718.8782
2026-01-21,sh.000300,4723.0692
2026-01-22,sh.000300,4723.7091
2026-01-23,sh.000300,4702.4966
2026-01-26,sh.000300,4706.964
2026-01-27,sh.000300,4705.6918
2026-01-28,sh.000300,4717.9914
2026-01-29,sh.000300,4753.8697
2026-01-30,sh.000300,4706.3401
2026-02-02,sh.000300,4605.9799
2026-02-03,sh.000300,4660.1074
2026-02-04,sh.000300,4698.6832
2026-02-05,sh.000300,4670.4188
2026-02-06,sh.000300,4643.5959
2026-02-09,sh.000300,4719.0559
2026-02-10,sh.000300,4724.2956
2026-02-11,sh.000300,4713.8185
2026-02-12,sh.000300,4719.578
2026-02-13,sh.000300,4660.4056
2026-02-24,sh.000300,4707.544
2026-02-25,sh.000300,4735.8858
2026-02-26,sh.000300,4726.8739
2026-02-27,sh.000300,4710.6469
2026-03-02,sh.000300,4728.6688
2026-03-03,sh.000300,4655.8962
2026-03-04,sh.000300,4602.6247
2026-03-05,sh.000300,4647.6921
2026-03-06,sh.000300,4660.439
2026-03-09,sh.000300,4615.4551
2026-03-10,sh.000300,4674.7562
2026-03-11,sh.000300,4704.4959
2026-03-12,sh.000300,4687.5601
2026-03-13,sh.000300,4669.14
2026-03-16,sh.000300,4671.5591
2026-03-17,sh.000300,4637.4392
2026-03-18,sh.000300,4658.3324
2026-03-19,sh.000300,4583.2511
2026-03-20,sh.000300,4567.0179
2026-03-23,sh.000300,4417.9971
2026-03-24,sh.000300,4474.7224
2026-03-25,sh.000300,4537.4656
2026-03-26,sh.000300,4477.5343
2026-03-27,sh.000300,4502.5698
2026-03-30,sh.000300,4491.95
2026-03-31,sh.000300,4450.0493
2026-04-01,sh.000300,4526.0668
2026-04-02,sh.000300,4478.9141
2026-04-03,sh.000300,4440.7889
2026-04-07,sh.000300,4440.6162
