日期,开盘价,最高价,最低价,收盘价,成交量,成交额
2020-01-02,85.9,86.79,85.88,86.12,77825207,6712531637.0
2020-01-03,86.81,86.88,85.9,86.2,59498001,5137311989.0
2020-01-06,85.92,86.87,85.5,85.6,63644804,5487967678.0
2020-01-07,86.01,86.46,85.67,86.15,45218832,3886450097.0
2020-01-08,85.98,85.98,84.5,85.0,62805311,5347387392.0
2020-01-09,85.58,85.61,84.69,85.04,59871202,5090240023.0
2020-01-10,85.35,85.39,84.61,84.78,52586461,4460689400.0
2020-01-13,85.01,86.47,84.78,86.45,81058866,6944781684.0
2020-01-14,87.2,87.82,86.68,86.83,71668182,6246205825.0
2020-01-15,86.81,87.12,85.68,85.81,52621657,4530511031.0
2020-01-16,86.31,86.37,85.55,85.55,49857909,4283072147.0
2020-01-17,86.15,86.9,85.85,86.25,55537018,4786520184.0
2020-01-20,88.3,88.7,87.35,87.6,93605062,8248578935.0
2020-01-21,87.0,87.29,85.6,85.6,72757941,6273908588.0
2020-01-22,85.0,85.48,83.83,85.22,73657688,6235779993.0
2020-01-23,84.01,84.56,82.48,83.49,108002062,9019354016.0
2020-02-03,76.51,79.25,76.4,77.71,203149868,15779335422.0
2020-02-04,78.3,80.97,78.2,80.43,121348050,9661568316.0
2020-02-05,80.56,81.33,79.76,80.38,75319694,6062969630.0
2020-02-06,81.18,81.97,80.38,81.52,67218969,5451123737.0
2020-02-07,80.6,81.2,80.42,81.03,49163056,3968082289.0
2020-02-10,80.35,80.64,79.9,80.3,59360447,4759660453.0
2020-02-11,80.89,81.86,80.5,81.13,58432220,4748597561.0
2020-02-12,81.1,81.46,80.55,81.2,44433902,3595991660.0
2020-02-13,81.2,81.2,80.36,80.45,56260392,4532120660.0
2020-02-14,80.37,81.26,80.21,81.0,42876535,3460459250.0
2020-02-17,81.0,82.49,80.7,82.39,67811881,5545284407.0
2020-02-18,81.81,82.11,81.44,81.55,51320023,4192774607.0
2020-02-19,81.03,82.24,81.01,81.7,46047417,3760231172.0
2020-02-20,82.0,83.61,81.35,83.28,83304258,6866907972.0
2020-02-21,82.5,83.23,82.0,82.38,109390584,9020541385.0
2020-02-24,81.0,81.3,80.5,80.72,103510293,8361285867.0
2020-02-25,79.8,80.32,79.51,80.19,86900094,6948570625.0
2020-02-26,79.45,80.76,79.11,79.83,84416650,6737173090.0
2020-02-27,79.6,80.4,79.3,79.79,66679316,5318013519.0
2020-02-28,78.6,79.29,77.71,77.72,98392314,7697148541.0
2020-03-02,78.32,80.2,78.32,79.58,71232340,5669190141.0
2020-03-03,80.48,80.57,79.26,79.49,67823840,5418803178.0
2020-03-04,79.9,80.75,79.9,80.58,67757456,5443423591.0
2020-03-05,81.01,82.76,80.62,82.45,96064271,7866801864.0
2020-03-06,81.57,81.92,80.8,80.91,58418607,4739601763.0
2020-03-09,78.91,79.0,78.02,78.14,105508261,8277312802.0
2020-03-10,78.14,79.78,77.83,79.18,71700649,5645289830.0
2020-03-11,79.18,79.25,78.15,78.15,59140393,4645175644.0
2020-03-12,77.25,77.48,76.53,76.65,90129053,6925926414.0
2020-03-13,72.14,75.98,72.1,74.71,116615744,8615758935.0
2020-03-16,74.5,74.52,71.8,72.0,97917345,7135463717.0
2020-03-17,71.65,73.0,70.89,72.14,95092287,6841593561.0
2020-03-18,72.53,72.88,69.85,69.87,85218111,6077848896.0
2020-03-19,69.1,69.87,66.32,67.81,123676064,8385522982.0
2020-03-20,68.71,69.4,67.35,69.0,88726935,6081161074.0
2020-03-23,66.0,67.5,66.0,66.76,68407966,4566662467.0
2020-03-24,67.95,69.05,67.82,68.95,79163320,5419438569.0
2020-03-25,70.6,71.23,69.88,70.35,92818620,6547779490.0
2020-03-26,69.48,71.0,69.35,70.19,54986973,3859228586.0
2020-03-27,71.25,71.29,69.72,69.72,60308423,4246255802.0
2020-03-30,68.6,69.39,68.45,69.15,46795596,3222983516.0
2020-03-31,70.11,70.35,69.01,69.17,42536786,2967824565.0
2020-04-01,69.0,70.47,68.9,69.32,55692869,3887226530.0
2020-04-02,68.4,69.67,67.76,69.67,51202929,3512800754.0
2020-04-03,69.1,69.26,68.41,68.86,42025417,2892833242.0
2020-04-07,70.08,70.3,69.56,69.97,61934765,4330830271.0
2020-04-08,69.57,69.8,69.32,69.39,36245867,2521691766.0
2020-04-09,69.65,69.96,69.38,69.64,36830815,2567770387.0
2020-04-10,69.65,72.43,69.38,70.99,76624962,5445247152.0
2020-04-13,70.45,70.79,70.0,70.13,35516987,2495812251.0
2020-04-14,70.68,71.17,70.25,71.02,42969677,3041154493.0
2020-04-15,71.07,71.38,70.65,70.85,38151523,2707408704.0
2020-04-16,70.5,70.71,70.16,70.38,28294260,1992746679.0
2020-04-17,71.1,73.32,70.79,72.4,90367948,6519197379.0
2020-04-20,72.89,73.8,72.1,73.5,65419398,4785645886.0
2020-04-21,73.05,73.48,71.51,72.37,56898431,4118269231.0
2020-04-22,72.0,72.07,71.48,72.07,37767315,2709336486.0
2020-04-23,72.39,72.8,71.82,72.16,32966612,2379812928.0
2020-04-24,71.03,71.03,70.3,70.5,66711619,4705918849.0
2020-04-27,70.62,71.61,70.62,71.2,48152784,3433518802.0
2020-04-28,71.5,72.68,70.97,72.38,61387427,4420134600.0
2020-04-29,72.38,74.2,72.38,74.0,53115638,3917886431.0
2020-04-30,74.46,75.3,74.21,74.46,48625473,3635525684.0
2020-05-06,73.3,73.98,72.9,73.81,62916787,4613009932.0
2020-05-07,73.7,73.7,72.81,73.23,40312289,2946802572.0
2020-05-08,72.8,73.29,72.06,72.97,40471960,2944390962.0
2020-05-11,73.11,74.8,73.11,73.9,49575731,3677832430.0
2020-05-12,73.9,74.33,73.47,73.93,41545036,3071895578.0
2020-05-13,73.6,73.93,72.65,73.34,28897035,2118699108.0
2020-05-14,73.0,73.0,72.17,72.23,34971511,2535717394.0
2020-05-15,72.61,73.1,72.18,72.23,31750730,2301777679.0
2020-05-18,72.2,72.98,71.69,72.2,30846266,2228956647.0
2020-05-19,73.18,73.6,72.61,72.9,34158323,2493797102.0
2020-05-20,73.0,73.19,72.5,72.95,27483484,2000585096.0
2020-05-21,73.2,73.3,72.36,72.38,31268623,2277526278.0
2020-05-22,72.06,72.1,70.1,70.12,57719422,4091224714.0
2020-05-25,70.0,70.08,69.0,70.03,41710115,2901602627.0
2020-05-26,70.99,71.0,70.32,70.51,27112848,1912577654.0
2020-05-27,70.72,71.58,70.52,70.65,28715214,2036204894.0
2020-05-28,70.68,71.99,70.68,71.51,41426045,2961421771.0
2020-05-29,70.9,71.3,70.48,70.71,26844115,1901686644.0
2020-06-01,71.4,72.23,71.23,72.16,45767284,3296218949.0
2020-06-02,72.02,74.53,72.01,74.28,81052327,5968449049.0
2020-06-03,75.0,76.69,75.0,75.01,99148840,7515763784.0
2020-06-04,75.42,75.71,74.58,75.14,45388022,3410379332.0
2020-06-05,75.14,75.44,74.4,75.3,34980754,2618665525.0
2020-06-08,75.7,77.22,75.7,76.72,76697448,5884341883.0
2020-06-09,76.73,77.18,76.32,76.5,38851680,2977854246.0
2020-06-10,76.58,76.7,75.47,75.58,34545292,2619976605.0
2020-06-11,75.21,75.47,73.8,74.22,58611342,4367908974.0
2020-06-12,73.1,74.15,72.97,74.15,48825871,3587207261.0
2020-06-15,73.68,73.78,72.45,72.54,55130379,4024617717.0
2020-06-16,73.6,73.68,73.14,73.46,34190511,2510329760.0
2020-06-17,73.2,73.38,72.6,73.01,32589579,2375228580.0
2020-06-18,72.85,73.77,72.38,73.4,41863201,3062399434.0
2020-06-19,73.44,74.09,73.0,73.42,63598984,4672211605.0
2020-06-22,73.0,73.92,72.61,72.77,67183145,4908549057.0
2020-06-23,72.5,72.6,71.67,71.96,77963604,5610392717.0
2020-06-24,72.25,72.85,72.01,72.26,60513632,4380602931.0
2020-06-29,72.07,72.26,70.8,71.01,71483781,5089513072.0
2020-06-30,71.36,71.78,71.0,71.4,45150315,3222061872.0
2020-07-01,71.59,73.5,71.2,73.5,96755992,7027221949.0
2020-07-02,73.28,76.01,73.0,76.0,147446692,11001772289.0
2020-07-03,76.15,78.49,76.14,77.96,170382002,13197963062.0
2020-07-06,79.12,84.88,79.12,84.12,280669456,23106295707.0
2020-07-07,87.0,87.6,83.2,83.22,222204141,18920029728.0
2020-07-08,84.11,87.0,83.85,85.69,169638993,14486522558.0
2020-07-09,86.3,86.8,84.9,85.92,142459727,12240651395.0
2020-07-10,85.01,85.37,82.11,82.34,146661958,12251530199.0
2020-07-13,81.91,83.66,81.51,82.36,117951579,9725535191.0
2020-07-14,82.37,83.23,80.61,81.3,98855793,8093687566.0
2020-07-15,82.15,82.39,80.12,80.22,92276793,7478183762.0
2020-07-16,81.3,81.97,78.1,78.22,131817000,10546372452.0
2020-07-17,79.0,79.39,77.31,78.02,87503528,6849600333.0
2020-07-20,79.05,82.82,79.05,82.8,137754779,11212026913.0
2020-07-21,82.95,83.2,80.37,80.76,90477483,7340189248.0
2020-07-22,80.21,81.85,79.44,79.93,87751322,7056923502.43
2020-07-23,79.0,79.88,78.02,79.0,78210045,6158187276.37
2020-07-24,78.88,78.89,76.38,77.0,107269340,8306516311.27
2020-07-27,77.28,77.79,75.7,76.43,73479899,5615185667.03
2020-07-28,76.99,77.3,75.95,76.38,63985871,4893527504.81
2020-07-29,76.0,78.0,75.75,77.3,70286526,5415279237.68
2020-07-30,77.39,77.43,76.02,76.03,64624326,4940867628.32
2020-07-31,76.0,77.25,75.2,75.9,74852042,5701005305.46
2020-08-03,76.35,76.68,75.78,76.44,85524765,6513674698.58
2020-08-04,76.81,79.35,76.2,78.67,148146165,11554011370.75
2020-08-05,77.94,77.95,76.6,77.13,78780592,6075388455.59
2020-08-06,77.0,77.89,76.21,77.15,64756303,4979623105.37
2020-08-07,76.96,77.67,76.01,76.33,54980898,4215768273.18
2020-08-10,76.02,77.69,75.82,77.01,70007323,5396774600.86
2020-08-11,77.45,78.68,76.51,76.77,77530900,6036019283.66
2020-08-12,76.8,77.46,76.4,77.16,58601265,4513022465.78
2020-08-13,77.5,77.6,76.51,76.6,42135547,3236112230.11
2020-08-14,76.47,78.49,76.34,78.19,63247371,4893057493.2
2020-08-17,78.23,82.57,78.23,81.1,173940016,14077887672.59
2020-08-18,80.8,80.9,79.4,79.75,84250596,6735058126.32
2020-08-19,79.6,80.11,78.17,78.17,56473384,4458976787.79
2020-08-20,78.1,78.1,77.15,77.6,49842248,3863022133.22
2020-08-21,78.3,78.76,77.55,78.25,42445930,3315620079.58
2020-08-24,78.95,79.0,77.63,77.8,47280441,3698163542.59
2020-08-25,78.0,78.88,77.6,78.11,53047942,4149072333.87
2020-08-26,78.0,78.05,76.6,76.8,54277509,4191632778.0
2020-08-27,77.15,77.17,76.0,76.54,44883359,3425207258.85
2020-08-28,76.47,78.21,75.85,77.89,76502813,5893644072.36
2020-08-31,77.89,78.8,76.58,76.62,72312973,5624026414.48
2020-09-01,76.08,76.59,76.0,76.38,47125055,3593513069.69
2020-09-02,76.61,76.8,75.6,75.93,55637670,4229574502.93
2020-09-03,75.99,76.42,75.15,75.39,59983664,4540579466.93
2020-09-04,74.8,75.1,74.55,74.82,47825576,3575937386.15
2020-09-07,74.82,76.25,74.75,75.06,63325076,4787525506.44
2020-09-08,75.98,77.46,75.7,77.14,86603009,6642255588.21
2020-09-09,76.38,77.55,76.33,76.48,52398217,4026858723.89
2020-09-10,76.96,77.34,76.4,76.52,53035437,4078037119.46
2020-09-11,76.41,77.5,76.16,77.21,46217823,3557564883.55
2020-09-14,77.62,79.1,77.62,78.55,72999187,5730571509.41
2020-09-15,78.55,80.48,77.55,79.91,101435044,8095818926.61
2020-09-16,79.29,79.49,78.44,78.6,46794754,3693757688.69
2020-09-17,79.11,79.78,78.7,79.0,66830642,5303741281.77
2020-09-18,79.6,83.06,79.48,82.89,177600775,14522782208.01
2020-09-21,82.9,83.08,80.93,80.93,84531359,6909679018.45
2020-09-22,79.7,80.73,79.0,79.07,67938147,5407048621.68
2020-09-23,79.5,79.57,78.44,78.56,36211616,2855189686.12
2020-09-24,78.19,78.5,77.0,77.07,60837288,4720617558.48
2020-09-25,77.86,77.88,77.0,77.59,35668375,2760347917.85
2020-09-28,77.59,78.59,77.41,77.95,37177371,2897251524.25
2020-09-29,78.49,78.5,76.7,76.8,51992004,4014297164.62
2020-09-30,76.9,77.44,76.01,76.26,47625773,3652745796.06
2020-10-09,77.27,78.45,77.26,77.9,47428848,3700952922.89
2020-10-12,78.35,81.15,78.31,80.86,86992879,7002973824.31
2020-10-13,80.67,81.85,79.96,81.38,56442934,4572861833.4
2020-10-14,81.5,81.51,80.5,81.38,50039556,4060079461.9
2020-10-15,81.4,82.86,81.3,81.4,55502187,4555169176.07
2020-10-16,81.8,82.89,81.5,82.0,60703280,4992393587.57
2020-10-19,82.67,84.38,81.81,81.85,91742376,7642713658.01
2020-10-20,81.75,82.0,81.11,81.23,41318580,3363220838.62
2020-10-21,81.75,82.58,81.27,82.4,49249162,4040506422.74
2020-10-22,82.52,82.88,80.28,82.1,46697087,3811833387.37
2020-10-23,82.12,84.83,82.12,83.5,93880947,7885042870.15
2020-10-26,83.6,84.37,81.18,82.2,59632529,4915201799.01
2020-10-27,81.78,82.2,81.0,81.07,55925690,4554557428.89
2020-10-28,80.51,81.06,79.06,79.58,76979681,6137912536.31
2020-10-29,78.08,79.89,78.02,78.66,72755430,5723421438.88
2020-10-30,78.65,79.45,77.64,77.83,76459869,5985865621.2
2020-11-02,78.5,78.81,77.01,77.23,63872032,4955636566.5
2020-11-03,77.77,79.34,77.4,79.16,61543284,4838929214.87
2020-11-04,78.78,79.85,78.6,79.5,43467076,3448542091.69
2020-11-05,80.35,81.68,80.2,80.94,53709524,4346336859.13
2020-11-06,81.1,81.75,80.52,81.3,51038925,4140944230.71
2020-11-09,82.5,83.5,82.3,82.98,80996545,6726290347.54
2020-11-10,84.24,84.75,83.05,83.2,78900305,6624999076.94
2020-11-11,83.2,84.03,82.65,83.52,54282531,4534083952.58
2020-11-12,83.75,84.47,81.8,82.27,49054364,4048788617.59
2020-11-13,81.08,81.7,79.63,80.34,70794237,5675497103.9
2020-11-16,80.69,83.26,80.69,83.1,70143403,5775792598.74
2020-11-17,83.1,84.72,83.0,84.03,82506392,6945950433.62
2020-11-18,84.4,86.18,84.33,85.37,96965774,8293242271.94
2020-11-19,85.2,85.75,84.51,85.42,54900519,4675267716.86
2020-11-20,85.3,85.31,83.9,84.54,45298594,3824038756.88
2020-11-23,85.0,86.44,84.65,86.22,78377584,6717179289.25
2020-11-24,86.3,86.99,84.69,85.0,49992972,4284342940.96
2020-11-25,85.99,88.55,85.97,87.25,122368908,10732748795.07
2020-11-26,87.01,89.39,86.65,89.15,90924011,8027343289.17
2020-11-27,89.5,90.26,88.51,90.1,74795473,6694377072.42
2020-11-30,91.0,94.62,90.03,90.03,153919637,14316071593.86
2020-12-01,90.7,93.38,89.65,93.38,85420603,7840114574.16
2020-12-02,93.38,93.85,92.09,92.85,65068818,6049580162.09
2020-12-03,92.79,93.43,91.21,91.87,50991723,4689461116.93
2020-12-04,92.05,92.53,90.19,92.19,48929502,4464927572.54
2020-12-07,92.78,92.98,89.02,90.38,62778839,5675145574.68
2020-12-08,90.0,90.75,87.8,88.05,86333963,7655879133.59
2020-12-09,88.5,89.48,87.79,87.87,52500504,4650557072.14
2020-12-10,88.0,88.69,87.15,87.68,40575298,3569375603.8
2020-12-11,88.5,88.9,85.46,86.1,71494237,6185908146.81
2020-12-14,86.65,88.16,86.5,87.69,58386154,5104281273.35
2020-12-15,86.99,86.99,85.37,86.3,63310377,5440988906.24
2020-12-16,86.6,87.48,85.95,86.84,47070489,4082011353.33
2020-12-17,86.96,89.06,86.53,88.98,68546267,6030510870.88
2020-12-18,88.8,89.25,87.12,87.79,49981599,4395183091.6
2020-12-21,87.0,87.75,86.01,87.05,59973257,5206712773.24
2020-12-22,87.04,87.04,83.75,84.15,98595963,8391031071.52
2020-12-23,84.22,85.39,83.77,84.85,55037110,4650859410.12
2020-12-24,85.3,85.35,83.69,84.2,52479068,4424690021.61
2020-12-25,83.6,83.6,81.86,83.2,69140797,5712810723.88
2020-12-28,83.45,85.19,82.85,84.62,63519948,5351448826.82
2020-12-29,84.95,86.08,84.69,85.5,51931564,4440460409.86
2020-12-30,85.2,85.88,84.18,85.88,56570726,4803060806.44
2020-12-31,85.59,87.68,85.59,86.98,79580939,6906071808.65
2021-01-04,86.91,86.95,84.1,85.18,103643104,8814286886.16
2021-01-05,84.5,84.5,82.85,84.27,105478627,8795809651.69
2021-01-06,84.29,85.74,83.55,85.74,93759848,7950362262.5
2021-01-07,85.87,86.76,84.3,86.26,106968724,9137580589.15
2021-01-08,86.22,87.26,85.21,86.1,116936795,10069057405.04
2021-01-11,86.2,86.6,84.0,84.03,109860234,9329271307.38
2021-01-12,83.88,87.82,83.33,87.82,146755609,12534640503.8
2021-01-13,88.8,89.28,86.83,87.54,139094339,12223230668.71
2021-01-14,88.4,88.52,84.88,85.27,137927380,11920236040.39
2021-01-15,85.94,88.65,85.27,86.9,158708501,13814609039.61
2021-01-18,87.0,87.65,85.3,87.2,116241991,10058906404.36
2021-01-19,87.58,88.15,86.04,86.8,110332831,9590457419.96
2021-01-20,87.12,87.33,84.91,85.2,131977553,11316059444.32
2021-01-21,85.36,85.41,83.8,84.44,139305540,11761468221.75
2021-01-22,85.0,85.15,83.52,83.8,116275248,9781081768.73
2021-01-25,83.7,84.88,82.58,84.88,127980118,10711676899.14
2021-01-26,84.5,84.88,82.88,83.0,105139741,8787960589.57
2021-01-27,82.98,83.91,82.58,83.04,68273775,5679886868.66
2021-01-28,82.2,82.58,80.65,80.92,106108731,8642469570.24
2021-01-29,80.9,81.44,78.5,79.08,126980032,10098743883.41
2021-02-01,79.1,79.74,78.37,79.27,72490144,5729483191.82
2021-02-02,79.28,79.45,77.95,78.18,98836447,7742175158.83
2021-02-03,77.74,77.74,75.3,76.54,134384298,10255482626.32
2021-02-04,78.0,80.32,77.7,79.62,141654771,11200715085.81
2021-02-05,80.0,80.28,78.61,79.72,84557225,6724535241.4
2021-02-08,79.73,80.43,78.28,78.57,79654699,6286929302.51
2021-02-09,78.56,78.56,76.8,78.13,91412187,7082935952.66
2021-02-10,77.9,79.81,77.49,79.25,91968674,7280622421.55
2021-02-18,81.5,82.86,80.89,82.38,146678205,12007277012.09
2021-02-19,82.0,84.56,81.68,84.2,124061762,10401612526.29
2021-02-22,84.25,85.29,82.58,83.0,113034110,9477375165.12
2021-02-23,82.52,85.19,82.5,84.32,101660045,8580570535.49
2021-02-24,83.5,85.76,82.5,83.78,117355482,9899984124.53
2021-02-25,84.52,88.28,83.35,87.14,189748955,16396558899.98
2021-02-26,85.8,87.13,85.18,85.18,118045513,10161431933.76
2021-03-01,86.0,86.38,83.84,84.84,82300801,6965448429.31
2021-03-02,84.84,84.95,82.6,83.23,85227395,7125570282.14
2021-03-03,82.7,86.94,82.63,86.75,116697147,10011295959.33
2021-03-04,86.0,87.45,85.8,86.3,94974599,8227101595.29
2021-03-05,85.49,86.29,83.34,84.5,81417603,6869464665.96
2021-03-08,85.2,87.78,84.75,84.95,105035653,9048690307.3
2021-03-09,85.5,86.26,83.8,84.05,98217495,8338463778.26
2021-03-10,84.62,84.63,83.12,83.28,64800135,5431067986.19
2021-03-11,83.9,86.36,83.8,86.36,91252098,7777368999.2
2021-03-12,86.51,86.6,85.13,85.55,64681200,5539349037.48
2021-03-15,85.36,85.5,84.21,85.11,54551255,4629849997.47
2021-03-16,85.3,85.6,84.41,85.4,54353955,4624281660.21
2021-03-17,85.0,85.0,82.41,82.54,106478452,8863828593.42
2021-03-18,82.3,82.78,81.07,81.42,80312095,6548492030.97
2021-03-19,81.2,81.3,79.51,79.64,96102381,7701437283.51
2021-03-22,79.99,80.27,79.53,79.82,54273091,4336966849.21
2021-03-23,79.89,80.6,79.12,80.05,51116947,4079350322.54
2021-03-24,79.99,80.3,78.71,79.01,63315814,5017219138.71
2021-03-25,79.23,79.66,78.99,79.2,43650615,3463493421.95
2021-03-26,79.58,80.3,79.56,80.01,45348477,3630749606.46
2021-03-29,80.0,80.1,78.8,79.13,63234490,5001522654.76
2021-03-30,79.2,79.37,78.6,79.37,51106025,4035933797.68
2021-03-31,79.5,79.55,78.58,78.7,48358484,3810104160.26
2021-04-01,78.8,79.28,78.75,79.2,36071335,2849514882.39
2021-04-02,79.2,79.2,78.58,78.88,46931855,3694882980.3
2021-04-06,78.92,79.45,78.69,79.03,35173602,2778107893.86
2021-04-07,79.37,79.37,78.18,78.45,47501172,3729878594.46
2021-04-08,78.43,78.99,78.01,78.63,37404801,2937859211.9
2021-04-09,78.61,78.62,76.98,77.16,68801127,5322377558.41
2021-04-12,77.15,77.5,76.62,77.16,45336602,3488299460.8
2021-04-13,77.47,77.82,76.2,76.56,55250310,4254139272.82
2021-04-14,76.99,77.48,76.8,77.15,38078954,2936032853.57
2021-04-15,76.15,76.4,75.18,75.81,79358244,6004162227.69
2021-04-16,75.79,75.88,75.0,75.7,55174264,4158750980.32
2021-04-19,75.45,76.19,75.0,76.18,65367596,4949470613.83
2021-04-20,76.05,76.15,75.48,76.0,49248467,3730599989.65
2021-04-21,75.61,75.86,75.28,75.62,41754851,3156222890.7
2021-04-22,74.9,74.93,73.98,74.37,56065363,4167214249.87
2021-04-23,74.37,75.58,73.88,74.26,86784514,6466806593.48
2021-04-26,74.02,74.03,72.76,72.89,106192950,7769915592.24
2021-04-27,72.72,73.46,72.03,73.27,75969268,5520922252.62
2021-04-28,73.0,73.11,72.39,72.81,57062742,4147666503.34
2021-04-29,72.81,73.96,72.56,73.82,54441616,4003254829.09
2021-04-30,73.98,73.98,72.36,72.5,52463043,3825446895.45
2021-05-06,71.2,71.8,70.36,70.53,92009492,6525763344.01
2021-05-07,70.75,71.09,70.02,70.1,56146188,3961363207.16
2021-05-10,70.18,70.49,69.5,70.03,52456956,3669862807.73
2021-05-11,69.85,70.53,69.37,70.28,50953234,3559079174.71
2021-05-12,70.0,70.52,69.66,69.93,40995688,2870375901.85
2021-05-13,69.49,69.83,68.88,69.14,50644837,3506048010.0
2021-05-14,69.4,71.18,69.04,71.18,81877185,5771742191.43
2021-05-17,70.4,70.82,70.0,70.37,63300366,4455919018.78
2021-05-18,70.68,71.39,70.45,70.9,41807341,2965118195.15
2021-05-19,70.7,70.7,69.89,69.97,46584951,3262720506.72
2021-05-20,70.0,70.97,69.62,70.72,42247209,2973914637.85
2021-05-21,71.0,71.38,70.01,70.05,41383646,2914326900.78
2021-05-24,70.0,70.37,69.65,69.94,35092199,2457923779.06
2021-05-25,70.09,72.74,69.71,72.46,121383184,8699286543.67
2021-05-26,73.09,73.24,72.18,72.38,71239561,5172565986.61
2021-05-27,72.36,73.13,71.8,72.9,58100823,4208094448.54
2021-05-28,72.8,73.5,72.5,72.97,51011335,3719019607.7
2021-05-31,72.65,72.8,71.47,71.8,62483434,4481120143.94
2021-06-01,71.69,71.69,70.9,71.13,59372658,4219115465.8
2021-06-02,71.38,71.39,70.31,70.87,48109829,3404859399.57
2021-06-03,70.9,71.5,70.5,70.68,40951584,2905789644.4
2021-06-04,70.4,71.58,70.34,70.85,51486786,3647302263.76
2021-06-07,70.6,70.68,70.06,70.28,38673941,2716404171.67
2021-06-08,70.27,70.93,69.95,70.41,40701681,2862378172.29
2021-06-09,70.3,70.95,70.2,70.3,40195812,2835797953.36
2021-06-10,70.27,70.79,70.0,70.01,52461130,3686772006.67
2021-06-11,70.01,70.18,69.26,69.4,63032364,4392612851.2
2021-06-15,69.01,69.06,66.95,67.07,107755687,7263765616.13
2021-06-16,67.01,67.75,66.81,67.0,52726975,3540192781.48
2021-06-17,67.01,67.19,66.02,66.25,54804038,3649035812.28
2021-06-18,66.0,66.0,65.0,65.1,85707220,5593424920.48
2021-06-21,64.49,64.65,63.76,64.16,81085363,5198754493.52
2021-06-22,64.5,65.3,64.17,64.73,62012704,4014245115.43
2021-06-23,64.75,65.97,64.73,65.82,58687335,3847510813.8
2021-06-24,65.84,66.38,65.48,65.96,41789971,2758134576.75
2021-06-25,66.03,66.78,65.71,66.68,53565358,3555544932.26
2021-06-28,66.68,66.69,65.2,65.6,51013404,3342960298.49
2021-06-29,65.35,65.4,64.3,64.38,54966804,3554647982.28
2021-06-30,64.2,64.74,63.8,64.28,47636890,3053959406.07
2021-07-01,64.26,65.17,63.58,64.76,69261735,4449223158.13
2021-07-02,64.03,64.07,62.1,62.3,102808162,6464701802.04
2021-07-05,61.99,62.28,61.13,61.91,75064675,4629283874.89
2021-07-06,62.42,63.14,61.85,62.9,68581285,4296674949.0
2021-07-07,62.69,63.41,62.09,62.37,52316754,3272128188.25
2021-07-08,62.37,62.37,60.52,60.78,83755851,5109707957.71
2021-07-09,60.48,61.15,59.81,60.09,70761585,4267722638.29
2021-07-12,60.31,60.48,59.32,59.4,81898922,4899580737.11
2021-07-13,59.4,59.88,59.05,59.7,51333745,3058865430.43
2021-07-14,59.65,59.65,57.78,57.91,106561835,6199867459.24
2021-07-15,58.29,60.19,57.99,59.98,108588585,6439233470.09
2021-07-16,59.69,60.29,58.88,59.7,57820403,3441570856.99
2021-07-19,59.88,59.88,58.05,59.35,66650056,3912636302.28
2021-07-20,58.79,59.2,58.13,58.46,44931031,2629530313.89
2021-07-21,58.15,58.84,57.9,58.08,58704444,3414125947.57
2021-07-22,57.85,59.07,57.51,58.54,63661381,3727361014.21
2021-07-23,58.5,58.77,57.62,57.64,59325514,3438617481.98
2021-07-26,57.09,57.09,54.33,54.5,117486467,6496203840.1
2021-07-27,54.5,54.68,52.36,52.67,93901074,5031582117.26
2021-07-28,52.7,53.59,52.51,53.11,83836567,4457853454.73
2021-07-29,53.65,53.68,52.75,53.25,76800442,4078215601.25
2021-07-30,53.13,54.15,52.6,53.67,65088842,3480202766.8
2021-08-02,53.5,54.98,52.49,54.01,97161064,5244071665.66
2021-08-03,53.88,54.41,53.58,54.24,65820268,3558132760.12
2021-08-04,54.3,54.3,53.33,53.6,64665951,3470521725.65
2021-08-05,53.51,55.5,53.35,54.2,84322088,4596909874.07
2021-08-06,53.45,53.84,53.05,53.67,50241086,2685679365.69
2021-08-09,53.2,55.86,53.1,55.12,91882127,5048464776.33
2021-08-10,54.85,55.89,54.18,55.73,76365642,4201861226.78
2021-08-11,55.73,56.79,55.44,55.8,82202018,4613172522.52
2021-08-12,55.73,55.89,54.64,54.74,57306968,3157627499.26
2021-08-13,54.28,54.97,54.0,54.31,48471805,2633761393.88
2021-08-16,54.0,55.3,53.9,54.93,46009551,2522890290.24
2021-08-17,54.69,55.7,54.18,54.21,69026207,3790616958.61
2021-08-18,54.02,56.11,53.77,56.04,96366560,5322900807.97
2021-08-19,55.59,55.76,53.66,53.71,114860603,6231137141.55
2021-08-20,53.11,53.66,52.81,53.01,67560655,3585422086.24
2021-08-23,53.01,53.46,52.6,52.7,59491185,3146935844.42
2021-08-24,52.3,52.74,51.39,51.8,94659663,4915208404.81
2021-08-25,51.92,52.22,51.46,51.58,61059554,3156821226.64
2021-08-26,51.5,51.5,50.29,50.3,88681394,4490652616.96
2021-08-27,51.05,52.33,51.04,52.0,101781872,5267788079.62
2021-08-30,52.0,52.0,50.35,50.71,95948717,4877480460.68
2021-08-31,50.2,50.47,48.88,49.9,158678325,7870703426.1
2021-09-01,49.78,52.05,49.61,51.49,163160036,8348618929.47
2021-09-02,51.01,51.74,50.67,51.55,87858567,4502512755.94
2021-09-03,51.56,52.51,50.7,51.71,90260347,4667297729.48
2021-09-06,51.69,52.15,51.18,51.58,88301950,4554856268.56
2021-09-07,51.62,52.54,51.08,52.34,94737441,4916249825.9
2021-09-08,52.0,52.63,51.68,51.95,84399193,4395561676.23
2021-09-09,51.4,51.72,51.01,51.62,73490775,3776998807.52
2021-09-10,51.35,52.5,51.28,51.71,84549097,4382584447.23
2021-09-13,51.48,51.59,51.06,51.12,66980000,3430907757.12
2021-09-14,51.44,51.58,49.81,49.86,108266166,5452993892.7
2021-09-15,49.5,49.88,49.3,49.47,64542318,3197409970.45
2021-09-16,49.32,49.98,49.21,49.51,59115597,2930501964.81
2021-09-17,49.4,49.78,48.22,48.68,92721442,4523289513.65
2021-09-22,47.5,48.08,47.3,47.78,72393010,3447060473.72
2021-09-23,48.5,49.35,48.01,48.22,75804482,3676425703.23
2021-09-24,48.23,48.88,47.9,48.08,84358359,4074494916.68
2021-09-27,47.9,49.24,47.82,49.0,99008099,4812486506.07
2021-09-28,48.99,49.63,48.52,49.26,77950696,3832059452.45
2021-09-29,48.77,49.54,48.52,49.19,63129533,3095105433.41
2021-09-30,49.3,49.3,48.23,48.36,68007025,3300543923.25
2021-10-08,50.5,52.1,50.11,52.1,218002823,11199501310.4
2021-10-11,52.1,53.39,51.94,52.74,150449954,7944560508.64
2021-10-12,52.05,53.04,51.68,52.26,94465572,4939402091.07
2021-10-13,52.1,52.19,50.9,51.75,64988916,3345977424.73
2021-10-14,51.7,52.0,51.2,51.41,42700600,2198216041.62
2021-10-15,51.13,51.58,50.62,50.88,73301699,3738306563.08
2021-10-18,51.08,51.24,49.68,49.86,77197137,3862682042.37
2021-10-19,49.85,51.85,49.7,51.45,84752705,4332898990.06
2021-10-20,51.7,52.04,50.79,51.37,66823896,3429513908.01
2021-10-21,51.55,54.88,51.51,54.28,211005833,11318517616.12
2021-10-22,54.68,54.85,53.6,54.29,102633032,5559123302.79
2021-10-25,53.2,53.37,52.45,53.21,75444693,3999143837.95
2021-10-26,53.21,53.98,52.1,52.17,74882514,3939605236.3
2021-10-27,51.97,52.65,51.54,51.65,58905249,3060201711.52
2021-10-28,50.73,51.41,50.05,51.3,85061904,4309021231.69
2021-10-29,50.82,51.23,49.24,49.57,146662660,7317467292.47
2021-11-01,49.0,50.45,48.75,50.12,62876101,3132879985.41
2021-11-02,50.21,50.67,49.22,50.01,78272461,3909158858.97
2021-11-03,50.0,50.75,49.85,50.05,47676290,2394903860.69
2021-11-04,49.9,50.14,49.53,49.7,53205267,2651047241.84
2021-11-05,49.7,50.34,49.59,49.93,41665467,2082833762.62
2021-11-08,49.89,50.7,49.37,50.4,53172448,2672600378.2
2021-11-09,50.48,50.83,49.6,49.69,64051070,3197023016.79
2021-11-10,49.5,49.56,48.33,49.13,81604856,3984320340.66
2021-11-11,49.11,51.16,49.0,51.15,111085845,5599660442.05
2021-11-12,51.13,51.13,50.15,50.61,58595861,2959880934.36
2021-11-15,50.85,51.2,50.23,50.6,44209113,2234792751.33
2021-11-16,50.6,50.94,50.0,50.36,47743813,2408299421.84
2021-11-17,49.99,50.53,49.88,50.05,35153171,1761772273.55
2021-11-18,49.9,49.91,49.51,49.51,42332467,2100629356.18
2021-11-19,49.4,50.11,49.25,49.96,42829007,2129834610.38
2021-11-22,49.85,49.94,49.55,49.71,34005123,1689972482.28
2021-11-23,49.68,50.17,49.49,49.62,40224098,1998608177.72
2021-11-24,49.62,50.0,49.35,49.75,36196146,1797538854.78
2021-11-25,49.76,49.76,49.36,49.4,40741147,2015604610.03
2021-11-26,49.24,49.26,48.71,48.72,58902348,2877589396.67
2021-11-29,48.49,48.85,48.32,48.66,40427298,1962257345.27
2021-11-30,48.51,48.83,48.17,48.22,46694734,2261836624.81
2021-12-01,48.27,48.98,48.27,48.87,42213672,2056563216.4
2021-12-02,48.61,49.14,48.42,48.88,38330050,1872134786.97
2021-12-03,48.98,49.25,48.48,48.99,42748910,2084975989.25
2021-12-06,49.1,49.75,49.1,49.15,61036902,3015007470.41
2021-12-07,49.5,50.5,49.21,50.39,101150186,5055319580.44
2021-12-08,50.39,50.4,49.9,50.34,65354434,3276622572.55
2021-12-09,50.36,51.83,50.13,51.31,124929614,6402621864.11
2021-12-10,51.0,51.49,50.9,51.22,73770661,3780503004.96
2021-12-13,51.66,52.5,51.12,51.15,91858148,4747262449.69
2021-12-14,50.9,51.35,50.7,50.85,58733411,2990682219.21
2021-12-15,50.79,51.08,50.53,50.7,36383253,1846757807.05
2021-12-16,50.79,51.29,50.5,51.2,51436592,2622388752.48
2021-12-17,51.02,51.4,50.38,50.54,53967033,2741367544.34
2021-12-20,50.24,50.85,50.2,50.28,42844182,2164397413.8
2021-12-21,50.29,51.14,50.28,50.84,39397878,2004481926.98
2021-12-22,50.93,51.0,50.13,50.18,42540466,2143777013.57
2021-12-23,50.19,50.4,49.75,50.22,40497888,2027860561.2
2021-12-24,50.19,50.2,49.72,49.82,31293517,1560671249.28
2021-12-27,49.96,50.2,49.87,49.98,27470106,1373481524.18
2021-12-28,50.3,51.13,50.1,50.87,61735856,3137430543.75
2021-12-29,51.1,51.16,50.52,50.81,37646906,1913669684.72
2021-12-30,50.9,50.99,50.41,50.41,42787989,2167180059.78
2021-12-31,50.43,50.85,50.15,50.41,35800024,1805071299.12
2022-01-04,50.4,51.06,50.1,51.0,63583763,3221366643.31
2022-01-05,51.11,52.4,50.97,52.07,118124669,6124173627.66
2022-01-06,51.99,52.02,51.22,51.3,66165825,3408947587.63
2022-01-07,51.49,53.33,51.45,52.94,123075974,6481039300.28
2022-01-10,52.99,53.56,52.5,53.08,76113442,4033301414.62
2022-01-11,53.17,53.74,52.54,52.86,68092028,3612879173.74
2022-01-12,52.6,52.81,51.86,52.5,57292274,2998981426.76
2022-01-13,52.55,53.68,52.3,52.3,72866329,3862897677.66
2022-01-14,52.35,52.5,51.06,51.1,77939676,4014279655.61
2022-01-17,51.11,51.43,50.75,50.94,46056724,2348769408.54
2022-01-18,50.94,51.59,50.6,51.23,63697991,3252038698.21
2022-01-19,51.3,51.84,51.11,51.45,48331572,2488231273.22
2022-01-20,51.5,53.52,51.45,53.4,144835941,7661793651.1
2022-01-21,53.5,53.8,53.0,53.55,104189534,5564930631.01
2022-01-24,53.53,53.53,52.53,53.13,54264076,2873364828.61
2022-01-25,52.6,52.9,51.1,51.2,77666210,4032087601.82
2022-01-26,51.68,52.19,51.22,51.83,48327488,2502203699.93
2022-01-27,51.5,51.5,50.77,50.79,58650221,2992952668.75
2022-01-28,51.02,51.35,49.8,49.97,72935539,3688023391.45
2022-02-07,51.34,52.47,50.7,51.98,94041650,4858781709.9
2022-02-08,51.76,53.03,51.72,53.0,86611569,4567112317.02
2022-02-09,53.24,54.0,52.88,53.04,88043453,4695366257.21
2022-02-10,53.18,54.18,52.8,54.18,96278716,5186085981.09
2022-02-11,54.35,56.23,54.08,55.59,158377687,8759711015.47
2022-02-14,55.01,55.3,53.68,53.9,94465413,5121073204.69
2022-02-15,53.55,53.9,52.91,53.28,63540572,3385015077.45
2022-02-16,53.5,54.18,53.28,53.84,52320987,2818960513.06
2022-02-17,54.1,54.63,53.36,53.65,50490447,2723626777.49
2022-02-18,53.6,54.6,53.44,54.5,48422611,2621179790.38
2022-02-21,54.1,54.25,53.51,54.16,38792845,2089115305.52
2022-02-22,53.52,53.6,52.71,53.07,57749929,3064280601.34
2022-02-23,53.1,53.3,52.69,52.89,46360166,2449763788.57
2022-02-24,52.15,52.25,51.09,51.46,97539602,5039207432.71
2022-02-25,51.7,52.06,51.21,51.4,54441639,2808109116.43
2022-02-28,51.1,51.1,50.25,50.76,73188326,3707888592.0
2022-03-01,51.01,51.4,50.57,51.39,56803579,2895181120.0
2022-03-02,50.9,51.23,50.7,50.76,43692256,2222138928.0
2022-03-03,50.8,51.19,50.7,50.92,35267571,1795901328.0
2022-03-04,50.47,50.48,49.96,50.1,70086471,3510136272.0
2022-03-07,49.62,49.62,48.66,48.88,78459673,3847577920.0
2022-03-08,48.72,49.06,47.3,47.47,83440296,4021028000.0
2022-03-09,47.61,47.93,45.5,46.92,82554495,3878723584.0
2022-03-10,47.95,48.04,46.86,46.91,58775280,2783372912.0
2022-03-11,46.0,47.4,45.7,47.14,66707823,3085709552.0
2022-03-14,46.0,46.57,45.77,45.81,59257848,2734567248.0
2022-03-15,45.05,45.2,42.55,42.65,126937879,5571772416.0
2022-03-16,43.29,44.65,42.33,44.29,100969426,4391918336.0
2022-03-17,45.5,46.2,44.75,45.5,109572199,4982734592.0
2022-03-18,45.05,48.38,44.92,47.93,155232341,7308943910.1
2022-03-21,47.77,47.77,46.63,47.04,94951866,4472952774.87
2022-03-22,46.5,47.86,46.45,47.8,74211155,3516558053.63
2022-03-23,47.56,48.16,47.15,47.9,57702918,2748027969.75
2022-03-24,47.53,48.72,47.4,48.25,61075714,2943276289.07
2022-03-25,48.01,48.79,47.58,47.63,55993803,2696644332.9
2022-03-28,47.4,48.12,46.93,47.85,39368626,1872940910.81
2022-03-29,47.95,48.2,47.15,47.21,32235684,1532063819.96
2022-03-30,47.55,48.83,47.45,48.7,57542713,2776948845.1
2022-03-31,48.4,49.25,48.3,48.45,42349781,2063589520.47
2022-04-01,48.3,49.11,48.11,48.96,47367667,2307234644.4
2022-04-06,49.05,49.92,49.0,49.54,64005275,3166678385.0
2022-04-07,49.2,49.52,48.29,48.48,50112992,2447803110.46
2022-04-08,48.35,49.25,48.35,49.24,43473184,2124961295.21
2022-04-11,48.91,48.98,47.52,47.62,50640496,2433396185.56
2022-04-12,47.86,48.88,47.48,48.47,46739555,2251825857.27
2022-04-13,48.25,48.38,47.68,47.82,31775137,1524357800.91
2022-04-14,48.37,48.52,47.9,48.19,35884891,1731655002.69
2022-04-15,48.0,48.74,47.9,48.3,31411511,1520937850.52
2022-04-18,47.99,47.99,46.83,47.0,40537521,1912485738.11
2022-04-19,47.05,47.27,46.13,46.44,36954300,1723558436.07
2022-04-20,46.65,46.79,45.83,45.91,38060988,1755500125.41
2022-04-21,45.88,47.18,45.81,46.22,54904356,2554919426.49
2022-04-22,46.01,46.97,45.91,46.46,39732577,1851934816.26
2022-04-25,45.0,46.18,44.7,44.85,67392037,3063041721.92
2022-04-26,44.84,45.18,43.51,43.59,63892364,2826379496.31
2022-04-27,43.41,44.2,43.18,43.91,53108352,2325674730.23
2022-04-28,43.79,43.91,43.16,43.66,52599939,2288623795.62
2022-04-29,43.8,45.12,43.6,44.56,51638636,2285939805.04
2022-05-05,44.79,45.58,44.75,45.02,42878154,1935547320.55
2022-05-06,44.45,44.98,44.0,44.06,37231482,1649081440.26
2022-05-09,44.08,44.41,43.87,44.35,25611950,1131162025.81
2022-05-10,43.85,44.68,43.7,44.47,40469305,1788324114.47
2022-05-11,44.44,45.01,44.21,44.73,60728482,2710550319.79
2022-05-12,44.35,44.58,43.85,44.0,42773836,1889495299.01
2022-05-13,44.18,44.5,43.59,43.96,41233483,1813781043.85
2022-05-16,44.15,44.21,43.18,43.36,46886281,2039402750.55
2022-05-17,43.5,43.88,43.27,43.82,40137298,1750419695.82
2022-05-18,43.99,44.1,43.36,43.63,35234171,1534485032.06
2022-05-19,43.1,43.44,43.03,43.29,28281629,1221097064.41
2022-05-20,43.4,44.36,43.4,44.31,54975115,2416391969.25
2022-05-23,44.15,44.27,43.69,43.89,35909822,1576944732.91
2022-05-24,43.8,44.11,43.11,43.14,39342426,1713116639.68
2022-05-25,43.03,43.5,43.02,43.23,26374891,1140221232.96
2022-05-26,43.31,43.55,42.95,43.15,40099222,1731580780.75
2022-05-27,43.41,43.85,43.4,43.53,38790063,1691969134.95
2022-05-30,43.93,44.36,43.72,44.15,52217489,2305387119.75
2022-05-31,44.23,44.78,44.0,44.2,54065261,2405912876.9
2022-06-01,44.25,44.55,43.91,44.17,32852073,1451299033.25
2022-06-02,43.8,44.03,43.55,44.0,34082891,1492824853.08
2022-06-06,43.99,44.27,43.33,44.26,54326745,2379234042.92
2022-06-07,44.26,44.38,43.95,44.15,43157460,1905453944.01
2022-06-08,44.25,44.71,44.06,44.59,52956201,2348846220.98
2022-06-09,44.7,45.03,44.47,44.62,53243046,2381813808.64
2022-06-10,44.35,45.0,44.08,44.94,56531953,2516496822.94
2022-06-13,44.5,44.6,44.02,44.14,53712124,2376099097.55
2022-06-14,43.9,45.25,43.8,45.22,62895792,2792817385.85
2022-06-15,45.0,48.56,44.91,47.65,198589228,9379923905.98
2022-06-16,47.38,47.5,46.5,46.5,84493103,3962136640.0
2022-06-17,46.37,47.26,46.25,47.03,56670396,2653020562.92
2022-06-20,45.72,45.85,45.05,45.36,57061489,2589929720.84
2022-06-21,45.68,46.78,45.45,46.13,68456932,3156745208.73
2022-06-22,46.2,46.32,45.4,45.4,43690689,2001539979.71
2022-06-23,45.63,46.5,45.63,46.25,49426523,2279310521.09
2022-06-24,46.43,46.85,46.22,46.76,53672389,2498586724.91
2022-06-27,46.85,47.1,46.5,46.8,44985821,2106674710.66
2022-06-28,46.82,47.19,46.35,46.9,35170689,1642425116.71
2022-06-29,46.89,47.44,46.58,46.79,41277246,1939726830.3
2022-06-30,46.8,47.2,46.46,46.69,39185266,1837626219.32
2022-07-01,46.7,46.98,46.12,46.31,35756842,1657492966.09
2022-07-04,46.2,46.5,45.8,46.46,40712960,1877564068.68
2022-07-05,46.48,47.55,46.38,46.61,45256850,2123843408.86
2022-07-06,46.62,46.63,45.75,45.85,38956093,1790455442.39
2022-07-07,45.65,46.14,45.59,45.6,29372210,1344724699.72
2022-07-08,45.91,46.38,45.68,45.82,29228342,1342052753.79
2022-07-11,45.61,45.77,45.22,45.38,28113511,1278575006.25
2022-07-12,45.38,45.74,45.12,45.51,25405548,1155657116.93
2022-07-13,45.42,45.63,45.0,45.08,29658829,1343407215.84
2022-07-14,44.9,45.04,43.43,43.6,90304414,3963303834.94
2022-07-15,43.61,44.09,42.7,42.71,69404157,3006689109.15
2022-07-18,42.75,43.69,42.72,43.45,35524425,1539005270.69
2022-07-19,43.42,43.77,42.9,43.4,35610607,1540543118.62
2022-07-20,43.78,43.83,43.36,43.4,24956569,1086228779.21
2022-07-21,43.23,43.25,42.65,42.74,40556770,1740841568.42
2022-07-22,42.8,43.36,42.78,43.05,29435598,1268468017.34
2022-07-25,43.0,43.12,42.72,42.92,22513504,965101818.49
2022-07-26,42.95,43.29,42.92,43.2,22847447,986279479.35
2022-07-27,43.06,43.18,42.7,42.79,29639869,1269990090.93
2022-07-28,42.9,43.25,42.71,42.72,34874952,1497610794.97
2022-07-29,42.79,43.15,42.1,42.12,46070387,1954616264.8
2022-08-01,42.11,42.12,41.75,41.84,30655094,1283322796.99
2022-08-02,41.53,41.55,40.53,41.17,60400823,2476611786.0
2022-08-03,41.14,41.4,40.74,40.83,40785171,1673612767.98
2022-08-04,41.12,41.3,40.9,41.08,25116335,1032245453.0
2022-08-05,41.29,41.68,40.98,41.54,29671019,1224704136.0
2022-08-08,41.3,41.54,41.0,41.18,30159403,1242870500.0
2022-08-09,41.17,41.21,40.92,40.96,25139703,1031147757.0
2022-08-10,40.96,41.08,40.36,40.4,46008881,1866972936.0
2022-08-11,40.59,41.68,40.42,41.46,61070138,2510973870.0
2022-08-12,41.26,41.76,41.14,41.61,35993337,1493312068.0
2022-08-15,41.43,41.76,41.13,41.14,33276942,1373975116.53
2022-08-16,41.34,41.47,40.9,40.99,27739045,1140974334.12
2022-08-17,41.05,41.48,40.72,41.29,37572182,1546602943.61
2022-08-18,41.15,41.18,40.76,40.81,29407958,1202109471.07
2022-08-19,40.7,41.26,40.62,40.97,32462874,1333438492.18
2022-08-22,40.85,41.39,40.8,41.15,33971901,1399254503.85
2022-08-23,41.02,41.15,40.68,40.72,33148018,1352611307.57
2022-08-24,41.35,42.44,41.35,41.61,115732982,4847936957.69
2022-08-25,41.85,43.23,41.68,43.1,110572586,4693638177.32
2022-08-26,43.11,43.32,42.52,43.12,72672640,3125914707.26
2022-08-29,42.8,43.22,42.49,43.07,44989303,1928428298.59
2022-08-30,42.98,43.29,42.51,42.89,38892928,1667749812.01
2022-08-31,42.71,44.27,42.66,43.84,84223803,3683929174.6
2022-09-01,43.6,44.13,43.41,43.65,45521324,1994635784.04
2022-09-02,43.89,44.28,43.26,43.7,44914485,1962968879.55
2022-09-05,43.5,43.9,43.02,43.8,41749075,1817090269.49
2022-09-06,43.9,44.45,43.52,43.9,44977165,1978062625.36
2022-09-07,43.6,43.81,43.16,43.6,37641074,1635174365.1
2022-09-08,43.84,44.25,43.66,43.84,32129830,1412332843.69
2022-09-09,43.99,44.78,43.85,44.69,57786668,2574448405.61
2022-09-13,44.68,45.37,44.35,45.06,52966319,2382977236.39
2022-09-14,44.53,45.18,44.51,44.65,35508365,1588553120.78
2022-09-15,44.67,45.6,44.66,45.09,59444223,2686935858.95
2022-09-16,44.82,44.97,43.87,43.93,62492037,2762703828.52
2022-09-19,43.92,44.48,43.56,43.93,40538305,1781779182.02
2022-09-20,44.15,44.19,43.12,43.24,35764951,1553335669.15
2022-09-21,43.1,43.46,42.9,43.15,30353672,1310421740.9
2022-09-22,42.6,42.83,42.41,42.48,37622972,1602976215.55
2022-09-23,42.41,43.44,42.41,43.02,37532565,1617285955.26
2022-09-26,42.74,43.32,42.42,42.49,30712391,1314360554.63
2022-09-27,42.43,42.74,42.27,42.44,31229142,1325580710.17
2022-09-28,42.2,42.5,41.85,41.89,42204372,1776629020.99
2022-09-29,42.23,42.34,41.15,41.32,42655827,1779041935.51
2022-09-30,41.35,41.98,41.35,41.58,33161940,1383518533.42
2022-10-10,41.58,42.18,41.38,41.43,41387647,1727384869.88
2022-10-11,41.67,41.87,41.12,41.2,26931732,1114241528.34
2022-10-12,41.21,42.0,40.8,41.92,36247330,1501647669.53
2022-10-13,41.8,41.9,41.2,41.36,38384620,1588577622.65
2022-10-14,41.75,42.33,41.62,41.94,43441714,1827652558.82
2022-10-17,41.71,42.15,41.56,42.1,34142518,1430847500.47
2022-10-18,42.4,42.44,41.67,41.75,41635680,1742913095.76
2022-10-19,41.65,41.98,41.26,41.27,36436126,1509504643.07
2022-10-20,40.4,40.49,39.9,40.01,45021418,1807514975.57
2022-10-21,40.1,40.25,39.5,39.65,45737748,1824460317.26
2022-10-24,39.66,39.93,37.61,37.7,95125183,3662221955.3
2022-10-25,37.58,38.38,37.16,37.72,55354891,2086575116.58
2022-10-26,37.54,38.15,37.51,37.67,49839519,1881859736.28
2022-10-27,37.71,38.09,37.55,37.66,45749726,1730022256.46
2022-10-28,37.51,37.7,36.73,36.73,50769159,1886380447.77
2022-10-31,36.39,36.67,35.9,36.15,56203354,2037108321.2
2022-11-01,36.45,37.48,36.37,37.46,56566488,2091019366.17
2022-11-02,37.29,37.6,37.13,37.4,45038490,1680470476.36
2022-11-03,37.18,37.3,36.7,36.93,34933463,1290754485.31
2022-11-04,36.93,38.65,36.91,38.31,69205474,2627221798.45
2022-11-07,38.0,39.18,37.92,38.79,57480970,2221943095.55
2022-11-08,38.79,39.0,38.38,38.69,37048271,1430329888.06
2022-11-09,38.79,38.89,38.29,38.37,26768675,1031501782.24
2022-11-10,38.0,38.7,37.78,38.46,32317534,1236147200.59
2022-11-11,39.44,40.97,39.32,40.33,104667558,4184006245.85
2022-11-14,41.66,42.12,41.21,41.6,121668038,5070952841.06
2022-11-15,41.48,42.95,41.31,42.49,93442402,3962244632.55
2022-11-16,42.62,42.82,42.27,42.3,59652791,2535605301.53
2022-11-17,42.29,42.75,41.95,42.56,50398025,2132247153.5
2022-11-18,42.68,42.81,42.06,42.16,39246432,1662329884.75
2022-11-21,41.75,41.75,40.66,41.21,51118530,2095472926.46
2022-11-22,41.2,42.38,41.0,41.97,47181359,1972258355.42
2022-11-23,42.02,42.44,41.76,41.77,44962046,1891828116.84
2022-11-24,42.21,42.38,41.67,41.8,24907646,1045792694.62
2022-11-25,41.78,42.95,41.75,42.75,59795984,2548257668.28
2022-11-28,41.63,41.84,40.99,41.41,51031527,2109183792.22
2022-11-29,42.32,44.9,42.32,44.78,175320480,7711820166.71
2022-11-30,44.82,46.17,44.6,44.95,116501586,5275015084.04
2022-12-01,45.98,46.29,44.68,44.83,85932650,3903629717.51
2022-12-02,44.82,45.0,44.0,44.62,60778715,2706020114.69
2022-12-05,45.55,47.31,45.35,47.28,138043595,6429395575.75
2022-12-06,47.28,47.68,46.74,47.44,87827308,4150406717.16
2022-12-07,47.44,47.48,46.37,46.7,83145478,3892709694.55
2022-12-08,46.38,47.2,46.3,47.15,44836406,2105302840.96
2022-12-09,47.07,47.88,46.7,47.6,70957885,3366745982.01
2022-12-12,47.2,47.28,46.08,46.17,65647053,3059653870.93
2022-12-13,46.46,47.09,46.3,46.7,42366316,1979657202.86
2022-12-14,47.08,47.11,46.14,46.89,34697318,1619354234.98
2022-12-15,46.8,47.09,45.8,46.43,40402095,1868384990.81
2022-12-16,46.11,47.01,46.07,46.9,42134762,1968605781.43
2022-12-19,46.9,47.27,45.45,45.77,50589649,2332626031.85
2022-12-20,45.56,45.88,44.58,44.93,49524516,2234976304.68
2022-12-21,45.1,45.6,44.94,45.26,29789568,1349879759.42
2022-12-22,46.0,46.18,45.65,45.88,35346187,1622741420.73
2022-12-23,45.53,46.01,45.32,45.64,30647249,1399528669.8
2022-12-26,45.64,45.88,44.66,44.66,40328181,1814152592.95
2022-12-27,45.27,45.95,45.03,45.58,34779327,1583385185.38
2022-12-28,45.43,46.45,45.3,46.28,45626696,2106156212.54
2022-12-29,45.95,46.01,45.11,45.82,46957620,2138459930.41
2022-12-30,46.0,47.2,46.0,47.0,55300540,2594030159.9
2023-01-03,46.59,47.26,46.06,47.15,60230443,2815200403.85
2023-01-04,47.3,48.63,47.3,48.53,86949610,4183124625.33
2023-01-05,49.2,49.5,48.5,48.93,73704809,3608715198.02
2023-01-06,49.5,49.83,49.05,49.74,78034581,3867148878.08
2023-01-09,50.0,50.95,49.7,50.91,88185743,4446813320.92
2023-01-10,50.9,50.91,49.14,49.21,83794865,4173814429.23
2023-01-11,49.5,51.0,49.44,50.7,96689497,4881812303.79
2023-01-12,50.9,51.11,50.43,50.91,60025574,3057087227.86
2023-01-13,51.2,52.35,51.05,52.35,89625747,4644412350.36
2023-01-16,52.52,53.48,51.49,52.09,122979440,6455990322.75
2023-01-17,51.96,52.07,51.0,51.5,69887253,3592536755.52
2023-01-18,51.5,51.87,51.16,51.55,41960296,2162689505.61
2023-01-19,51.4,51.87,51.15,51.81,51046054,2627239788.14
2023-01-20,52.1,52.24,51.5,52.1,49706934,2584605516.26
2023-01-30,53.59,53.6,51.48,51.48,85757885,4495653729.42
2023-01-31,51.76,52.28,50.85,50.98,61241827,3152658911.18
2023-02-01,51.55,51.75,50.41,51.35,56530105,2882194846.04
2023-02-02,51.6,51.6,50.4,50.83,63621734,3228009417.34
2023-02-03,50.5,50.55,48.9,49.6,92731026,4582149777.48
2023-02-06,48.8,48.86,47.72,48.16,92159525,4431728035.62
2023-02-07,48.5,48.84,48.2,48.7,44436330,2159384253.62
2023-02-08,48.75,49.19,48.38,48.5,34718961,1690893371.18
2023-02-09,48.5,49.55,48.39,49.32,56490688,2781766992.62
2023-02-10,49.46,49.55,49.01,49.3,30917292,1523061150.76
2023-02-13,49.19,49.3,48.29,49.25,45797264,2238401665.22
2023-02-14,49.3,49.9,49.17,49.9,37040170,1835463536.4
2023-02-15,49.84,49.89,48.71,48.88,46102667,2259845454.5
2023-02-16,49.08,50.05,49.0,49.2,57689131,2860716311.31
2023-02-17,49.2,49.83,48.71,48.8,41751901,2060475453.05
2023-02-20,48.85,49.99,48.75,49.95,66428495,3282290632.64
2023-02-21,49.86,50.12,49.45,50.01,42665990,2125602115.65
2023-02-22,49.5,49.96,49.11,49.18,44604615,2203189302.43
2023-02-23,49.0,49.7,48.81,48.98,38525359,1892251718.16
2023-02-24,48.89,49.01,48.11,48.2,44654799,2161452475.67
2023-02-27,48.0,48.39,47.78,47.8,46791711,2244410610.84
2023-02-28,48.01,48.28,47.51,48.2,38041710,1823303792.64
2023-03-01,48.02,50.0,48.01,49.99,72432311,3581072360.88
2023-03-02,49.97,50.46,49.72,50.2,38088855,1909221050.48
2023-03-03,50.48,50.66,49.85,50.28,28413325,1427339464.81
2023-03-06,50.0,50.17,48.45,48.58,77323721,3780641354.08
2023-03-07,48.55,49.2,47.75,47.91,58730233,2843224085.55
2023-03-08,47.55,47.61,46.99,47.23,52741684,2488962344.75
2023-03-09,47.38,47.38,46.47,46.64,51832490,2426875267.31
2023-03-10,46.06,46.65,46.0,46.0,45709202,2110237421.52
2023-03-13,46.0,46.79,45.91,46.5,39948280,1851804404.87
2023-03-14,46.22,46.22,45.39,45.46,49073263,2241541531.13
2023-03-15,46.03,46.66,45.78,45.95,44364320,2047438825.12
2023-03-16,44.9,45.83,44.75,45.23,78960922,3568856007.04
2023-03-17,45.81,46.96,45.81,46.2,95019092,4408443468.65
2023-03-20,46.0,46.58,45.56,45.58,71924435,3301843809.13
2023-03-21,45.89,46.4,45.78,46.01,44665895,2056710351.78
2023-03-22,46.25,46.77,46.22,46.5,55225117,2572426395.54
2023-03-23,46.3,46.89,46.3,46.88,55427358,2584644862.07
2023-03-24,46.8,46.8,46.06,46.2,43769382,2023789516.03
2023-03-27,46.26,46.33,45.5,45.99,36217267,1658727909.91
2023-03-28,46.09,46.38,45.68,45.88,28332434,1300822901.5
2023-03-29,46.33,46.58,45.4,45.42,40902005,1872693108.96
2023-03-30,45.51,45.7,44.94,45.48,45003047,2035988418.59
2023-03-31,45.6,46.3,45.38,45.6,52453993,2401305125.0
2023-04-03,45.55,45.9,45.29,45.68,45121453,2056827917.3
2023-04-04,45.67,45.86,45.23,45.57,47348640,2156604419.52
2023-04-06,45.55,45.55,45.03,45.08,36162706,1634323042.98
2023-04-07,45.29,45.78,45.15,45.63,32633630,1487335020.83
2023-04-10,45.73,46.27,45.5,46.06,52736929,2426394064.27
2023-04-11,46.02,46.3,45.63,45.66,54309402,2495273529.12
2023-04-12,45.8,46.08,45.45,45.6,46093797,2107727787.7
2023-04-13,45.3,45.37,44.81,45.12,56947936,2561593685.64
2023-04-14,45.35,45.97,45.2,45.49,42891917,1954054640.32
2023-04-17,45.33,47.48,45.02,47.48,103616133,4813786756.7
2023-04-18,47.2,49.08,47.13,48.62,131027522,6375510317.04
2023-04-19,48.55,48.9,48.27,48.4,49716461,2414735650.73
2023-04-20,48.41,48.95,48.12,48.79,47673429,2314705513.6
2023-04-21,48.6,48.69,46.63,46.74,81197565,3837366387.3
2023-04-24,46.88,47.75,46.2,46.4,58748216,2760342071.97
2023-04-25,46.54,47.08,45.88,46.09,61758322,2862045073.14
2023-04-26,45.86,46.25,45.66,45.79,50514702,2320864198.71
2023-04-27,46.98,50.37,46.81,50.37,257064456,12656922047.63
2023-04-28,50.61,52.65,50.28,51.8,214950248,11104959198.0
2023-05-04,50.77,54.35,50.59,53.7,183764085,9743135594.41
2023-05-05,54.0,55.0,53.24,53.83,126410712,6829552783.68
2023-05-08,53.99,55.08,53.51,54.92,150405384,8223158231.0
2023-05-09,54.92,56.0,53.37,53.48,146158707,7986736175.6
2023-05-10,53.48,53.86,52.11,52.31,105561049,5557565460.64
2023-05-11,52.9,53.47,52.16,52.35,59388396,3128956426.51
2023-05-12,52.33,52.5,51.17,51.27,62668147,3238681436.33
2023-05-15,51.28,53.87,50.78,53.71,111375355,5846884590.85
2023-05-16,53.67,53.82,52.8,53.2,64496860,3436268825.68
2023-05-17,52.79,52.85,51.58,51.91,64255230,3344510652.26
2023-05-18,51.8,52.85,51.53,51.82,55516636,2891022410.12
2023-05-19,51.21,51.7,50.8,51.04,55423641,2831437767.63
2023-05-22,51.0,51.85,50.8,51.42,49881234,2562556971.74
2023-05-23,51.4,51.67,49.9,49.9,68538645,3460781262.65
2023-05-24,49.86,49.9,48.4,48.47,71313356,3491629222.21
2023-05-25,48.38,48.75,47.9,48.4,52552892,2535605262.46
2023-05-26,48.39,48.88,47.81,48.44,40336573,1953764069.02
2023-05-29,48.63,48.75,47.8,48.04,48434379,2333255082.46
2023-05-30,48.05,48.33,47.42,47.99,57029059,2728137415.24
2023-05-31,47.7,47.79,47.0,47.0,61068932,2880503904.09
2023-06-01,47.05,47.93,46.9,47.45,51807430,2460498428.82
2023-06-02,47.88,49.2,47.83,49.1,83284040,4054040688.94
2023-06-05,48.76,48.93,48.23,48.51,46645590,2261940200.92
2023-06-06,48.34,49.93,48.25,48.76,64450197,3172322393.85
2023-06-07,49.4,49.69,48.77,49.01,42543624,2093897750.93
2023-06-08,48.92,49.96,48.68,49.67,57228383,2830351412.3
2023-06-09,49.67,49.95,49.41,49.48,42804318,2124674673.49
2023-06-12,49.46,49.94,48.89,49.57,47645727,2358494748.13
2023-06-13,49.48,49.7,48.75,49.63,44002891,2170452732.2
2023-06-14,48.57,48.91,47.87,48.05,55366411,2677031202.29
2023-06-15,48.3,49.1,47.87,48.42,47343980,2293626704.49
2023-06-16,48.7,48.84,48.1,48.6,53414223,2589379832.89
2023-06-19,48.46,48.48,47.33,47.5,64216367,3062228886.81
2023-06-20,47.5,47.75,46.8,46.89,61533324,2893024196.67
2023-06-21,46.61,47.25,46.48,46.64,38103052,1785547514.91
2023-06-26,46.3,46.37,45.7,45.93,48535023,2227206703.42
2023-06-27,45.92,46.63,45.75,46.3,48093273,2220104954.69
2023-06-28,46.15,46.55,45.93,46.54,35606961,1648840079.26
2023-06-29,46.55,46.79,46.13,46.3,26573548,1233566768.45
2023-06-30,46.2,46.87,46.19,46.4,32697104,1522887807.25
2023-07-03,46.44,48.35,46.38,48.18,69778059,3323222199.77
2023-07-04,48.19,48.23,47.7,47.95,29744073,1424573050.9
2023-07-05,47.89,47.99,47.28,47.35,26406125,1253667348.38
2023-07-06,47.03,48.16,47.02,47.3,40258040,1912826286.95
2023-07-07,47.0,47.69,46.98,47.21,36442103,1723937253.55
2023-07-10,47.63,47.69,46.51,46.61,36816433,1728446565.77
2023-07-11,46.8,47.42,46.8,47.2,26888644,1267580412.37
2023-07-12,47.2,47.95,47.08,47.29,35439345,1683737592.0
2023-07-13,47.72,48.75,47.65,48.62,64876826,3132588330.38
2023-07-14,49.02,49.09,48.41,48.64,36635843,1784466104.32
2023-07-17,48.37,48.45,47.88,48.05,30470667,1465498863.42
2023-07-18,48.28,48.29,47.46,47.6,28318272,1348936541.65
2023-07-19,47.3,47.86,47.3,47.77,32111579,1526345245.72
2023-07-20,47.9,48.2,47.32,47.42,30137754,1438728105.03
2023-07-21,47.31,47.75,46.8,46.97,44679142,2108640104.48
2023-07-24,46.8,46.99,46.5,46.62,31598004,1475830597.26
2023-07-25,47.7,49.68,47.7,49.55,141327902,6907459692.64
2023-07-26,49.18,49.64,48.98,49.46,51544065,2541380228.18
2023-07-27,49.59,50.58,49.41,49.88,70373493,3523202970.28
2023-07-28,49.5,52.36,49.41,51.93,127790846,6564761757.37
2023-07-31,52.98,53.68,52.3,52.6,127485466,6750702391.32
2023-08-01,52.5,53.0,51.44,51.74,67061372,3493879470.95
2023-08-02,51.6,52.56,50.93,51.41,60879817,3136350131.95
2023-08-03,51.41,52.6,51.11,52.41,65494421,3398760968.42
2023-08-04,53.23,53.85,51.9,51.9,105165284,5566174314.16
2023-08-07,51.38,51.77,51.2,51.7,43689613,2246940970.12
2023-08-08,51.47,51.69,50.46,51.26,52326342,2671294849.64
2023-08-09,51.08,51.58,50.95,51.26,37285264,1911450575.78
2023-08-10,51.05,51.47,50.88,51.36,29926322,1531979640.9
2023-08-11,51.3,51.41,49.35,49.37,74892093,3751696962.85
2023-08-14,48.3,48.82,48.28,48.53,60472146,2935327039.09
2023-08-15,48.52,49.08,48.02,48.68,52183684,2535572143.02
2023-08-16,48.32,48.94,48.13,48.35,47660376,2306795547.93
2023-08-17,48.01,48.18,47.33,47.91,59827368,2853723205.71
2023-08-18,47.9,49.0,47.52,47.52,63666255,3066293939.67
2023-08-21,47.4,47.49,46.67,46.67,62808090,2950143136.05
2023-08-22,46.9,47.3,46.47,47.0,51849548,2430766794.52
2023-08-23,46.72,47.1,46.39,46.46,47623949,2224411613.93
2023-08-24,46.53,47.01,46.19,46.5,41863720,1949333013.88
2023-08-25,46.31,47.38,46.25,47.01,41763549,1953754067.7
2023-08-28,50.5,50.53,47.78,48.11,109010819,5323339312.04
2023-08-29,48.04,48.97,47.89,48.56,57380614,2780674848.55
2023-08-30,48.88,48.99,47.9,48.25,60012297,2904476280.22
2023-08-31,48.63,49.55,48.51,48.79,63953783,3135187118.7
2023-09-01,49.35,50.5,49.26,50.1,85575649,4287440106.16
2023-09-04,50.45,51.9,50.44,51.45,92193109,4732753256.67
2023-09-05,51.2,51.2,50.13,50.2,50624376,2555382801.98
2023-09-06,50.0,51.19,49.88,51.03,51436224,2604588523.33
2023-09-07,50.71,50.88,50.16,50.22,40329071,2033442988.32
2023-09-08,50.03,50.45,49.8,50.12,27366737,1370400982.25
2023-09-11,50.38,50.77,49.85,50.36,49151466,2471560949.59
2023-09-12,50.1,50.15,49.49,49.95,36114393,1801339429.03
2023-09-13,50.14,50.22,49.22,49.5,43398924,2152354986.01
2023-09-14,49.64,49.8,48.99,49.19,39131218,1929515958.18
2023-09-15,49.49,50.12,49.0,49.2,55753191,2760877161.31
2023-09-18,48.92,49.48,48.7,49.3,29526746,1452498883.38
2023-09-19,49.28,49.35,49.02,49.28,26652448,1311117789.88
2023-09-20,49.26,49.26,48.58,48.89,32873261,1605058394.28
2023-09-21,48.7,48.86,48.37,48.49,33547988,1629890838.59
2023-09-22,48.5,50.33,48.37,50.33,66300617,3282334329.9
2023-09-25,50.01,50.1,49.03,49.06,49975869,2465962385.25
2023-09-26,49.05,49.34,48.52,48.56,40093026,1955893351.94
2023-09-27,48.6,48.99,48.5,48.66,32486342,1582256040.87
2023-09-28,48.83,48.88,48.15,48.3,42146617,2042226679.84
2023-10-09,48.0,48.27,47.52,48.07,39401224,1887773034.36
2023-10-10,48.28,48.53,47.52,47.6,33077739,1584290863.86
2023-10-11,47.85,47.97,47.51,47.69,32529671,1552566989.81
2023-10-12,48.87,48.89,48.21,48.43,44871017,2176954487.89
2023-10-13,47.87,48.28,47.67,47.97,26126959,1254265938.06
2023-10-16,47.85,48.13,47.41,47.54,31900293,1522168840.42
2023-10-17,47.8,47.98,47.46,47.68,27014187,1289169549.21
2023-10-18,47.51,47.77,47.38,47.39,32569044,1547535570.27
2023-10-19,47.11,47.16,46.01,46.05,69408534,3224679421.96
2023-10-20,45.6,46.09,45.55,45.84,48177617,2205802926.29
2023-10-23,45.79,46.2,45.5,45.94,38706820,1775040622.55
2023-10-24,46.03,46.5,45.68,46.1,43231065,1992106370.64
2023-10-25,45.98,46.0,45.43,45.51,37446279,1709171805.18
2023-10-26,45.3,45.8,45.25,45.7,28098553,1279980547.6
2023-10-27,45.19,45.54,44.55,45.18,61884971,2785588427.13
2023-10-30,45.19,45.49,44.81,45.31,45549795,2055903968.57
2023-10-31,45.42,45.93,45.18,45.46,42308883,1926939393.94
2023-11-01,45.79,45.88,45.02,45.11,37801226,1709309023.78
2023-11-02,45.21,45.59,45.01,45.06,29224760,1321477077.97
2023-11-03,45.19,45.31,44.89,45.24,38640687,1744002549.05
2023-11-06,45.6,46.17,45.51,46.06,56246319,2582604547.29
2023-11-07,45.88,45.9,45.24,45.3,52054346,2364701854.66
2023-11-08,45.3,45.43,44.55,44.63,70373392,3162886205.25
2023-11-09,44.0,44.2,42.86,43.28,150454180,6539441759.76
2023-11-10,42.9,42.9,42.03,42.35,104996471,4446008162.19
2023-11-13,42.3,42.44,42.06,42.39,49309112,2085416496.94
2023-11-14,42.55,42.81,42.39,42.61,55819964,2377325635.64
2023-11-15,43.12,43.61,42.88,43.36,72870581,3155332501.36
2023-11-16,43.13,43.35,42.77,42.87,38608889,1658667534.01
2023-11-17,42.63,42.82,42.33,42.66,40472847,1720654033.45
2023-11-20,42.71,43.05,42.48,42.91,32498748,1390487105.19
2023-11-21,42.91,43.55,42.91,43.07,43250272,1871504437.92
2023-11-22,42.95,43.05,42.71,42.73,24925121,1068361649.63
2023-11-23,42.69,43.05,42.51,43.05,26380342,1128882328.09
2023-11-24,43.0,43.03,42.63,42.69,28044927,1200283581.21
2023-11-27,42.6,42.64,41.61,41.85,58546041,2449183476.91
2023-11-28,41.8,42.06,41.58,41.67,37226073,1554714840.45
2023-11-29,41.67,41.73,40.5,40.75,67904702,2771007262.06
2023-11-30,40.67,41.07,40.62,40.8,38857196,1586034771.64
2023-12-01,40.65,41.18,40.3,41.02,48696135,1986489504.86
2023-12-04,40.85,41.27,40.31,40.38,39986970,1627394427.8
2023-12-05,40.12,40.17,39.51,39.53,50642832,2020199567.75
2023-12-06,39.5,39.75,39.29,39.53,43332396,1713862406.03
2023-12-07,39.36,39.72,38.88,39.34,50100389,1967357706.58
2023-12-08,39.25,39.63,39.19,39.19,37891237,1491734068.88
2023-12-11,39.0,39.71,38.56,39.6,55511392,2166289979.3
2023-12-12,39.42,39.81,39.25,39.79,35821324,1419146471.34
2023-12-13,39.7,39.7,38.89,38.89,41285632,1618686295.1
2023-12-14,39.23,39.47,38.69,38.7,33236772,1297220103.12
2023-12-15,39.15,39.56,38.73,38.79,50791156,1983188835.54
2023-12-18,38.4,38.85,38.31,38.61,32998671,1273512227.22
2023-12-19,38.58,38.98,38.4,38.71,33224870,1284615540.12
2023-12-20,38.71,38.9,38.43,38.45,29948177,1158590096.42
2023-12-21,38.26,38.97,38.13,38.8,42416262,1640116584.09
2023-12-22,38.76,39.38,38.68,39.1,42473652,1656449050.13
2023-12-25,39.05,39.28,38.91,39.18,20325509,795171657.82
2023-12-26,39.18,39.18,38.82,39.1,19914583,776002047.48
2023-12-27,39.1,39.16,38.68,39.0,29593783,1150904275.07
2023-12-28,39.0,40.35,38.85,40.26,60952573,2429611849.79
2023-12-29,40.06,40.44,40.05,40.3,34107753,1372848495.56
2024-01-02,40.3,40.31,39.46,39.47,43759204,1740486365.32
2024-01-03,39.47,39.66,39.19,39.4,36382151,1432855498.63
2024-01-04,39.36,39.58,38.66,38.9,46739190,1819793956.96
2024-01-05,38.85,39.58,38.68,38.97,49920187,1955115159.54
2024-01-08,38.97,39.17,38.22,38.45,51473197,1983794142.0
2024-01-09,38.45,38.58,38.2,38.38,37065054,1423188301.14
2024-01-10,38.29,38.45,37.82,37.82,44130380,1677706637.6
2024-01-11,37.8,38.66,37.62,38.43,38157129,1457906650.77
2024-01-12,38.19,38.54,38.03,38.03,30300054,1158392102.61
2024-01-15,37.87,38.49,37.7,38.17,32702181,1244858223.33
2024-01-16,38.04,38.76,37.94,38.7,54496285,2095337501.25
2024-01-17,38.46,38.55,38.01,38.01,56122897,2148072059.83
2024-01-18,37.75,39.03,37.64,38.99,86154364,3289028900.73
2024-01-19,38.8,39.34,38.55,39.2,63974391,2493579882.19
2024-01-22,39.07,39.93,38.97,39.48,96109863,3800265430.86
2024-01-23,39.2,39.71,38.7,39.36,60172097,2363927977.29
2024-01-24,39.66,40.3,39.08,40.17,76115099,3023883703.2
2024-01-25,40.15,41.51,40.0,41.15,98658100,4022141715.25
2024-01-26,41.05,41.34,40.65,41.25,78592524,3225824129.23
2024-01-29,41.26,41.69,40.92,40.98,62078477,2560232020.12
2024-01-30,40.6,40.91,40.17,40.19,57063998,2308550032.86
2024-01-31,40.15,40.85,39.99,40.51,55701366,2253897731.11
2024-02-01,40.12,40.63,39.93,40.3,49092479,1980485848.94
2024-02-02,40.3,40.55,39.0,40.1,69077347,2771398286.31
2024-02-05,40.0,40.99,39.68,40.68,80614793,3247211014.41
2024-02-06,40.67,41.68,40.37,41.56,82383496,3381216758.7
2024-02-07,41.69,42.4,41.35,42.38,91615404,3833614844.28
2024-02-08,42.52,42.95,42.15,42.78,76874651,3274133648.91
2024-02-19,42.99,43.08,42.52,42.73,54413427,2324847504.07
2024-02-20,42.65,42.67,42.1,42.35,46935509,1989976125.05
2024-02-21,42.18,44.3,42.02,43.59,111249194,4827664819.26
2024-02-22,43.36,43.74,43.21,43.7,51745219,2252345679.89
2024-02-23,43.68,44.45,43.6,44.07,64421676,2843810762.75
2024-02-26,43.9,43.91,42.9,42.95,61619568,2667499279.49
2024-02-27,42.82,43.15,42.7,43.12,42901252,1840668677.61
2024-02-28,43.19,43.28,42.65,42.65,53576359,2298186002.07
2024-02-29,42.52,43.07,42.5,42.9,45509167,1948642485.44
2024-03-01,42.8,43.09,42.52,42.99,44577376,1908395624.01
2024-03-04,42.73,42.82,42.2,42.34,54504680,2311470911.3
2024-03-05,42.15,42.88,42.05,42.81,62343723,2650564784.46
2024-03-06,42.79,42.91,42.46,42.5,34276283,1461294746.35
2024-03-07,42.77,43.46,42.73,43.06,64896213,2796783750.67
2024-03-08,42.87,43.2,42.55,42.88,37249362,1595770014.26
2024-03-11,42.78,43.28,42.74,43.16,43597274,1877454174.22
2024-03-12,43.17,43.88,42.88,43.81,67920636,2952502139.23
2024-03-13,43.73,43.76,42.57,42.63,70121585,3008059272.09
2024-03-14,42.37,42.89,42.3,42.45,36088956,1535653343.04
2024-03-15,42.51,42.64,42.02,42.48,39867511,1687264408.94
2024-03-18,42.35,42.66,42.07,42.56,41626271,1764489757.48
2024-03-19,42.4,42.4,41.8,41.83,48601533,2045765039.38
2024-03-20,41.75,42.05,41.68,41.92,28361668,1187979289.12
2024-03-21,42.09,42.43,41.81,42.03,41497624,1745351698.68
2024-03-22,41.03,41.13,40.25,40.56,112550368,4569953332.77
2024-03-25,40.45,40.88,40.35,40.44,43760130,1775455395.81
2024-03-26,40.44,40.95,40.44,40.9,40299063,1640298639.54
2024-03-27,40.78,40.98,40.65,40.65,34619025,1411539594.33
2024-03-28,40.6,41.26,40.45,40.69,43233995,1764795886.29
2024-03-29,40.78,41.24,40.69,40.81,33512184,1370420386.58
2024-04-01,40.95,41.25,40.9,41.25,38706274,1592229351.69
2024-04-02,41.19,41.46,40.91,41.0,39996585,1644606101.72
2024-04-03,40.9,41.05,40.5,40.5,46364011,1886029049.26
2024-04-08,40.28,40.43,39.88,40.22,43590246,1752003234.9
2024-04-09,40.27,40.48,40.1,40.11,29392411,1183293256.89
2024-04-10,39.99,40.07,39.1,39.2,66754496,2638684982.98
2024-04-11,39.03,39.14,38.61,38.95,44321365,1724750105.08
2024-04-12,38.8,38.99,37.67,37.78,91894711,3503437973.08
2024-04-15,37.78,38.5,37.68,38.36,77160909,2953703722.44
2024-04-16,38.36,38.79,38.08,38.28,62674707,2408876665.25
2024-04-17,38.27,39.02,38.01,38.95,59458529,2294242964.74
2024-04-18,38.9,40.3,38.81,39.7,84608897,3365907681.42
2024-04-19,39.47,39.78,39.2,39.42,36839491,1454378302.44
2024-04-22,39.49,40.09,39.49,39.83,39122784,1559348108.99
2024-04-23,39.82,40.1,39.61,39.89,34265310,1367522866.18
2024-04-24,40.39,40.7,40.11,40.6,54996437,2226040004.99
2024-04-25,40.52,41.28,40.3,41.06,58217790,2379394080.78
2024-04-26,40.99,41.78,40.81,41.53,69427606,2866574032.83
2024-04-29,41.5,42.88,41.41,42.08,87545482,3696991239.7
2024-04-30,42.08,42.16,41.32,41.36,51819014,2157456541.33
2024-05-06,43.15,43.28,42.37,42.49,106274704,4554760126.57
2024-05-07,42.5,42.79,42.19,42.59,52815226,2249302992.58
2024-05-08,42.45,42.7,41.88,41.95,44733513,1888701756.04
2024-05-09,41.87,42.58,41.86,42.34,41354149,1749774912.08
2024-05-10,42.6,43.18,42.52,42.93,67767018,2906706220.37
2024-05-13,42.51,42.89,42.17,42.65,49348084,2098243663.83
2024-05-14,42.65,42.8,42.15,42.31,39651152,1679884655.94
2024-05-15,42.28,42.3,41.66,41.84,39911880,1673203919.17
2024-05-16,42.2,43.39,41.96,43.05,93478227,4003945956.18
2024-05-17,43.6,45.2,43.45,45.2,189457995,8380485072.81
2024-05-20,45.7,46.07,44.83,45.46,147945253,6725122982.13
2024-05-21,45.08,45.54,45.02,45.4,55109616,2495802387.92
2024-05-22,45.3,46.05,45.15,45.4,75133666,3432737425.71
2024-05-23,44.92,45.17,44.52,44.78,63592313,2847873001.03
2024-05-24,44.55,44.8,43.86,43.89,54128575,2397751034.49
2024-05-27,44.0,44.39,43.88,44.1,41274221,1820441915.17
2024-05-28,44.16,44.35,43.62,43.76,42192179,1853750116.11
2024-05-29,43.59,44.13,43.36,43.47,43942250,1921502308.37
2024-05-30,43.31,43.66,42.9,43.15,39395493,1702193305.05
2024-05-31,43.4,44.1,43.06,43.07,48249218,2100267340.71
2024-06-03,42.99,43.46,42.61,43.13,44651840,1922692312.43
2024-06-04,43.08,43.51,43.01,43.27,39817760,1723254938.55
2024-06-05,43.26,43.28,42.94,43.08,36188007,1559233049.65
2024-06-06,43.2,43.33,42.37,42.45,54262089,2313057245.12
2024-06-07,42.6,42.78,42.0,42.12,42139379,1781350640.17
2024-06-11,41.91,42.19,41.6,41.83,42236279,1767535002.98
2024-06-12,41.83,41.9,41.36,41.4,39834017,1653283609.36
2024-06-13,41.58,41.66,41.19,41.3,32042801,1323757553.96
2024-06-14,41.19,42.19,41.16,41.87,63562438,2651178961.93
2024-06-17,41.6,41.83,41.38,41.58,38472747,1600335662.58
2024-06-18,41.7,42.05,41.57,41.73,35345219,1476476517.64
2024-06-19,41.74,42.19,41.61,42.0,41063957,1721419835.21
2024-06-20,41.99,42.07,41.51,41.51,36478992,1525392591.04
2024-06-21,41.49,41.82,41.32,41.67,38505452,1600502330.31
2024-06-24,41.53,42.05,41.22,41.8,44592791,1856756643.57
2024-06-25,41.79,42.12,41.44,41.55,38283591,1598362559.09
2024-06-26,41.48,41.82,41.29,41.65,26506064,1100552480.63
2024-06-27,41.51,41.64,41.25,41.42,36797498,1525115714.91
2024-06-28,41.35,41.9,41.26,41.36,39934516,1661152477.79
2024-07-01,41.41,41.67,40.64,41.62,47419754,1949715776.52
2024-07-02,41.41,42.75,41.4,42.17,56885747,2404908550.73
2024-07-03,42.18,42.43,41.91,42.27,29574788,1248330594.75
2024-07-04,42.26,42.56,41.96,41.98,32485145,1369924728.97
2024-07-05,41.95,42.26,40.98,41.12,52671766,2180477666.29
2024-07-08,40.9,41.36,40.68,40.84,33954844,1388961718.88
2024-07-09,40.83,41.59,40.46,41.52,38140275,1565430221.59
2024-07-10,41.07,41.93,41.07,41.86,36127314,1507496306.7
2024-07-11,42.27,42.49,41.91,41.94,37556984,1582861429.22
2024-07-12,42.0,42.86,42.0,42.68,49569726,2110496360.66
2024-07-15,42.6,42.98,42.48,42.53,35484792,1513495679.15
2024-07-16,42.0,42.11,40.68,41.19,93998504,3870524306.94
2024-07-17,41.25,42.42,41.25,42.29,77840627,3268159910.88
2024-07-18,42.19,42.64,41.96,42.37,51362418,2175992699.2
2024-07-19,42.37,43.15,42.2,43.03,61077539,2610070264.81
2024-07-22,43.1,43.22,42.64,43.0,44056204,1890312952.56
2024-07-23,42.96,43.23,42.78,42.79,45978967,1978447934.56
2024-07-24,42.8,43.03,42.35,42.56,38609543,1644933089.81
2024-07-25,42.49,42.82,42.23,42.57,44047429,1874557285.11
2024-07-26,41.15,41.7,40.75,41.09,51037796,2099407783.57
2024-07-29,41.08,41.63,41.01,41.32,30564969,1264082989.54
2024-07-30,41.28,41.45,41.06,41.33,29692239,1224450780.96
2024-07-31,41.34,42.6,41.25,42.56,58087783,2450880159.96
2024-08-01,42.42,42.85,42.26,42.51,32514038,1383461986.97
2024-08-02,42.23,42.41,41.7,41.82,33137257,1392534223.86
2024-08-05,41.7,42.54,41.69,42.0,43050914,1813319978.54
2024-08-06,42.37,42.48,40.64,40.9,63434323,2614553598.48
2024-08-07,40.92,41.11,40.68,40.7,29978095,1225524961.3
2024-08-08,40.75,41.15,40.41,40.82,23643241,964682590.76
2024-08-09,40.99,41.24,40.61,40.61,26178496,1069136978.68
2024-08-12,40.53,40.73,40.31,40.62,15219904,617325021.79
2024-08-13,40.62,40.81,40.51,40.78,16650599,677002645.74
2024-08-14,40.81,40.94,40.49,40.49,20650428,838935305.86
2024-08-15,40.51,41.67,40.22,41.32,53416705,2202784576.02
2024-08-16,41.32,41.75,41.25,41.61,26957357,1119345318.47
2024-08-19,41.61,42.17,41.59,42.07,28791203,1209599525.52
2024-08-20,42.15,42.17,41.7,41.92,29376286,1230963340.51
2024-08-21,41.98,42.08,41.41,41.97,23617412,989256296.75
2024-08-22,41.96,42.25,41.64,41.71,30497656,1275507521.72
2024-08-23,42.04,43.46,41.93,43.35,99423443,4271882125.87
2024-08-26,43.46,43.64,43.05,43.35,47580560,2059591116.31
2024-08-27,43.28,43.55,42.96,43.15,33964677,1467947188.78
2024-08-28,43.24,43.38,42.93,43.19,34839474,1502990666.44
2024-08-29,43.18,43.56,42.46,42.62,47694548,2045077628.83
2024-08-30,42.71,44.53,42.71,44.03,110000601,4830979921.49
2024-09-02,43.88,44.17,43.45,43.45,51317124,2243546045.27
2024-09-03,43.61,43.62,43.08,43.21,36821975,1593821144.03
2024-09-04,43.22,43.64,42.45,42.64,40994906,1759519238.69
2024-09-05,42.63,43.51,42.61,43.42,46651108,2014905549.27
2024-09-06,43.42,43.98,43.16,43.25,39025775,1699389016.95
2024-09-09,43.08,43.25,42.55,42.68,40172454,1720343645.67
2024-09-10,42.75,43.05,42.29,42.66,29365589,1251507268.88
2024-09-11,42.64,42.92,42.37,42.52,27407424,1167516314.99
2024-09-12,42.73,42.77,41.82,42.6,41083853,1739432818.75
2024-09-13,42.56,43.4,42.5,42.89,34439648,1484769941.35
2024-09-18,43.0,43.79,42.93,43.7,43263824,1883001068.24
2024-09-19,43.72,44.1,43.32,44.03,46650032,2046412473.01
2024-09-20,43.98,44.29,43.74,44.15,53292373,2347055960.55
2024-09-23,44.13,44.4,43.86,44.09,29524048,1302373908.58
2024-09-24,44.6,46.5,44.47,46.5,120899198,5518430623.24
2024-09-25,47.6,48.2,47.25,47.36,138298492,6594953850.77
2024-09-26,47.59,50.44,47.2,50.42,163765259,8023977091.65
2024-09-27,51.9,52.16,50.7,51.9,139487740,7197182303.76
2024-09-30,54.48,57.09,54.4,57.09,262125405,14733344152.8
2024-10-08,62.8,62.8,59.1,61.73,396104253,24440888194.8
2024-10-09,60.0,60.0,55.65,55.7,285509557,16431475144.11
2024-10-10,56.63,60.59,56.31,58.5,222672969,12981664827.18
2024-10-11,57.8,59.86,57.03,57.54,131212381,7645831882.44
2024-10-14,58.39,59.24,57.55,58.67,117773767,6884203094.57
2024-10-15,58.58,59.28,57.09,57.19,102790028,5988622376.53
2024-10-16,56.78,57.83,56.61,57.38,85501630,4894961073.69
2024-10-17,57.9,58.8,56.97,57.0,78357477,4529673855.11
2024-10-18,56.08,58.35,54.75,57.18,149466236,8417973824.14
2024-10-21,57.4,57.47,56.18,56.9,87531258,4966469517.03
2024-10-22,56.8,58.2,56.58,57.06,84601119,4835443519.87
2024-10-23,57.2,59.3,56.9,58.31,119192651,6939592003.78
2024-10-24,57.9,58.48,57.63,58.1,51273005,2976336248.6
2024-10-25,58.01,58.48,57.56,57.7,53944541,3122695351.96
2024-10-28,57.78,58.06,57.08,57.5,57880987,3325855084.36
2024-10-29,57.5,58.46,57.44,57.63,62010028,3591688617.52
2024-10-30,57.49,57.91,55.68,55.97,90747926,5123310916.61
2024-10-31,55.96,56.8,55.4,55.92,75763009,4236922731.54
2024-11-01,56.15,57.0,56.0,56.15,65013925,3676222858.28
2024-11-04,56.17,56.97,55.93,56.97,53073970,2993285083.1
2024-11-05,56.82,58.88,56.28,58.75,120114422,6976690582.1
2024-11-06,58.89,59.05,56.95,57.49,126251828,7311429314.47
2024-11-07,57.0,61.0,56.9,60.84,186426320,11055869272.25
2024-11-08,61.2,61.49,59.01,59.12,132299025,7922272847.26
2024-11-11,58.13,58.52,57.52,58.4,91716007,5320862805.17
2024-11-12,58.4,58.97,56.88,57.01,96289275,5557347301.49
2024-11-13,56.7,57.5,56.62,57.19,61824493,3532487702.17
2024-11-14,57.19,58.09,56.9,57.0,66323183,3815907812.2
2024-11-15,56.9,57.48,55.8,55.8,78059714,4413936479.86
2024-11-18,56.1,57.16,55.38,55.76,68429646,3851412801.79
2024-11-19,56.0,56.12,55.1,55.61,52819300,2934893273.53
2024-11-20,55.62,55.8,55.2,55.46,46997145,2605295419.52
2024-11-21,55.49,55.67,55.12,55.49,41024489,2269302644.37
2024-11-22,55.47,55.47,53.0,53.03,100680813,5439029186.91
2024-11-25,53.0,53.25,52.14,52.57,70269826,3704922204.59
2024-11-26,52.5,53.27,52.37,53.05,40761823,2156122895.27
2024-11-27,53.06,53.6,52.79,53.55,44446366,2366194482.97
2024-11-28,53.57,53.99,52.83,53.17,42550213,2268917373.38
2024-11-29,53.15,54.42,53.04,53.25,56357055,3018761403.42
2024-12-02,53.2,54.23,53.18,54.01,44960590,2420512863.94
2024-12-03,53.85,54.61,53.55,54.43,47005763,2544434590.64
2024-12-04,54.18,54.34,53.71,53.93,38188736,2059281653.68
2024-12-05,53.69,54.05,53.49,53.68,29588882,1589274038.26
2024-12-06,53.79,55.69,53.78,55.12,78983681,4338822601.68
2024-12-09,54.95,55.3,54.45,54.83,51046345,2801288362.27
2024-12-10,56.9,57.18,55.5,55.62,100098350,5649587634.71
2024-12-11,55.61,55.93,54.88,54.9,50478424,2790301409.65
2024-12-12,54.96,55.85,54.7,55.58,52633585,2909611957.11
2024-12-13,55.2,55.21,53.68,53.74,88709588,4798656728.82
2024-12-16,53.71,53.99,52.93,53.12,65859184,3512263333.83
2024-12-17,52.9,53.47,52.74,53.01,53769372,2853899355.19
2024-12-18,53.33,53.68,52.88,52.94,50446143,2683105293.26
2024-12-19,52.6,52.94,52.35,52.89,40549628,2136614146.62
2024-12-20,52.89,53.23,52.52,52.62,46196543,2437090038.01
2024-12-23,52.62,53.48,52.62,53.1,55550547,2954746191.08
2024-12-24,53.08,53.83,53.0,53.78,49560916,2654767330.42
2024-12-25,53.81,54.31,53.57,53.9,41739896,2249897990.35
2024-12-26,53.89,53.94,53.36,53.45,37922170,2031175519.15
2024-12-27,53.45,53.75,52.71,53.27,53775719,2862446916.89
2024-12-30,53.22,53.9,53.21,53.9,53343783,2865180504.46
2024-12-31,53.79,54.02,52.65,52.65,67711790,3607846473.56
2025-01-02,52.7,52.73,50.39,50.71,94857917,4877807223.25
2025-01-03,51.0,51.09,50.08,50.3,55135185,2788346286.54
2025-01-06,50.55,50.62,49.83,50.34,41348951,2077171909.27
2025-01-07,50.19,50.36,49.81,50.17,39278717,1967557697.73
2025-01-08,50.18,50.58,49.55,50.3,51038304,2555823166.64
2025-01-09,50.26,50.41,49.8,49.81,40082112,2005089617.47
2025-01-10,49.82,50.08,48.9,48.95,52270371,2576373865.93
2025-01-13,48.48,48.8,48.1,48.59,51139315,2474824395.9
2025-01-14,48.59,49.58,48.5,49.36,61577440,3024006483.51
2025-01-15,49.25,49.66,48.91,49.11,45802852,2251226874.25
2025-01-16,49.3,49.75,48.93,49.25,41576107,2052212528.83
2025-01-17,49.1,49.57,48.77,49.38,46074666,2273441157.24
2025-01-20,49.72,50.3,49.66,49.81,49173607,2458746693.9
2025-01-21,50.2,50.39,49.66,49.9,40995081,2049216697.85
2025-01-22,49.72,49.92,48.85,48.95,53078046,2606595141.93
2025-01-23,49.82,51.45,49.78,50.37,96910455,4910872824.57
2025-01-24,50.18,51.37,50.1,50.86,61677886,3140198840.43
2025-01-27,51.03,51.62,50.81,50.85,52454748,2681560915.93
2025-02-05,50.98,51.0,49.67,49.72,58307230,2921528574.68
2025-02-06,49.73,50.5,49.68,50.25,41503724,2078321190.86
2025-02-07,50.18,51.44,49.84,50.88,72581202,3679372001.35
2025-02-10,50.89,51.36,50.8,50.9,43181484,2203839896.22
2025-02-11,51.2,51.24,50.37,50.52,38184400,1931993468.36
2025-02-12,50.52,51.12,50.18,51.08,44699378,2261445451.46
2025-02-13,50.92,51.78,50.81,51.02,59036332,3019334997.7
2025-02-14,50.99,51.86,50.8,51.7,59977161,3080098769.84
2025-02-17,51.83,52.38,51.41,51.84,62571044,3245003133.19
2025-02-18,51.67,52.18,51.2,51.31,65008234,3362664790.81
2025-02-19,51.19,51.83,51.02,51.45,46442576,2388611400.68
2025-02-20,51.23,51.31,50.66,50.78,51538478,2620444373.81
2025-02-21,50.99,51.5,50.46,51.2,66876093,3415352330.99
2025-02-24,51.2,52.48,51.05,52.0,83582274,4341042759.82
2025-02-25,51.5,52.1,50.85,50.98,64242944,3298896561.65
2025-02-26,51.1,51.78,51.03,51.62,53657805,2758370361.5
2025-02-27,51.78,51.8,51.12,51.62,54724008,2813972256.66
2025-02-28,51.4,51.65,50.38,50.38,80526753,4102825271.76
2025-03-03,50.55,50.82,50.06,50.33,42316083,2135730015.39
2025-03-04,50.08,50.29,50.0,50.08,37243163,1867141470.87
2025-03-05,50.18,50.55,50.01,50.38,45507176,2287766875.65
2025-03-06,50.77,51.93,50.53,51.64,104582101,5369202398.94
2025-03-07,51.6,51.84,51.32,51.5,48147872,2481121736.0
2025-03-10,51.51,51.66,50.78,51.25,61128342,3121852670.24
2025-03-11,50.71,51.5,50.6,51.5,52914740,2702757543.57
2025-03-12,51.5,51.6,51.01,51.15,47057801,2410921164.24
2025-03-13,51.15,51.55,50.93,51.14,41144830,2107254551.84
2025-03-14,51.33,53.89,51.21,53.47,150244865,7945017156.29
2025-03-17,53.47,53.62,53.1,53.38,60517176,3229662145.15
2025-03-18,53.7,54.19,53.64,53.76,58774002,3164655446.65
2025-03-19,53.68,54.3,53.57,54.07,50987421,2751845206.48
2025-03-20,54.05,54.06,52.23,52.49,114072346,6007424559.04
2025-03-21,52.4,52.66,51.68,51.75,79571468,4145943295.05
2025-03-24,51.82,52.28,51.82,52.13,50865690,2646991165.97
2025-03-25,52.15,52.21,51.82,51.96,34440224,1790739698.82
2025-03-26,51.98,52.09,51.72,51.72,40399461,2094936176.07
2025-03-27,51.71,52.45,51.53,52.06,43216872,2248679010.83
2025-03-28,52.2,52.37,51.85,51.96,35366353,1841078405.98
2025-03-31,51.9,52.25,51.39,51.63,46838971,2423816080.07
2025-04-01,51.6,51.86,51.41,51.62,39432057,2035352505.07
2025-04-02,51.58,51.96,51.53,51.86,28327427,1467236071.49
2025-04-03,51.39,52.0,51.38,51.48,37334782,1927750539.89
2025-04-07,49.3,49.77,47.0,48.56,172755841,8362219629.49
2025-04-08,48.55,49.26,48.1,49.26,111752977,5446468217.79
2025-04-09,48.8,49.25,48.36,48.93,73790650,3604799241.88
2025-04-10,49.36,49.8,49.21,49.48,65791545,3258096137.76
2025-04-11,49.48,49.54,48.98,49.35,45012106,2216984585.55
2025-04-14,49.6,49.85,49.44,49.48,38748414,1922228961.61
2025-04-15,49.48,49.97,49.26,49.83,40776211,2021902572.15
2025-04-16,49.72,50.17,49.4,49.88,46792350,2323052329.97
2025-04-17,49.69,50.28,49.58,50.16,37704289,1884423296.17
2025-04-18,50.05,50.66,49.95,50.44,33881100,1706307227.66
2025-04-21,50.4,50.61,50.2,50.28,26378406,1329681851.62
2025-04-22,50.2,50.79,50.12,50.57,35509783,1793621625.57
2025-04-23,50.76,50.95,50.46,50.7,29877321,1515452317.1
2025-04-24,50.7,51.48,50.7,51.22,42383943,2170142048.92
2025-04-25,51.24,51.59,51.22,51.33,36849939,1894916291.48
2025-04-28,50.42,51.34,50.03,51.21,51866550,2632952958.86
2025-04-29,51.17,51.64,50.86,51.0,33754005,1725062887.35
2025-04-30,51.1,51.55,50.68,50.71,37794426,1927976843.15
2025-05-06,51.0,51.15,50.55,50.8,39151245,1992284114.91
2025-05-07,51.42,51.63,51.03,51.18,42063972,2156676084.15
2025-05-08,51.01,52.35,50.9,51.96,67134993,3487932290.18
2025-05-09,51.91,52.16,51.75,51.75,29070923,1507958915.35
2025-05-12,52.23,52.75,52.0,52.6,57737170,3028226079.46
2025-05-13,52.79,52.79,52.25,52.46,40392012,2117089329.22
2025-05-14,52.45,55.18,52.34,54.69,157722961,8541172666.05
2025-05-15,54.39,54.8,54.1,54.25,56930342,3095268721.07
2025-05-16,54.05,54.44,53.38,53.39,46612951,2499109898.78
2025-05-19,53.29,53.73,53.2,53.3,32426624,1730493311.95
2025-05-20,53.45,54.18,53.4,53.68,35266900,1895934592.19
2025-05-21,53.7,54.4,53.7,53.85,33306582,1800759244.04
2025-05-22,53.76,53.99,53.53,53.84,24065765,1294403113.72
2025-05-23,53.81,54.46,53.17,53.23,43049136,2314052457.28
2025-05-26,53.16,54.15,53.0,53.4,38812968,2078107531.14
2025-05-27,53.4,53.86,53.3,53.4,25572531,1368911112.02
2025-05-28,53.4,53.69,53.12,53.29,26169794,1396312011.86
2025-05-29,53.3,53.83,53.09,53.52,34868262,1868004330.4
2025-05-30,53.37,53.69,52.85,53.28,41723855,2221553128.02
2025-06-03,53.21,54.11,53.0,53.85,45373821,2430686987.22
2025-06-04,53.61,54.15,53.61,53.76,43089681,2322941428.98
2025-06-05,53.77,54.18,53.66,53.99,41909990,2260023900.04
2025-06-06,54.0,54.12,53.35,53.41,40855330,2191002621.24
2025-06-09,53.55,53.94,53.5,53.72,39788727,2137162081.35
2025-06-10,53.71,54.1,53.31,53.43,46707945,2510066317.07
2025-06-11,53.4,54.65,53.4,54.46,68183015,3704026067.86
2025-06-12,54.3,55.33,54.03,54.81,58999906,3231103730.46
2025-06-13,54.83,54.9,54.28,54.48,48022896,2616565694.41
2025-06-16,54.33,54.58,54.06,54.32,49677075,2697778320.15
2025-06-17,54.3,54.51,53.94,54.23,50628878,2745763183.09
2025-06-18,54.18,54.28,53.3,53.81,46936380,2518852918.02
2025-06-19,53.69,53.8,53.12,53.2,40188078,2143533731.1
2025-06-20,53.19,54.86,53.19,54.74,84743047,4606219515.27
2025-06-23,54.5,55.25,54.26,55.1,61470513,3373267493.85
2025-06-24,55.21,56.97,55.2,56.79,104079789,5873914856.71
2025-06-25,56.8,58.0,56.58,57.88,104613132,5998384733.81
2025-06-26,57.79,58.08,57.47,57.58,50073981,2888896788.43
2025-06-27,57.58,58.13,56.61,56.96,66763167,3832894681.9
2025-06-30,55.5,55.95,55.13,55.48,56478195,3133724720.45
2025-07-01,55.66,55.89,55.3,55.7,35274636,1961556961.13
2025-07-02,55.7,56.01,55.35,55.81,39562902,2204210315.9
2025-07-03,55.9,56.2,55.66,55.8,32510060,1817404361.66
2025-07-04,55.7,57.39,55.43,56.57,65454405,3695501729.12
2025-07-07,56.59,56.8,56.06,56.43,32176278,1813966809.18
2025-07-08,56.4,56.78,56.11,56.45,34345972,1939149952.41
2025-07-09,56.45,56.78,55.88,55.9,39546279,2223715808.05
2025-07-10,55.9,57.58,55.81,57.13,82888153,4726621457.43
2025-07-11,57.0,59.02,56.96,57.71,107642894,6269330973.4
2025-07-14,57.69,58.24,57.57,57.57,44905762,2598863547.11
2025-07-15,57.75,57.96,56.98,57.1,44172553,2535144762.22
2025-07-16,57.17,57.24,56.21,56.83,48182460,2728239344.48
2025-07-17,56.7,57.06,56.68,56.81,27712343,1575012869.75
2025-07-18,56.95,57.45,56.86,57.07,43623995,2492884492.83
2025-07-21,57.15,57.75,56.9,57.19,46673343,2671242928.78
2025-07-22,57.19,57.2,56.1,56.7,69520325,3930402694.05
2025-07-23,56.84,58.38,56.81,58.0,86940674,5020698335.41
2025-07-24,57.97,59.0,57.71,58.64,70773738,4142271385.15
2025-07-25,58.3,58.55,57.82,58.08,50833457,2958837440.46
2025-07-28,58.2,60.2,58.2,60.09,122121733,7297531196.6
2025-07-29,60.06,60.28,59.37,59.49,56609200,3380012574.83
2025-07-30,59.48,61.33,59.35,60.71,92199271,5600001965.56
2025-07-31,60.41,60.5,58.38,58.69,82760070,4910516273.74
2025-08-01,58.68,59.06,58.08,58.2,48878624,2860162236.12
2025-08-04,58.1,58.34,57.85,58.21,36007832,2092312969.11
2025-08-05,58.3,59.41,58.2,59.14,48295614,2837798909.03
2025-08-06,59.14,59.64,58.82,59.06,32446873,1916931440.99
2025-08-07,59.11,59.46,58.53,58.88,32797153,1932522823.06
2025-08-08,58.88,58.9,58.22,58.54,39793332,2331643860.37
2025-08-11,58.77,59.14,58.47,58.47,43186911,2535939660.51
2025-08-12,58.47,59.07,58.47,58.75,42698545,2507882892.03
2025-08-13,58.92,59.4,58.46,58.61,72845320,4285477114.74
2025-08-14,58.8,60.6,58.77,59.62,102276751,6132887144.52
2025-08-15,59.6,60.45,59.0,59.8,89296811,5342602446.72
2025-08-18,59.92,60.35,59.34,59.34,95726282,5730767229.78
2025-08-19,59.77,60.18,58.08,58.2,95480996,5626016599.78
2025-08-20,58.09,59.2,57.69,59.2,76272484,4453267555.24
2025-08-21,59.2,59.96,58.91,59.62,57460093,3420554066.19
2025-08-22,59.51,60.51,59.44,60.5,78097427,4689312102.96
2025-08-25,60.6,61.05,60.11,61.0,67011268,4065994393.89
2025-08-26,60.9,61.0,60.45,60.52,49198628,2984830237.5
2025-08-27,60.38,60.45,58.69,58.69,106455786,6325335934.31
2025-08-28,58.75,59.12,58.31,58.84,63610466,3734301052.68
2025-08-29,58.95,61.1,58.94,59.88,108030923,6488619820.31
2025-09-01,59.79,59.79,58.33,58.51,94852489,5566516443.11
2025-09-02,58.5,58.8,58.22,58.66,64903633,3797585374.7
2025-09-03,58.94,59.1,57.36,57.78,71474642,4150607723.07
2025-09-04,57.77,57.97,57.06,57.5,72743607,4183559781.08
2025-09-05,57.5,58.06,57.03,57.9,55818427,3207319734.5
2025-09-08,57.76,58.04,57.32,57.7,48773339,2814135142.0
2025-09-09,57.76,58.29,57.55,58.0,51891144,3004298500.8
2025-09-10,57.77,58.16,57.62,57.87,30846974,1786675714.58
2025-09-11,57.9,58.69,57.6,58.69,59507207,3464480190.12
2025-09-12,58.98,59.2,57.5,57.68,73537627,4277497748.82
2025-09-15,57.65,57.99,57.09,57.33,54684242,3147658744.56
2025-09-16,57.35,57.45,56.5,56.62,68571361,3894056718.59
2025-09-17,56.66,56.97,56.45,56.57,68465187,3878151156.9
2025-09-18,56.64,56.67,55.11,55.28,101207356,5649599208.97
2025-09-19,55.29,56.0,55.0,55.1,54332111,3008279779.78
2025-09-22,55.37,55.65,55.0,55.15,37443768,2068811783.84
2025-09-23,55.03,55.79,54.74,55.02,61296096,3385890145.3
2025-09-24,55.29,55.75,54.95,55.29,50317433,2781363925.22
2025-09-25,55.28,55.39,55.03,55.09,51429616,2838283233.55
2025-09-26,55.02,55.55,54.66,55.22,54862187,3021459544.38
2025-09-29,55.18,57.32,55.03,56.01,103510992,5816595783.32
2025-09-30,55.8,56.2,55.0,55.11,76708187,4247640484.95
2025-10-09,55.04,55.28,54.25,55.04,82406748,4521397149.76
2025-10-10,54.73,55.97,54.73,55.54,64146532,3560844772.52
2025-10-13,54.51,55.33,54.51,55.1,60965598,3353288997.75
2025-10-14,55.58,56.68,55.52,56.48,102294025,5757976240.66
2025-10-15,56.48,57.97,56.3,57.81,83704628,4793965559.41
2025-10-16,57.68,58.58,57.61,58.02,68147820,3966486441.38
2025-10-17,58.0,58.48,57.17,57.28,67749281,3916934527.0
2025-10-20,58.33,58.57,57.45,57.9,52669469,3058431634.29
2025-10-21,57.93,58.92,57.93,58.08,76220049,4456452771.02
2025-10-22,58.0,58.5,57.93,58.21,37989266,2211002991.15
2025-10-23,58.22,58.87,58.09,58.75,50350104,2943942596.15
2025-10-24,58.14,58.49,57.75,57.88,55824170,3240224544.67
2025-10-27,58.0,58.39,57.5,57.75,68500438,3964893062.54
2025-10-28,57.79,58.23,57.62,57.76,49130508,2842864952.9
2025-10-29,58.6,59.7,58.49,58.95,104443161,6172236794.81
2025-10-30,59.3,60.1,58.58,58.65,74571283,4424147710.75
2025-10-31,58.99,58.99,57.8,57.83,57254154,3331214747.55
2025-11-03,58.27,58.7,57.86,58.31,41143033,2399870469.72
2025-11-04,58.35,59.13,58.2,58.94,51812600,3045009960.8
2025-11-05,58.4,58.84,57.92,58.32,40215785,2348603000.58
2025-11-06,58.35,59.28,58.34,58.9,54734599,3224909538.0
2025-11-07,58.78,59.15,58.66,58.89,37191041,2191134861.25
2025-11-10,58.85,59.4,58.44,59.3,52948721,3132320906.12
2025-11-11,59.3,59.5,58.81,59.2,36250376,2143772917.28
2025-11-12,59.3,60.79,59.3,60.03,149024584,8994592304.48
2025-11-13,60.29,61.38,60.29,60.88,89018699,5421878882.14
2025-11-14,60.85,62.27,60.65,60.65,75274101,4630168806.01
2025-11-17,60.69,61.0,59.46,59.83,56019716,3354710744.83
2025-11-18,59.67,60.15,59.48,59.62,44571218,2663627684.28
2025-11-19,59.8,61.12,59.71,60.37,70586509,4268493623.8
2025-11-20,60.6,61.15,60.03,60.2,39449064,2387256690.59
2025-11-21,60.0,60.1,58.88,58.91,68557969,4067315651.66
2025-11-24,59.16,59.2,58.35,58.4,53470919,3141756213.56
2025-11-25,58.68,59.82,58.23,59.47,48777097,2887514429.48
2025-11-26,59.66,60.22,59.32,59.78,43469273,2598031332.74
2025-11-27,59.5,59.73,58.7,59.34,50570087,2993560813.35
2025-11-28,59.21,59.29,58.51,58.99,43355814,2553839885.71
2025-12-01,58.91,59.18,58.41,58.63,44580406,2614280155.99
2025-12-02,58.8,59.4,58.45,58.8,37383734,2200530386.89
2025-12-03,58.75,59.02,58.15,58.35,33549447,1961924290.85
2025-12-04,58.35,58.55,58.21,58.55,21766366,1271252461.35
2025-12-05,58.65,62.2,58.55,61.99,137794827,8385205487.59
2025-12-08,62.04,63.8,62.0,63.4,102997868,6514118719.63
2025-12-09,63.4,63.69,62.42,62.45,48373102,3044070518.32
2025-12-10,62.66,63.06,62.13,62.55,44882218,2808948856.5
2025-12-11,62.8,63.36,62.17,62.53,47796340,2990603756.48
2025-12-12,62.56,64.09,62.41,63.91,109176025,6926125694.12
2025-12-15,63.68,67.44,63.52,67.08,154664260,10258390316.01
2025-12-16,66.71,68.11,66.16,67.0,105682134,7074646043.38
2025-12-17,67.05,68.63,66.65,68.05,96211778,6513277291.36
2025-12-18,67.88,68.58,67.59,68.5,56360590,3839846393.27
2025-12-19,68.15,68.78,67.6,68.75,63847643,4363697642.1
2025-12-22,68.7,69.27,68.2,68.54,55694201,3824247200.17
2025-12-23,68.56,70.24,68.35,69.49,76571991,5324655841.95
2025-12-24,69.17,69.38,68.35,69.03,51131950,3522990019.66
2025-12-25,69.0,71.98,68.98,70.8,77789813,5513013481.16
2025-12-26,70.44,71.96,70.43,71.16,65701677,4689142905.54
2025-12-29,71.0,71.66,69.79,69.88,65566518,4622483554.37
2025-12-30,69.75,70.23,68.39,68.8,104667372,7226865061.61
2025-12-31,68.78,69.23,68.15,68.4,45806869,3141993176.56
2026-01-05,69.2,73.0,69.2,72.36,122883100,8824564893.37
2026-01-06,72.4,74.88,72.4,74.32,146851648,10867519150.89
2026-01-07,73.89,74.7,73.29,73.45,91969506,6796568402.28
2026-01-08,73.37,73.4,69.66,70.38,168539173,11969587225.79
2026-01-09,70.6,71.28,68.24,69.0,206334825,14285738424.98
2026-01-12,68.9,69.0,67.22,67.55,185166118,12546774432.8
2026-01-13,67.8,69.98,67.78,68.2,150215050,10342110580.07
2026-01-14,68.35,68.93,66.82,67.0,143110900,9691268750.05
2026-01-15,66.9,68.38,66.69,67.41,106661426,7195271140.22
2026-01-16,67.6,67.94,65.8,66.33,135609994,9017682809.32
2026-01-19,66.28,66.95,65.91,66.3,83868106,5560566590.39
2026-01-20,66.35,67.77,66.11,66.6,98849999,6611639901.63
2026-01-21,66.64,67.18,65.65,65.85,93540213,6198978526.81
2026-01-22,66.13,66.58,64.52,64.8,114392226,7455922558.87
2026-01-23,65.2,65.48,63.66,63.9,140769883,9048849719.78
2026-01-26,64.0,66.25,63.77,64.14,201384596,13083521293.77
2026-01-27,64.31,66.35,64.27,65.31,150884105,9868833866.34
2026-01-28,65.87,66.05,64.43,64.75,199285418,12952514677.93
2026-01-29,65.03,68.03,64.53,68.0,275571332,18287719695.49
2026-01-30,68.01,68.69,66.39,66.75,160322836,10768334981.95
2026-02-02,66.35,68.33,65.73,66.02,135454854,9059867835.73
2026-02-03,66.9,67.4,65.62,66.58,103322505,6862044454.45
2026-02-04,66.45,67.45,66.23,67.4,87740307,5866716206.56
2026-02-05,67.17,67.99,66.16,67.35,90819121,6088193606.16
2026-02-06,66.88,67.61,66.42,66.9,74927488,5011778788.18
2026-02-09,67.45,69.1,67.11,68.7,102123690,6973342327.39
2026-02-10,68.71,68.8,67.8,68.19,54873478,3743029913.69
2026-02-11,68.25,68.68,67.06,67.5,61803197,4178546001.31
2026-02-12,67.6,67.68,66.35,66.54,64637155,4320770032.58
2026-02-13,66.15,66.35,65.06,65.29,84077184,5509966026.28
2026-02-24,65.77,66.25,64.37,64.5,80005314,5208399200.81
2026-02-25,64.7,65.74,64.7,65.05,68355572,4452349687.49
2026-02-26,65.5,65.53,63.29,63.5,103614642,6614432347.13
2026-02-27,63.6,63.74,63.06,63.09,63301213,4006459826.43
2026-03-02,62.41,63.11,61.7,62.35,101086184,6295717497.51
2026-03-03,62.45,63.72,61.93,62.57,109553470,6885778078.85
2026-03-04,62.2,62.56,60.65,61.79,100813361,6196271381.82
2026-03-05,62.01,62.72,61.8,62.08,54636541,3404335407.24
2026-03-06,61.79,63.35,61.66,62.67,57463292,3590186817.96
2026-03-09,61.44,61.52,60.01,61.4,93036823,5663230288.63
2026-03-10,61.86,62.38,61.72,62.09,46218362,2866994901.59
2026-03-11,62.09,62.91,61.8,62.55,51727048,3234820114.55
2026-03-12,62.15,62.43,61.22,61.6,66854186,4123729384.43
2026-03-13,61.37,61.87,61.08,61.2,45804107,2813751145.81
2026-03-16,61.2,61.36,60.1,60.48,81859571,4946355959.17
2026-03-17,60.59,62.8,60.58,61.84,90184988,5591874769.32
2026-03-18,61.87,62.32,61.5,61.89,49047083,3034276336.59
2026-03-19,61.2,61.29,60.4,60.62,68472203,4158160918.9
2026-03-20,60.8,60.9,59.7,59.74,62076703,3738267787.76
2026-03-23,58.9,59.0,57.24,57.47,125382261,7264101523.89
2026-03-24,58.0,58.34,57.5,58.12,68186982,3949789640.51
2026-03-25,58.5,59.36,58.42,58.79,56238854,3309846361.9
2026-03-26,58.78,58.78,56.53,56.8,101189634,5801815138.04
2026-03-27,56.86,57.39,56.42,56.95,83437858,4753261022.43
2026-03-30,56.34,56.55,55.84,56.33,73754441,4139267845.95
2026-03-31,56.29,57.69,56.21,56.78,76411377,4363799009.51
2026-04-01,57.58,58.29,57.54,58.18,68403496,3964968442.02
2026-04-02,58.0,58.0,57.16,57.26,45979403,2642755830.87
2026-04-03,57.58,57.77,57.24,57.25,34367765,1975820959.58
2026-04-07,57.3,57.55,56.41,56.69,50385836,2865555757.72
2026-04-08,58.0,59.65,58.0,59.45,112152704,6612867449.33
