distance,market_size,policy,trade_flow
1.5118370540090726,7.648746302435837,0,0
2.3504249701122863,8.956077697472143,0,0
6.802682875995733,8.899118682064689,0,0
1.309413364178947,8.231243625961728,0,0
2.18661397014711,8.280897515803941,0,3
1.2411153062255378,9.667538873625581,0,2
6.736631975678673,9.01420815264874,0,0
1.1921028938942526,10.064885380182647,0,2
4.956919937899935,7.922688539295216,0,0
3.1294853783853034,7.335044339517048,0,0
2.085229431656171,9.496904331396859,0,2
3.0748106807163134,8.47943394103976,0,0
2.378381121205165,7.697161766277333,1,4
1.7447100283235655,8.988798641403044,0,1
0.5351032186366392,7.794983624247323,1,4
1.2837886370918286,9.188995946244345,1,0
3.9122643993216295,8.98595167095797,0,0
2.6555826524774426,8.274036542300715,0,3
4.887353943340055,6.813334431297163,1,0
3.6004544069875166,7.5768362202611,0,0
0.1622977567975057,10.018354317545723,0,1
4.5201667224954605,10.245477743719638,0,1
1.1024188665522505,11.0932551460833,0,2
3.340628118111325,8.90038223340712,1,1
0.7273079799601121,7.409909303918324,1,2
6.539616997690876,9.839005997921177,0,2
5.705368760211559,8.235831893744088,0,0
2.7605315460404425,7.817677221431686,0,0
5.550418964482241,8.834744026822296,1,0
1.3716462500571789,10.39692904496929,0,0
1.9515127084348236,8.394690900665854,1,1
6.4114920802958055,8.517001582987014,0,0
0.07342850311885593,6.967851967950558,1,2
2.8453515348552307,8.607752503349406,0,0
4.279354608414147,9.165481051591573,1,0
2.2473621816476825,8.41235558986458,0,0
7.6552915530984995,8.486504188313154,1,0
9.151148573318585,8.725137542575416,0,0
4.510165837790939,7.450822782176825,0,0
1.1115906509932305,6.222278594064537,0,0
5.6235608647522435,8.396711816568844,0,0
11.50581606832106,8.274381628471353,0,1
3.4674018305457843,9.070001941292903,0,1
2.959437874790346,10.897103598867368,0,2
1.4598992939826936,9.79602376871635,0,4
4.116404069095927,6.443003860649654,0,0
3.035714731937729,11.020783372894506,0,1
0.24098625216457648,9.164008599293995,0,4
5.378324966368721,8.235321169301665,0,0
0.985573162351001,9.9763887095906,0,0
12.839523986767968,5.946875195279009,0,0
3.643142366924723,7.955469426660734,1,1
2.769664290708644,8.697081616982148,0,3
3.517109101096309,8.567322569572097,0,1
3.350239904555752,10.014077794761675,0,1
2.383461981104532,9.680490368580678,1,2
0.6500703173802657,9.18212363538293,0,3
7.771731013901206,8.223036145879739,1,0
3.4793694436398757,9.461332435706767,0,0
6.782736363749948,7.901935442734612,0,0
0.7545249395977043,9.27232038177348,0,1
1.6793324460619024,7.771022401053922,0,0
2.219473858941112,8.794193923171262,0,0
1.142167240568858,7.044181714849408,0,0
5.371041094898379,9.535518803460985,1,2
2.6806756664286744,8.055426013962926,0,0
4.034676074913261,7.130958660695697,0,3
1.920533172892838,7.536343972437501,1,0
6.984253954640666,8.19354167317065,1,0
5.83287910606356,7.587790098195782,0,2
5.250464199969633,9.220167438207369,1,0
3.637154852638831,8.222264611133507,0,1
7.775083003756315,9.434970358025097,0,0
5.8829000876842565,8.217096138397753,0,0
3.1087752161733033,9.217079029065697,0,0
2.090394498646166,8.50898472461978,0,0
2.6704028233207464,8.240623493392958,0,2
4.664578314818946,7.459368670311433,0,0
0.7480386215775036,8.56785224180955,0,1
1.6129167844246706,9.235395992695336,1,3
7.6952552792646,7.812487628639817,0,0
6.535273730319061,8.487529593029935,0,0
2.687624188147461,7.948422555444167,1,0
18.618202041111402,10.436217284205936,1,0
5.654967854628139,8.811992428690896,1,1
3.5062993950104357,8.589943873248842,0,0
6.618515032171632,8.014246830304055,0,0
2.0155373008922095,9.383923501229143,0,1
1.750729818441079,8.49932140332966,0,2
3.0162268944993325,8.435092314789685,0,1
3.3772111979234665,8.42671184166402,0,1
1.7541557025585663,7.394022821284952,1,0
8.423541212227164,9.995838599884062,0,0
2.489072182580889,9.41960738162915,0,1
0.5708402009804561,8.508919871847262,0,1
3.6443067964371862,8.396897336372735,1,1
2.830553798151791,7.618405829794188,0,2
6.104155018165769,7.023982110642392,0,0
2.036381866756198,7.6190499876987055,1,1
5.407428241343312,9.643628736435637,1,0
4.065463574978188,8.113301911704621,1,0
6.895168714901289,9.582389058323205,1,0
3.619513558874019,8.469998478779745,0,1
1.675429453108653,7.631586530404746,1,0
4.221425711192664,7.765994733261101,0,0
1.2851998176346744,8.746599581909264,0,2
0.342666042287638,6.8805076476828075,0,0
1.7947930024321417,7.732964364339566,0,1
7.204608243931404,8.04638992746894,0,0
10.779972255461583,9.320548633400323,0,2
0.735155612731541,8.782942886858699,0,2
6.3764208555523485,8.687398614993757,0,0
9.60941120309855,8.963380304389782,0,0
1.2497670596451664,9.534116730906007,0,1
8.48299764211095,8.550568013208293,0,1
1.0102484551720872,7.465718186178005,0,0
3.0283176990098983,8.687892022874278,0,0
4.429399505632781,7.659606735861157,0,2
1.3506686283462366,6.430930296175074,0,3
8.137845890011878,8.688933410314267,1,0
3.2747749237305634,9.016729019125803,0,0
5.970382091079366,8.846864966366567,0,3
1.4277390198368973,9.005337084901699,0,1
11.204411606009018,9.614680481204806,1,0
4.825185803703251,7.530929841807864,0,0
4.678423558533857,8.111996177371886,0,0
4.37118760568776,7.21290716920074,1,1
4.729984005830156,8.949342309952,0,2
5.570864357200262,9.728813115353375,0,0
2.495594883898958,7.955524545186541,0,2
0.9516226508525144,9.222306195410411,1,0
0.9982612997562218,7.730645838335529,1,1
3.492123895107898,9.14548548389605,0,0
9.803393957690664,6.266146636322404,0,0
3.0100123702388077,10.022639891673172,0,1
7.4616447484295225,7.409726335722498,0,1
3.116325879793981,8.668943174640434,0,1
9.046515387587686,9.904804551935522,0,0
4.644925956452905,7.331975808168259,0,0
4.160497090588388,10.259547271829561,1,0
6.973263079871717,10.603087728668228,0,3
4.6048992352512075,9.18898354668156,0,1
5.401803967081328,8.516810143571893,1,0
3.44162781716947,8.315195535026165,0,0
4.3682636863098745,9.074240498382412,1,1
1.091306068132119,9.24619064075622,0,0
8.065901445908082,6.486927809926723,1,0
8.24975785876652,8.215168104748027,1,0
2.5989592868466787,7.9152885962852935,0,0
3.2032414728870626,7.770568896600177,0,1
11.034658463228409,7.7902883733312684,0,0
2.66040974911726,7.205884525278667,0,1
5.814551082935288,10.049871704159266,0,0
3.9600482402696864,7.912689802151813,0,1
0.8024397040055105,8.355160117049664,1,2
4.779975081061355,8.187495251501039,1,1
7.934186066285163,7.951243880081013,1,0
2.882722904075422,8.916972562980153,0,0
1.1489726717129376,8.187782580914028,0,0
6.169634181697413,9.105373394286904,1,2
0.841650321218646,10.070050897470113,0,1
0.899588790525212,7.399827089095064,0,0
11.410562359694914,8.822816838126752,0,0
7.1071366807568195,8.79324404697897,0,1
3.6048590879884457,7.324609436780903,0,3
4.8887743823535335,9.14616487188817,0,3
1.5136797582474235,8.237702698058593,0,1
3.91657584806466,10.079296576563967,0,3
1.2678334364954136,9.499001330462624,1,2
1.2302540154273702,8.499495790126264,0,2
6.385993119163178,8.283602827992127,0,0
2.3521813928186104,10.232588943559756,0,1
2.046507981434036,7.9206918589018365,0,0
4.550901616848076,8.764457777444623,0,0
1.9779088616818208,8.434874643089758,0,0
2.82067235682885,9.694863671116437,0,1
10.323586562812542,9.771709092720767,0,0
0.8924361082051141,9.042396384639893,0,2
9.236969319015058,7.972194935585764,1,0
19.762162340890747,8.343503303411882,0,0
0.9631847093938778,7.269782786521435,0,0
1.1128304603189916,8.748888523144467,1,0
5.188276074001717,7.693414322528225,0,2
3.671006181088553,10.73883289488481,0,3
1.7503695495166198,7.952345397712753,0,1
8.108230262582673,9.525789429834216,0,0
2.5056666921423694,10.028483796549807,0,2
4.135072801130505,9.328836885202039,0,1
5.702719070674215,7.993362157429115,0,0
4.860584667586949,7.921909063424351,1,1
3.4063746041982057,11.4441160089826,0,1
5.892831133683006,10.473945901422352,0,0
0.7649317607217727,8.803471456705841,0,0
7.0813074800898015,8.161627817215715,0,0
2.6588428344542927,7.62998848018226,0,0
5.395321485781861,7.880212752953924,1,0
3.2956722531083478,9.210308329943784,0,3
2.052281016007564,10.812910629760873,1,6
3.1008441527585635,8.381200992527832,0,3
4.2282059524245295,9.698476536099397,0,1
4.747274582934004,9.398487438694296,0,0
4.283692311632878,8.20751966488159,0,0
1.9264214850803139,9.499072352853867,0,3
1.3793031013190027,9.530139856082581,0,0
1.505962592063719,9.416808895883882,0,1
2.7978202033703674,8.087391425652084,0,0
5.337224455803204,9.21711009486691,1,0
5.602042440597942,9.6890440542288,0,1
2.144315311062181,9.455756486261622,0,0
3.420459767319614,9.577816440387569,0,3
0.8436183474574773,8.296977522026467,0,2
2.501459598165712,9.57254651194465,1,1
2.131690811397449,9.790065035876678,0,3
1.7232427883487194,8.043084566630839,1,2
3.7053010711308616,7.11593379625061,1,1
10.557036018873934,10.135585998976278,0,0
3.5636707334310533,8.037469209874303,0,0
7.446302810546292,7.757413402776932,1,0
6.384770176638444,8.712291321479231,1,2
2.225145705917186,8.230024934241019,0,2
5.92827306044186,6.573768048277503,1,0
10.965870222636617,9.391818178070473,1,0
1.1243751892021998,9.366787775587074,0,0
6.378602115049239,7.468632198752113,1,0
3.2280305793327075,8.47453888923551,0,2
1.9379609048186985,7.482784825876059,0,0
4.539221927634609,7.641234167416897,0,0
4.629195839186279,7.898094306652848,0,0
14.677850488535924,9.02857550707513,1,0
2.00458924493722,10.511187683210839,0,0
3.5594568160060622,8.086747306046256,0,0
3.50983802379371,9.338958871154363,1,1
1.9936908383138734,9.297629895539078,0,0
1.53578246491335,6.370231737466505,0,0
2.4554458483264736,7.114989263996177,0,0
3.138534622764882,10.546281656289079,0,0
1.4453308613285678,7.993791282446097,1,1
6.63514839557571,8.953077226752395,0,0
4.967141434087862,8.836796452278442,0,1
1.1547944288851881,6.37193670065149,0,0
2.42009698661362,7.817953027186209,0,0
3.764063714219352,9.226661502119102,0,2
5.692280925312933,7.562203375644572,0,0
3.1575001202200577,8.121903145815171,0,0
5.467461933137294,7.295910484158524,0,0
4.354481900359296,7.6594792397059805,0,0
5.927991455188426,7.97326080911809,0,0
1.7820285901318098,6.640836962808848,0,0
5.0767685800527955,9.671559010470228,1,0
3.2379972620159587,7.111408769223729,0,0
7.299459085138138,8.327573438162053,0,1
1.7474782855771964,7.755122756262605,1,1
4.414456522310775,9.576853198950225,1,0
3.5815261075223055,7.26761799651731,0,1
2.9873623231909314,7.717936718760335,0,1
2.5122511649723918,7.162868049320517,0,0
2.6658367360459594,6.091901218351522,1,1
10.059516367454014,9.009089331057545,0,0
2.9206526014001177,8.532301401037541,1,1
9.567738402168468,8.719083315363225,0,0
2.985075091105598,9.310486247629271,0,1
3.866904989416662,8.608101263125166,1,2
3.40635250574975,8.055986404743113,1,0
9.938362796820648,8.75963616531836,1,0
6.133615457109462,7.993511825188358,1,0
2.325129060103805,9.612351077423218,1,1
0.8886237558995244,8.137922657441086,0,0
2.372495233615942,8.380764582622472,0,0
8.218171524006495,9.136571077670178,0,0
1.2306758887125104,10.836114143850311,0,2
0.9338053541367877,7.47781691856332,0,0
1.9608846473234676,7.281642844618498,0,0
1.4353384190956817,8.254996994841916,0,0
1.6499991662995326,7.751770659235582,0,2
0.526198061205982,9.199963066323441,1,1
3.917984701948462,8.69744197623386,0,0
4.507366259216761,7.38054778140673,0,0
2.909968939986626,9.249460539690826,0,1
0.9020343471089641,10.347669102118555,0,1
1.9711950500503377,7.700970275961118,0,0
4.404864779142452,8.825265204176175,0,0
4.845277882744056,6.305328320617226,0,0
0.5515530305012771,8.131892334939298,1,1
3.4857785243621264,8.809663059965581,1,0
1.8369805518190678,8.35864182288405,0,0
3.3153952668952975,8.61258725990706,0,0
0.978815776030604,7.7219513674627684,0,1
0.657820290967414,9.76001773942137,1,1
2.8500297783341106,8.089343297261536,0,1
3.060665319027012,7.270539215277074,0,0
1.5795288322134664,8.461197161745151,0,0
9.019490557967579,9.4229052090194,0,0
1.7920096052580123,9.05447625981699,0,0
1.7634950857119258,7.9822677912111235,0,1
3.397363247859256,10.273160099587185,1,0
3.0762723176895306,8.425262534143654,0,1
1.798804353033117,6.78765316006621,0,4
4.481893355250468,9.094382370773891,1,0
4.457521749199012,8.36267237285163,1,0
3.4507431912276174,8.425952325814137,0,0
3.892333527085998,9.388815815677614,0,0
3.2315705438001854,8.238975786266558,0,1
3.089479515996905,8.209824460602093,0,0
0.995023342615171,7.246475451229978,0,1
3.594215420718709,7.9705575563129045,1,0
6.210229881565564,8.744976901645034,0,0
3.8978136673941006,7.91211401657309,0,1
2.6131332489726486,6.830625057745665,0,1
6.018665231198604,9.151491149320991,0,1
3.9015445709355467,9.192479235150358,0,2
1.7793655165156117,9.20000630987202,0,1
6.007920301867532,7.574457651616763,0,0
2.228705065956314,8.47935878660379,0,1
1.2874983380522023,8.739645574889659,0,2
1.6004561447902907,9.09459284161809,0,1
2.0626794922572764,9.116927510686825,0,0
0.9433553220401447,7.087189820057812,0,0
7.775759472882523,10.222143225856192,0,0
0.6267844882398007,7.291525504748378,1,2
4.877718072406662,6.868836010921138,1,0
4.042662913910382,5.566265507025479,1,1
3.8512353824993406,9.198531121077533,0,0
4.4484965850796,9.94884503118116,0,4
2.8200933429104085,7.86753859257454,0,1
4.893516813533022,6.732013562400221,1,0
3.018763597110263,9.374538009433504,1,1
2.4078687923590154,7.202122013278531,1,0
1.0547085854684548,9.118990329253826,0,0
4.166934771382238,7.575515684692002,1,0
4.224097205025292,8.060922938470304,1,0
3.2256166725755464,8.819245113012519,0,2
5.629094853221161,8.82664509938656,0,1
7.07913564253797,8.606753965716102,0,0
2.1425683073419237,9.970176722984515,0,2
5.021484875281525,10.214326834677093,0,0
1.0363540101429671,10.292322251601483,1,1
3.403939749100009,8.323932188192533,1,0
2.838501320512812,8.60608049615628,1,2
5.739981674177234,9.878280813746581,0,2
2.284003469152465,7.848286627107187,0,1
7.331959296770796,8.070244587547547,0,1
2.7125944397715385,8.52084960025239,0,1
1.054026461378805,8.480709442421343,0,0
0.6977013801049481,8.213596024649789,1,0
5.3752595587088,7.565020049976321,0,0
0.9422088961208297,9.354261134023616,0,0
4.586127932843399,8.112613125250245,0,0
5.304992872557942,8.656355523316916,1,0
1.7547570492826046,8.492974580437215,0,0
3.975669616827796,9.175402771908235,0,0
8.984237998776571,8.956245872232135,1,0
2.889945058515901,8.244714060342636,0,0
0.7778580424971763,8.085037409767097,0,2
1.9981150216559462,8.389255541585415,0,1
9.748920879286475,7.390200588143058,0,0
5.599185000032712,7.695727683272127,0,0
1.1796876853674647,9.030502437774453,1,2
6.957308867324012,8.79936896103018,0,0
7.224688826434635,7.533965035422045,0,0
2.306818906336926,8.380168196816534,0,0
1.017685378101023,6.9368937765015115,0,1
6.549706071881116,8.635251450382867,0,0
10.591671052789023,8.163855638583902,0,0
1.7946308160652567,10.595050607066305,0,0
5.375285213889253,9.087153766832767,0,0
1.8333038088076918,7.546845179776103,0,0
1.767157305065564,7.533083250386235,0,0
3.98448681272065,9.13773244494909,0,0
1.5995680850687548,9.379325383020053,0,0
3.153765539910884,10.358552411625336,1,1
7.382599730150012,9.656359120559626,0,1
0.8419813278449477,8.97714433839137,1,0
5.864374834331486,9.923167530177915,0,0
3.7599677419679507,8.574576152036128,1,0
4.491268386751088,8.530066387645192,0,0
3.503524975023644,7.287339751944417,1,0
8.073862766999534,10.008369699909448,0,0
4.313211884290772,8.632390978281498,1,3
2.4687220029062216,8.401383069170151,1,2
3.770476328542316,7.705995345315602,0,3
2.3627196729309246,9.725376324675365,1,2
1.8734087024178578,9.486526869919125,0,1
6.904229048594899,7.597764061647143,0,0
2.372614456943796,9.010482759827688,0,0
0.6505663915262531,9.295984258514867,0,1
4.525903467906707,7.25372357387797,0,0
2.4825845354825367,9.141238977684045,1,2
9.120160418924337,8.940992688138154,1,1
5.066268657616474,9.123178486430954,1,0
8.820992901982818,10.486710415502642,0,0
5.77189885943918,11.461659948593395,0,0
7.030651330785717,9.736230025613402,0,0
4.350976769766764,8.760493216857657,0,1
6.039787470769063,9.138241599367085,0,0
1.659847940242308,8.934027493830607,0,0
5.7526648351485825,10.851749969859897,1,0
0.9983933831549837,8.637403829309198,0,1
3.1623325466007186,8.085738145289627,0,0
2.0721059159927884,9.048735831492293,0,1
4.001936246287279,10.587720481677295,0,1
2.3235664045017486,7.531355113627855,0,0
1.0362812473956413,7.828103754758496,0,2
0.9465927424226361,7.772749444267698,0,0
1.1243036462557157,7.30292231676121,1,0
4.079678635045456,7.548829675726887,0,0
4.192159923659654,9.44037492645363,1,0
2.3169253568382646,8.719812758044565,0,2
4.63593863641376,7.2061438379333955,0,0
2.92719668812405,9.185678277122468,1,2
4.400284887172433,8.84545451118756,0,1
3.31429172712355,9.451640062324616,0,0
5.907146872407064,7.895997022867032,0,0
1.6348435917506599,7.272909246125466,1,1
0.5337239323953679,9.179881123087759,0,2
2.9499779481326196,9.325097826224077,0,0
3.5767322391678147,7.39555739788117,0,1
1.328478319552677,8.73809992640247,0,1
1.5448628470688452,7.8837371843115,1,0
4.970864208478067,9.47115437985191,1,0
5.063089323789621,9.16217444297256,0,0
2.850623000791603,9.718741229007502,0,1
0.735927955631412,7.6587709608385,1,1
4.836205646669276,7.8102726593166905,0,1
3.547543879731218,8.129408686065567,1,0
2.1066516692919377,7.969949305557062,0,1
6.340523125165736,8.868451999965512,0,0
0.2585679434397386,7.422919803150007,1,2
3.170139594173771,10.021203616651507,0,0
4.880309975490183,10.243827844207724,1,1
1.0070553590336557,9.609442728909762,0,1
0.9113374872043192,9.000083708587189,0,3
9.669097377929218,8.376837050672513,1,0
5.021381247313304,8.68890857031472,0,0
8.11239981824867,7.743708565730236,1,0
6.032916261116381,8.65743134318654,1,0
4.133595812463911,8.835345857256778,1,0
10.521163718231962,7.674651893928163,1,1
3.8160365202938857,10.121408350330615,0,0
2.9787980910822247,8.415773570374188,0,1
6.037585799914401,7.471275768755027,1,0
6.415086003551389,8.294691060309548,0,0
4.56649374885659,7.897483396888203,0,0
2.104687917724962,7.6597106379323465,0,0
6.0195576373179245,10.07132438045338,0,0
2.071589168662204,8.509954349043195,1,3
3.3946941779203597,9.529783421978085,0,0
1.5394676074570781,8.911452825201016,0,3
1.6286937940437072,8.976626703743447,0,2
2.912256283176757,8.486305630092815,1,2
4.22707623781262,8.068004170279654,1,2
10.263172336093385,9.799966616404053,0,0
1.9274520152868269,9.154246525373825,1,1
3.485297190904746,8.319140651214932,0,0
3.0319219378306514,9.494386901279508,0,2
4.345209310359385,10.01012932587939,1,0
2.587919940472162,8.86604771985666,0,1
5.08832223637658,10.051411769920596,0,0
1.452465485033304,8.022818122320109,0,5
3.262147619553249,7.600368642891303,0,0
4.1784506583834915,8.15702743445384,0,0
6.6701982988623305,8.54124568559271,0,0
5.154528188265772,10.055375087288903,0,0
3.20688843793235,8.119069366958552,0,0
1.6306693077217436,8.884237214475641,0,0
11.099305983149405,9.600969062482932,0,0
1.829081867375458,8.967444429957512,1,1
1.0980372247061785,8.006435195558716,0,3
1.9924610099355842,7.221387675290413,1,0
0.8961571866467729,9.718865450585227,0,0
4.145131186099111,7.447509379028557,1,1
3.191388508754214,8.121337458750665,0,0
2.7057221571596664,8.533942182665916,1,2
2.9619619762288587,9.763433634219652,0,1
2.0965450751323798,9.497707569951537,0,0
0.4747615206651823,8.64834306055629,0,2
6.045870305898714,9.712779320204545,0,0
2.258890194879491,9.932695533622052,1,1
0.9348590677760253,8.023326320048797,1,0
0.6282788590823569,8.106800755019087,0,1
7.572039862533002,9.249194380093694,1,0
2.460018672463038,10.196997465294707,0,3
2.4124374512374733,7.805163583781354,1,2
4.491415629370193,6.6578781845242725,1,0
2.1065466351965947,9.149597249499202,0,1
0.8751808521317256,9.864335187744171,0,0
1.93582711235299,8.629480778910343,0,2
3.8175603272115555,11.134025233221694,0,1
1.9237296367594559,7.662847453874767,1,3
1.5703536716576743,7.757810218976036,0,1
1.25002898546546,7.744231797513167,1,0
4.213135350527551,8.587098946211716,0,0
3.740488520585048,8.61001126608989,0,0
4.606305457973519,7.7302214678637275,0,0
2.717958432659857,9.623333786110816,1,0
2.237950285844881,8.767806261473849,0,2
1.6403169094467411,7.465181843407659,1,1
2.4760492137679804,9.113731846975705,0,1
0.6710999507159325,8.079640374537258,0,1
3.9463130103922195,8.601576967741789,0,0
2.2975073918628026,9.387315709963142,1,0
6.540176716544059,9.499108745371014,0,0
3.053732806289443,9.416565222774485,0,2
0.45952876704036805,8.549697593002676,0,1
3.585936247497061,7.525200550606604,0,0
11.293957126451442,8.181386828861191,0,0
4.203164051974157,8.523194115226811,1,0
5.453368170540619,10.046182362620167,0,0
7.011972666001708,7.973927326699676,1,0
1.5174912909039513,8.701756269260493,0,1
2.805673196257043,7.267037101378609,0,1
1.5852676413416635,8.840532480211973,0,1
5.014138404844828,8.454574085213455,0,0
1.602461610897699,8.370774170290144,1,3
2.700791769086973,9.346628428196809,1,1
5.310939494320927,7.814255926280393,0,0
4.974729410881183,9.900879257249608,1,1
3.5382322466836897,7.740387893952384,0,0
7.066252746057841,9.866053598938075,1,2
5.291304469986282,6.903837378953236,0,1
1.943264916732677,8.805843701279425,0,2
0.9077407811316587,9.11029677833779,0,3
1.4512187519801736,8.14025083073156,0,2
5.525007019991271,8.777782526504387,1,0
4.167716739784199,8.136405665073621,0,1
7.117255907164388,8.94775924567729,0,0
4.482393572744271,8.750361768336951,0,0
5.37551861660302,10.716931356590303,0,2
3.9056649204283675,7.121418449686731,0,0
1.8829859067341486,8.700926519920664,0,1
1.8091166509458712,8.079194000957715,0,1
1.4641983778711383,8.624562123102947,0,1
1.8871867156578757,8.364145102907308,0,1
7.239126447451613,8.151482534040182,0,0
4.909351947364717,7.97694376107851,1,1
2.7495997451556833,9.214378107287086,1,1
4.259960196377861,8.126868137558752,1,2
4.214877790758547,8.478275003955764,1,2
7.659166370529262,8.685751367857687,1,0
2.542894605210679,7.7754783188454475,0,2
3.7429874613550247,9.10927785596476,0,3
5.40434414833331,7.5413578268999455,1,0
1.8676910428801623,8.993339286310903,0,2
8.093967613405582,8.90188676644897,0,0
5.225700815147384,8.366980946068384,0,1
1.452463751567903,7.405145493155199,1,2
9.920640274453241,8.506738545307092,1,2
7.075963364745275,7.467649249432748,0,0
4.780648304274655,8.388008085365216,1,0
0.5321507454036339,9.288897060464272,1,2
2.151962667528745,8.484552907642579,0,2
3.5578432864728247,9.754035449315142,1,1
3.7580988674126625,8.795083512246967,1,1
3.3526420462073787,9.27330587312418,0,0
1.1065402227793855,9.21671160153589,0,0
2.639804866861876,9.90711395867398,0,0
2.846438934403548,7.194886013301975,0,1
0.42028118443117485,7.97700872637803,1,0
4.7552941821917685,8.527898314691623,0,1
8.692249841412263,9.300681355662135,0,0
2.999231232156054,8.668367266487412,1,1
4.815745747641288,8.493585698222468,1,0
1.4786955099930768,9.530382213811972,0,1
4.086191169704349,8.162276401906324,1,1
4.137255541764465,8.115754724162624,0,0
6.55832382543334,9.020813612245872,0,0
7.417466598399837,10.894019814978284,1,3
4.774452902556244,8.480290711602086,1,0
1.9203860261105792,7.853853173113849,1,3
1.862079300671393,7.9330691921623195,0,0
7.36612342195647,8.134089030234007,0,0
1.2074944245471062,9.826046174777035,1,2
2.1404539279054853,8.13394929390172,0,0
4.531374244009773,8.804581462119787,0,1
8.510224527187066,8.408044533662508,1,0
8.966945116347267,7.186854437631285,0,0
0.2896767618388197,8.172291170086897,0,1
3.990137095049484,6.02553834166968,0,0
3.153580904794624,8.675100755031789,1,0
1.6576585344881132,8.989545062146558,1,1
0.2606189483575849,7.654399473074022,0,2
3.137203704278353,7.957905166284526,0,1
1.1841939288950296,7.159480514651776,0,0
4.412885711678396,6.283668261388643,1,1
3.356058639801438,6.993823647047365,0,1
0.5426579575898488,9.152004305968003,1,3
2.755423530113616,8.185728904498225,0,0
0.8821894992517784,8.709370113906505,0,1
3.8602638668667653,10.54094706011549,1,2
5.092215602946732,9.498789471966612,0,0
2.3758124764731385,9.039035745458998,1,0
7.127813541534728,8.015267621807025,0,1
3.911491612148607,10.05939180708845,0,1
3.2874295445576918,9.735253737794908,0,0
3.329171164682975,9.393129141278386,0,1
2.7546928629041862,8.495079665006765,0,2
2.6750918522022133,7.575465169604766,1,1
1.1512633523866884,10.017316132400223,0,3
8.170153511834684,9.370515159306969,1,0
2.7282071925980924,8.296429820582015,0,0
8.967426865407258,8.22322756582194,0,0
5.028991367154472,7.2784246329551525,0,1
2.9258359255684554,9.260358553258575,1,1
3.5565505243573967,8.670483169196242,0,1
5.092077564923441,8.89775739297644,0,1
6.124179727117503,9.430298355076246,0,0
3.2466088051215594,9.221945776435021,0,1
5.771324340234014,7.625018944651588,0,0
4.968334969784348,8.522378134064317,0,0
5.1232389679141725,8.912799877494724,0,0
5.782463957229524,8.988248179948217,0,0
2.0597244974447566,6.90972667960642,1,1
7.582361889236084,7.493967836966638,1,1
4.1748434807859525,9.157343865293935,0,1
6.11299083982469,9.142091361989841,0,0
3.239977945765646,10.109687576684319,0,2
3.8245522461572063,6.949947614155421,1,0
2.053977841762288,9.397615516863622,0,0
1.349760862122141,8.876333282171881,0,1
2.8420892495087364,7.449091268945861,1,1
5.245946211006378,6.732508264717391,1,0
2.10255966107562,9.440910883879347,1,2
0.7737484974356567,7.516469299478551,1,1
6.770192407233002,7.185842449157913,1,0
1.1972325351399133,8.953531033272542,1,1
4.083699475807243,8.490336922405248,0,1
9.672842619933292,9.07463228537225,1,0
18.94150511939573,8.930581831491425,1,0
2.945960028118734,11.84547469159803,0,1
6.836896775426373,9.223502169043767,0,0
4.124573998196185,9.15957490033578,0,1
1.5236292772984832,7.617739400896061,1,0
2.7652741515735735,10.06235883408293,0,1
2.2487244378175855,7.994677217581482,0,1
6.665296464548462,7.589607287088508,0,0
9.423584340245055,8.2885084212452,1,0
2.4613189372097817,8.940106941118247,0,0
0.7988627858892507,8.038173427090276,0,0
3.729437694680121,7.623568515219593,0,0
1.6117453225328744,7.602227545443391,0,2
1.3215529674268036,8.70571465163569,0,0
1.9268800706444134,9.060325803596555,0,1
1.8100622741450165,9.142363181371172,0,2
4.400262035840124,6.944367146169679,0,0
5.112700893583706,7.669420931851882,0,0
4.051162455605834,9.431211668738273,0,0
1.605490833920446,8.075787040464478,1,1
1.643998130010212,8.702645317098305,0,1
3.129216599455342,11.126310235781116,0,1
2.5658225507800276,6.245396183582787,0,0
3.3656623332176117,8.370754784759733,0,0
4.299655673587452,9.207924350156649,0,1
3.1019055115654712,7.5182579667332,0,3
4.844884666954097,8.365129792509567,1,0
3.827097286557694,7.299750668829903,0,0
4.999926925075597,9.077793251028751,0,0
1.2509489166327026,7.828912801596948,1,2
0.6838534763650914,8.06929942669369,0,2
1.5610920736999416,9.396730562675872,1,5
6.366386361559926,9.0561051882044,0,0
3.8458133679538173,9.473374449386583,0,1
2.0710594114641,10.257504881771776,0,0
1.8363407989751035,8.573679809264943,0,0
5.2073106928934,10.616678631273862,1,1
3.9111408631148636,8.693670571880912,0,1
1.0779929709227503,9.817637276628187,0,0
1.0683838341947836,8.471199180300118,0,0
4.889913545108154,9.340349948351824,0,1
2.010941343100642,8.073091312882955,1,1
0.8406375498574039,9.83943416659095,0,6
0.8263301956319334,9.651022378201073,1,0
4.403621569389511,8.286359753173762,1,0
2.0945055973928435,8.656227899809023,0,2
5.478010480125483,7.555813314113317,0,0
3.442433311821513,9.430048575295144,0,3
2.3839282680854024,9.340601358016867,0,0
3.293374720991076,7.267372302898173,0,0
10.272735930453425,10.671490046264928,1,1
1.4794516702353504,8.897561303371784,0,1
7.039271854604403,8.267714828231544,0,0
4.930340766797125,9.698706423785449,0,0
2.1759400518423466,7.977959351613187,0,1
4.927833520022239,9.80696421363214,0,2
3.740306965189037,7.323743252054554,0,0
3.0594049500958698,8.278074849801326,0,1
2.5505504689860428,8.412577686130104,0,1
6.1333686448144435,7.955955560403537,0,0
3.3733140621191082,7.7632681127563945,1,0
1.5780569268968243,8.013149216313439,0,0
3.209922662287187,7.967669212319412,1,0
0.8752327076768606,8.030922664712456,0,4
2.020073404959179,9.934202923752995,1,2
4.81920664886419,8.9333606909095,0,1
1.412773638931468,8.411935212158818,1,3
12.69928149943828,9.264997193927918,1,0
0.39040372103464405,8.404659957773365,1,2
2.508570007486894,7.705898014549607,1,2
5.148470067267266,6.894300219529672,0,0
0.912931867891033,9.488824771722488,0,1
5.211550839622434,6.27430152613003,0,1
4.97264932500589,6.991367522483847,0,1
2.6503558261113827,9.004608292923043,0,0
1.6214679251404718,8.482733253711066,0,0
3.343574110486198,9.959176347676083,0,0
4.828390570314097,7.8558422817791,0,1
1.7299356518171476,9.269425639166345,0,5
3.0356252447927505,8.323556368275838,0,1
0.9562502499251576,9.049216430349967,0,2
5.715180025008022,8.669941874917592,0,0
9.211329186786948,9.004027247161607,1,0
2.3086900810315876,8.714972742667982,1,0
1.9000338722935772,8.793499640716906,0,1
6.51849952917749,7.4114508450286,0,0
6.441370158429115,8.575663356512338,0,0
5.310401326259135,9.102650759235253,0,0
1.2052561088743179,8.448347601490111,0,1
0.1726489904085701,8.398282578164624,1,1
2.93680373068367,6.617054145305962,1,0
4.410328455939585,10.034091621933968,1,1
2.3187624710040984,7.1323616757101505,0,0
6.355266676263493,7.88184773171817,0,0
1.967596768334243,7.711655873759678,0,1
0.7060213798054941,8.796751801701934,0,2
2.3119166963089297,8.841961513391903,0,0
4.144730666018314,9.159340964957789,0,0
1.3938279179209698,9.203805121363784,1,1
3.8565893591020624,10.223463882110773,1,2
2.9248326742197683,8.194579147016452,0,0
9.081660917583077,7.66874557773491,1,0
5.845865751141996,8.265179705542417,0,0
13.496888156664753,7.394765803347537,0,0
1.1372747810489916,8.154751733478692,0,1
7.230441749106284,6.948935959981648,0,0
0.47577613058087714,7.664278843970512,0,0
6.176309314533866,6.812530938786962,0,0
0.6690746310170637,9.708515527247336,1,2
5.159587486852637,8.61109319306171,0,0
3.8913741198648455,10.380317106844174,1,2
4.200077744470861,9.610562275331267,0,1
0.40014711910584955,9.709202548076382,0,3
4.914705039032606,8.360319722771457,0,1
0.7013827906122091,8.990031576329244,0,0
9.10033268950639,7.603589927926743,0,0
1.8743070916327953,7.967631643773381,0,1
2.4565230401653455,8.514010207969882,1,1
7.162683766700305,6.760839805388937,0,0
3.4246756465489043,7.99350451754534,0,0
3.466670816539371,9.292950703846344,0,0
4.558626697132487,8.009813714436769,1,1
1.4766041802546999,7.763751284193761,0,0
1.853403486489725,8.115548242203783,0,1
3.5457913526468086,9.248040805269873,0,2
9.524642446529066,8.860973820941028,0,0
5.473490457616802,8.274712925668068,1,0
5.718886806716836,8.517629681739137,0,0
7.600929222289565,9.35702873681923,1,0
6.371865959457196,9.807388820504228,0,0
5.296727634261619,8.025224292152535,0,1
2.9003515918579477,8.417553294732954,1,1
1.3734359786319805,9.744837649313244,0,1
1.5471746704568001,9.022874019854697,1,2
6.794573801881039,7.097084477505035,0,0
4.826995916097808,7.6068253991164845,0,0
0.14953482832640055,7.637896816149539,0,0
3.359733024382526,8.084315669712888,1,3
0.32352698565101556,8.869834441307988,1,1
2.888811337596475,10.385223926798169,0,1
6.484108328060289,8.417027094348386,0,3
4.819997788562386,9.159516928043798,0,0
2.4892399624891977,9.63381339009708,0,3
3.741173556683246,9.986817462970208,0,2
1.8818259434333777,9.634823905993748,0,2
1.0443176543630632,7.753054159073898,1,1
1.7700064930835062,7.04930944689815,1,0
6.052816850200932,7.871377183437045,1,0
7.342745213965203,8.668484571665257,1,0
6.274820072078125,7.756969373988238,0,0
5.796108647280506,6.874889737308701,1,1
1.2731126118903993,7.284635221968479,0,1
2.6705627823666207,11.506580180746724,1,1
2.88572078376655,8.280703673479556,0,0
2.2148311403548013,10.300133040402788,0,1
1.385801843922382,8.265267548276974,1,1
3.8809603565940116,9.292622893299455,1,2
3.7743373629076546,8.356812439973945,1,0
2.6053012732039558,8.507312779142365,1,0
8.500584013921213,9.278399871180435,0,0
2.307155663880869,8.09755916715657,1,1
3.035855244184853,7.305849191693799,1,2
0.8964548579630907,7.694797899170755,1,0
5.343545184024135,7.689400430479756,0,0
7.170930511298471,8.583772998933396,0,1
0.7796466251103532,6.603994111225447,0,1
4.573105300652871,8.805211803079377,0,0
2.4910450787590004,9.766298263673455,1,1
5.559974870076078,7.991954746187628,0,0
3.960353969824026,7.845367953891751,0,1
3.9658417065237472,10.467325121648983,1,0
3.7654944520081113,9.971978999762163,0,1
9.93541961786652,8.927575946920301,0,0
1.0535602393752654,7.752477297711484,0,2
0.33095571531383733,9.083862743468764,0,2
5.391058519303902,7.491486248695753,0,0
1.2817386515080293,7.177045057719523,1,3
5.652351077022968,8.952178631620313,0,0
5.223670819012733,8.021726691101327,0,2
1.7371108243400206,6.476734357011493,0,0
15.469856951511225,9.086763382096981,0,0
8.090398759096493,9.960173469965486,0,0
3.111478217719021,9.159629587313766,0,0
3.826415417984663,8.001194544202873,1,1
6.911193382070491,6.359635169676951,0,0
1.1347190937154414,8.646352246709576,0,0
4.591709694669858,7.843104103503033,0,0
3.0633921129669477,7.598747299831281,0,1
8.272341707891348,6.553240164540137,0,0
0.5856144982168173,10.377002243395442,0,1
4.022425597251129,7.40280496836197,1,2
1.1284643833814676,6.678407387643131,0,0
4.641170353017834,10.194641760232011,0,1
3.437286069730303,8.531062341766097,1,0
3.7242377312381953,8.375957474492624,0,1
5.876387708821973,8.809397998149358,0,0
4.9642618708403194,8.935688465529502,0,1
1.910602673879011,8.713228023004485,1,1
0.41349477607879326,6.9932437010393675,1,2
0.6653842927941694,6.915733314193461,0,1
1.9817992490544294,7.771026182141214,0,0
3.7818078009553324,7.989896780152832,0,1
3.203072068083845,8.139969983713177,0,2
3.8728688350894998,8.728563416114042,0,1
7.078243375282897,8.220432320615727,0,1
2.0718052864104495,7.819303949395334,1,2
5.612133480331607,8.894711975803967,0,0
3.6769966670803287,9.213827126329901,0,0
7.551265277211645,7.691212935084056,1,0
3.9808503320540365,7.132058886794911,1,1
9.256888884417023,8.680191228227901,0,0
5.275096011015986,8.079347432785479,1,0
6.549476229988075,9.336084497688805,0,0
2.000328070526069,7.514786462604264,0,0
7.446677229331459,7.29420873856036,0,1
9.361460116854905,7.866666129659318,0,0
4.862742292622716,9.01978314649914,0,0
2.6963132162144916,8.148375549936432,0,1
6.685942154645591,8.411402571206576,0,0
5.570211319049348,8.004785811099177,0,0
11.188738195362161,9.51550026725665,0,0
4.7454043500825085,8.983052434103806,0,0
3.088924446967901,6.977397080868457,0,0
3.637468285043335,9.401179865511422,0,2
1.685142411217722,9.090402358218386,0,5
2.634106724402558,9.5847770219821,1,0
0.5392123813872765,7.971280998935647,1,4
2.996123024538907,7.56099411326077,0,0
6.7846041500717975,8.417321529196297,0,0
11.936863374255175,8.663045473201889,0,0
2.518669249921845,9.685349547075596,0,0
5.121030571609425,9.136524463217011,0,0
3.088239353525089,8.6490872933885,0,0
2.480112170700028,8.372474645461828,0,0
1.3370800471767186,8.515257004077315,0,0
8.776968840769973,8.105682019185718,0,0
0.7704916407377272,9.17893715936758,0,2
4.520653070380704,7.047813241461407,1,1
0.9745598141959383,8.508694620400794,0,0
2.1296125574274467,9.54414000690954,0,0
8.470125444992556,7.364297420362092,0,0
1.295402114243284,10.4446671217525,0,1
4.2179385202681985,7.422711323734871,0,0
7.464528289634806,7.9953077846566165,0,0
4.4183939280213975,9.525934207250566,0,0
4.569344757117897,9.95203322923052,1,1
4.373041166661758,8.857479590808055,0,0
6.453286930688899,8.831135436677172,0,1
7.322667023095372,10.287870715003656,1,0
4.027186687742275,7.131893532070116,0,0
3.55983113521825,6.775165507673217,0,1
0.9226286651998432,6.575644070601811,0,1
1.7246208625935777,7.648740686492162,0,1
4.306773710583825,7.783908929403314,0,1
0.5847371875286993,8.880571513876292,0,1
1.5805337162917654,9.507751432746838,0,0
2.5538806018102647,9.408610438893984,0,1
1.1619595422630546,9.37937830734268,0,2
1.6228539021287278,7.541947290185652,1,2
4.556799365169394,8.884797113503655,1,2
3.0494696971205655,7.766209734829164,0,2
5.440557030308967,9.100894688291097,1,1
2.452466768105092,8.54266799584507,0,0
3.0148451397845544,9.384938481193762,1,1
3.9590192455942796,10.876255803259792,0,1
1.7045609109585795,8.46716474935023,1,2
4.753385681161209,7.39665787822001,1,1
1.3524956074731174,6.868794472808332,0,0
1.875045039317123,7.6031922229409625,0,0
2.171066969630787,9.566836955641918,1,2
1.9796744095705552,8.984498858172703,0,0
3.468220201576889,8.730304169756366,0,0
1.9846943284889207,8.881448700963702,0,1
2.8412458342715015,9.219369237070207,0,0
7.011196523801033,6.942954468123145,0,0
7.42673303223834,9.486258138192394,0,1
0.03941954677756086,8.889393926760036,0,1
4.553246256368071,7.059266595033638,1,0
0.4424282771028576,8.835438673058768,0,0
4.77709285929803,7.197581801195865,0,0
6.257233314418997,9.010179743675165,0,3
2.2624475424768975,8.619925721543233,1,0
7.562200507590348,7.490813078327928,0,0
1.7526929787077805,8.913504858916834,1,0
6.767425288622284,9.309031190153691,0,0
6.145272674881265,7.926502416558759,0,0
0.8656672411405113,9.282266204088305,0,2
2.423017244149744,8.221474006489945,0,0
0.7164332266475469,9.374303559330436,1,3
1.1910041426316516,8.404055493788407,0,1
7.728797180385363,9.67315211768238,0,1
4.7584890568669795,7.586393792819035,1,0
1.9659222417764692,7.615351379867737,0,0
0.4740710358643786,7.71200208974004,0,1
0.6765100311693295,8.626659031557036,1,1
2.8757181322063015,8.347718885557294,0,0
7.997707263795439,8.786560069626951,1,0
5.665676215204368,7.335873131550644,1,1
2.9638468464719954,7.78250963312237,0,0
2.969561464901951,9.770642512988918,0,0
4.0022312681129195,8.871588550068788,0,1
7.078347698478841,9.123589704192236,0,0
1.4340735097377262,8.244698965973773,1,1
3.9496244733049855,8.794837812503667,0,1
1.1328744698858113,8.025122096172186,0,0
3.7270934638372277,6.649730304902742,0,0
2.9339326865362647,9.535437479682823,0,1
0.7479418963083809,8.68217873874411,0,1
4.003880491654671,7.767960068442391,1,0
2.1788132671006166,8.501262051350825,0,3
2.4144495882983663,8.033844798879768,1,0
1.5761560964773011,9.998469844878098,0,0
3.6591443700169646,9.171558970754921,0,0
3.4755205397187394,7.352161557832634,0,1
5.472578639174477,7.216639477330224,1,0
4.330151668443177,8.750540079489529,0,0
1.5918605605172562,8.634363506454513,1,0
5.676101088653593,9.017970510765315,1,0
6.650829068743034,8.356673211003347,1,0
1.7883194673454315,7.852660010113496,0,0
2.556598220868288,9.009647669138888,0,0
2.1343011043073017,9.094097937304932,0,0
3.3673883520825996,9.757474485494198,0,1
1.6605205914362515,9.234454441421493,1,2
5.398328495641324,7.663167353287645,1,0
1.3533897878197374,8.756451733836418,1,2
2.3776420948901795,8.214196075023768,0,1
4.222615107872669,7.554993170828303,0,0
3.3668663685412237,6.711117154459059,0,1
3.49541150815288,10.747742907516432,0,1
1.2183351904980932,7.94109439924522,1,1
2.9555694578546183,8.373810544084284,1,0
6.4521112507416705,8.719809150678953,0,2
5.204408677665458,8.611684929801703,0,1
2.592354351597227,5.978428228169262,0,0
3.3221181906471235,8.334261715210516,0,1
3.8124767095969347,10.27115530556045,0,0
7.626994828092073,8.288164393658128,0,0
2.2665331094605463,10.135115787679277,0,0
5.147980671079317,8.531416212832191,1,0
3.3610297604264034,8.14885956829339,0,2
6.440776386627098,8.644418288672956,1,0
6.8911175183741165,8.537570150328909,0,0
3.5234316971930832,8.515333520450952,1,0
1.9770817190649224,7.9179311385913405,1,4
6.310715847129521,7.136126614772348,0,0
3.2674786043376214,9.06125144011013,0,0
1.0027420057757745,8.594844559390536,0,0
0.7669772831837776,10.164435555508355,0,2
3.2794562254418778,8.466646917090326,0,0
0.17592548057055774,6.986149977398542,0,2
2.166450508112377,8.822411855409523,1,1
6.6148195177252,8.57592102322837,0,1
7.451099246594164,8.069139839243721,0,0
6.617698538524071,9.118424412477086,0,0
3.3299584340392525,8.997622117552353,1,0
1.5804706079934339,7.303087037252028,0,2
7.091512761853933,8.032154766568228,0,0
3.7139934311268274,9.594424865642317,1,1
0.9681301587509177,7.520266072475817,0,0
3.4734255776371867,8.327639283670656,0,0
6.3576757521766725,8.727178229721645,0,2
0.3777043513448564,7.346109165480183,0,1
2.870592280220466,8.401583911405183,0,1
8.060088527159289,8.368754759655866,1,3
3.315897716340275,8.176520004744386,0,1
1.2275132109802682,6.969443413804927,0,1
5.88154791872462,8.499688219242033,0,0
4.825178256234457,7.881432592093773,0,2
3.7148363907944666,9.565777696151862,0,1
1.2691700077733101,8.915673430028944,1,4
4.090981386544735,7.722963514795831,1,2
5.149758240377678,8.104526182324857,0,0
0.9618051994425997,8.625126428658865,0,2
3.974510880247741,8.102925318536798,0,0
2.664487545037621,6.984834533394905,1,0
0.628398113613272,8.792361521578364,0,2
2.7680146432961585,9.02616858170563,0,0
2.318651774886633,9.240899796676247,1,1
2.9985401568276555,9.43874425102119,0,1
2.087691057099974,7.6716384245241205,0,1
0.7592799531280499,9.28475633162188,0,1
7.766443001388985,7.358217016298935,0,1
14.431397456410599,8.857158773941158,1,0
2.386056684186657,7.791300635771727,0,1
3.274846521822902,8.91830972450666,0,1
14.214776215435847,6.992146066802898,0,0
1.2473534400639563,9.042729671223587,1,0
1.9824212013339024,7.713320444558088,1,1
4.456322875725846,8.982843231284734,0,0
3.853390733992312,8.872741470135137,0,0
6.391588578892203,8.885412922113566,0,2
4.916433084025853,8.54760134454363,0,0
8.49184905517668,7.332838988172376,0,0
4.179656044200787,9.990330047628447,0,0
0.992695253482694,8.370055825001455,1,2
2.40647407002167,8.367553098553412,0,1
5.8829403139746175,9.884838975697313,0,1
2.7890951822792625,7.61105870027537,1,1
4.031916149313405,8.452516835381548,0,0
4.078182783724449,8.669759064787222,0,0
1.8114727828471322,8.268250560162409,0,1
2.3003650757425853,8.77325388338712,0,1
3.746091590592171,7.9186934537884826,1,2
5.698613689453994,8.431806697264381,0,0
1.0373588424769324,8.631267991728258,0,1
3.384789348796746,9.86701688224365,1,1
7.354428000250705,10.156199105651474,0,0
3.1976925918656613,8.669499583756046,0,1
4.56331193046196,9.699237556609239,0,2
8.38113505080438,7.7749178272274095,1,0
3.7012259418763125,10.751317973751833,0,0
8.20897008443058,8.255281763836072,0,0
2.434203922373018,8.467167792752694,0,0
6.789398163522007,9.032043697597345,1,2
4.017799135219191,9.352532120884955,1,1
4.0969691616602795,8.328557510530528,0,1
4.5840884450270485,6.4918001892339925,1,0
4.036739909109681,9.155862824502366,1,1
4.152515664862751,7.589905960901962,0,0
10.27286068112977,9.274206089861575,0,0
4.724574993857366,9.252311368638528,0,0
6.871985343085925,8.692579502139372,0,1
1.7709281744432819,9.404306931262608,1,0
0.7842534282676498,8.00968853161671,0,1
0.8589075240565291,9.87476313561607,0,4
1.1194993477179485,8.662933664419505,0,2
8.341771601760335,8.314676643648719,1,0
0.822868158998916,9.641271441163765,0,2
2.9772711121465423,7.8348145667774665,0,0
12.010133617863577,6.395235141796655,1,0
5.3578062511069815,7.252336062970789,1,2
2.159913049012144,9.935078653954559,1,1
1.663930166774307,8.7499602343816,0,1
2.500049477197957,8.67014198809862,0,1
4.18759000345692,9.410742353647718,1,3
2.60272285894743,8.795558725523795,0,1
5.3581844613992855,8.224812121340078,0,0
9.988368517315259,8.061380211487648,0,0
1.8936590257993435,7.324574274265237,1,0
10.315061828841852,7.43305064588255,0,0
3.8032436560290823,8.674710732758548,0,1
2.5416698728100733,8.344298668532497,0,1
1.6431151785557905,8.988069922184174,0,2
4.884756147989152,8.414229379128674,1,0
2.0013122895004476,7.43601467808785,0,1
5.216951593308409,8.745608560615155,0,1
3.373734663131509,8.6856061628576,0,0
2.339426756086977,8.517263257654664,0,0
3.3268137781611835,8.657232765688992,1,1
4.768083214150364,10.465692296554288,1,1
3.0180801519521405,7.308152229781216,0,1
2.0045752621476898,7.54280487794432,0,1
1.7740908450560715,6.798118655483735,0,2
5.581338432780389,8.59256105401408,0,0
1.254242239370912,6.564019596785174,0,3
1.8636245943396428,8.724170766167912,0,0
0.7806066071782707,8.443817692623336,1,1
3.2009570486004018,7.926139461915262,1,2
1.4383482830271752,8.971891498670134,0,1
2.998066228910124,8.796594543674097,1,1
3.0799448619317245,10.10509722872081,1,0
3.222846169715131,9.113049770965564,0,1
2.165992005374496,8.436865270509408,1,1
5.553862808249735,6.218691413910491,1,0
2.6044201289347915,9.42963718302185,0,0
1.8960084847570613,9.437676035239678,1,1
0.8617555250984198,9.823637277036939,0,2
6.192218998991818,6.212252541877318,0,0
2.09194999346375,8.70508375236758,0,0
5.269941899043406,9.158541066207457,1,0
2.5051052549778716,9.701562620153332,0,0
10.665022299210179,9.10189784562308,0,0
10.419601131471547,8.560565756889199,0,1
4.181185711847523,7.481645712439915,0,0
4.220198032814255,8.382921189589723,0,1
3.9003964236553985,8.88882372151731,0,1
2.5822451301613554,9.282840029811656,0,0
5.853160040159231,6.9137610049838365,1,0
3.252756346436003,8.795449932616162,0,0
1.2777025134322872,7.02721392985454,1,2
2.75437714121609,8.765878905488105,0,0
1.3289772213469087,7.352601884171653,0,0
1.241680283234776,7.056992172171316,1,3
1.7619700863820607,10.310475865770133,0,4
9.499104606762224,7.117848060278348,1,0
4.5638878947387775,7.8633175162766715,0,0
2.7608424434195995,8.479628542097084,0,0
2.5641469436945528,6.417599294097819,0,0
3.532093012142894,9.28539948143049,0,0
2.105182602413598,7.799277160524913,0,2
4.752333737001419,7.479830583694588,0,0
3.731635014576944,9.424390046215567,0,0
4.410727196438185,7.164128355454411,0,0
2.622806590080126,8.947635980587842,0,2
12.12932416669468,8.523553677511291,0,0
1.316092046334278,8.557289680656636,0,1
4.812480520879781,8.443607943433586,0,0
2.2110025240933764,8.628609036161885,1,2
3.7111827298345657,6.222896979837548,0,0
4.07137298861929,7.625762362662696,0,1
10.419889114611621,7.5867422248156915,0,0
4.1238914844754095,9.607514180828087,0,0
2.7149510762651414,8.658622033712087,0,0
2.015530136637124,8.5113474769758,0,0
14.194640644943313,10.355635684112075,0,1
5.128613934685034,6.4755305038330375,0,1
5.701148149690591,9.914484441258253,0,2
0.5362607945707734,8.511794419729435,0,6
2.1410734780283946,7.744829158843666,0,1
4.815142341092589,7.965727531655898,0,1
0.9072029715866015,8.001839117224193,0,2
3.5977500210941047,10.000077642103385,0,1
8.011646275544628,8.739191269951684,0,0
1.5496448332221775,9.186460459030021,0,2
1.865350565157474,7.757837152728755,0,0
6.8624833043444635,8.611171810704331,1,0
2.149347156251228,9.409293900178701,0,2
1.7097385816117872,9.6261649550767,0,1
8.650437346900324,7.160246409247367,0,0
3.249261949554634,9.308572013304715,0,0
1.5336425362346555,8.354137445934638,0,1
7.159977472668343,8.865373769241199,0,1
1.30537591068252,7.971995022649665,0,0
3.4376356141801776,10.025812745509924,0,0
3.9545141649253086,8.760179075623109,0,0
2.0294504106230704,7.9119960285226565,0,1
5.490057745960021,8.01107559002039,1,1
1.668468893128131,9.359409816869968,1,1
5.749619202368233,9.22152643112898,1,1
2.9412851600872445,8.58057046750033,0,0
1.4519118815811751,8.113182977006964,1,1
3.5004991883751466,9.455126523899075,1,1
4.2825959849803965,7.973832751408672,1,1
0.5323064719746755,7.9235351007612005,0,2
8.068260740397285,11.026082952921033,1,1
3.1390444290659825,8.87870195990776,0,0
2.394305694073631,8.417780361738961,0,0
4.075657010191306,8.055667661001435,0,1
3.400276569135219,8.289731816311372,1,1
2.259116504129574,9.747863997801574,0,0
4.151956200424976,9.328578837253295,0,0
5.755036146115148,7.851069708648672,1,2
2.524874401689,8.169955855432994,0,0
0.22420335574429176,7.184562897937884,1,0
5.2379517400215985,8.7631878332342,1,1
3.1052678989910305,4.532288555405958,0,1
1.4677203638850223,6.958927629874223,0,1
4.3805136593860174,8.592300294361147,0,0
1.4652374391693854,5.875424502552049,1,2
5.1185388017698115,10.784186951292217,1,1
1.2631729949975856,7.613335188484509,0,0
2.1485146649562417,8.983792660632007,0,1
0.6885894343140145,9.767783927918089,0,0
2.079232154953791,8.76856061212434,1,0
2.397987787514426,8.494883244817862,0,1
3.1230402889548485,7.932227301966822,0,1
2.5942175676315946,7.181927730387848,1,0
1.3079192878223536,8.024385852373383,0,2
3.0379257125771244,8.603031298932516,0,0
2.1221896904834865,8.474055584620217,1,0
3.570705749649114,7.545074493377679,0,1
1.6514328299571077,9.563442289187257,0,0
2.0121996563480145,7.069439971444991,0,1
4.161366169716775,9.094909958014295,0,2
2.684984179877181,9.350704883598834,0,1
0.8125544001918955,8.738019644828622,1,2
8.425465427058052,10.1638880355028,0,3
5.442043668204243,8.905573998790832,0,0
5.3141508601776,9.878766446540206,0,0
0.6782269835883314,5.833160234253541,0,0
0.42018167161768827,9.437939372482274,0,0
6.19962462656951,9.085677546760747,0,0
1.2964779852908972,9.034855082639977,0,2
3.645530495817166,9.11718361360353,0,1
2.0732353456106933,8.018883372570485,0,3
0.4638330489781017,9.258877543180597,1,4
1.7825465973641645,10.281383143429006,0,1
4.121278671641282,6.622175391386895,0,1
2.803622495740599,9.689942929147282,0,0
9.52195043438326,8.371183976699415,0,0
5.012329197136837,7.840430461119116,0,0
4.324749207320742,7.289441353694489,0,1
3.6336710208598775,8.879831144087495,0,0
1.4593565833680495,10.082551883716969,0,1
1.4965165898559498,8.111071868060497,0,1
3.175221409992426,9.166683958398272,0,2
1.7948345134749837,8.489507650131014,0,2
8.460119582126449,6.856524997636138,1,0
4.957488606276693,8.32066088056663,0,1
6.71236033890731,7.835311426959424,0,0
0.23741706069760732,7.486523686632458,0,1
4.262645548169555,8.069668557699721,0,0
0.8023084449826015,8.181648862295145,1,3
7.517987818480167,9.506564637996487,1,0
4.728039683170028,8.52357831208792,0,1
5.195844915825173,7.09515687940901,0,1
5.372169029069605,9.706578615941986,1,2
1.9842470055441563,8.885109426508503,1,0
10.22300831504391,8.780915175654444,0,1
4.924288232659713,9.373525474353121,0,1
3.6900040279227864,8.478395102606584,0,0
2.169877114998486,7.963596508976981,1,3
2.952618105911819,8.846573067792319,1,2
7.274606011373138,9.12292862637203,0,1
2.552783415820634,8.88142691296829,0,0
1.9222221007281546,9.31101946582535,1,3
4.5421544858825635,8.600452309313237,1,2
3.1395978305746346,7.50441249707523,0,0
1.9623986279426653,7.870825190631691,0,2
6.347776074123982,9.872607303404878,0,1
1.357244052760512,8.532732251545996,0,1
2.6138721265944453,7.372497242017484,0,0
1.5605872823521985,7.278145171395022,0,2
10.073388350787024,7.161045542845753,1,0
4.843196817137094,9.323853706561042,1,1
4.0625642689330945,8.809762352404844,0,1
1.6245754392464593,10.344733232375573,1,3
10.072734996657955,9.076144277461013,0,0
0.8623469351285514,9.136292030564531,0,2
2.5828263037365464,10.489845009566583,1,0
2.8859230528460236,7.531208065794643,0,1
0.8815602297856395,6.999776937468432,1,0
3.410534099697955,9.052889898572198,0,2
1.8493912654814704,8.255937789852283,0,1
8.054998528321962,8.79753893802397,0,0
1.0714683886008016,9.724763579062635,0,0
5.186883459607409,9.261558732117614,0,0
3.459244353843188,10.016521822367803,1,1
6.1028392116947145,7.591920111580681,0,0
2.801948534164416,9.397372701848969,0,1
1.4988645057081917,7.727498603082862,0,0
8.896426983290644,10.168934256131756,1,0
8.803377287459007,8.948122251790224,0,0
5.276531185877837,9.00687657812504,0,1
4.6253636779614355,7.9179949041147974,1,1
3.970868869243844,7.968625193369051,1,0
4.816928984956791,8.905285240230917,1,1
12.8257836251042,10.248264230011282,0,0
1.0510482077508592,10.082384028391578,0,1
3.201122395853117,8.858480103911159,1,1
2.117418751518212,8.078697823614924,1,4
3.411503014324066,9.072909141693259,1,0
0.9814203017999353,9.754463683591672,0,2
1.404981726111603,8.711799200441494,1,0
1.2982453267493512,8.112719011141769,0,0
4.764803229531247,9.179127333670223,0,0
3.1254426474746113,8.260318387668235,0,0
0.7030712811957104,8.14489034594868,1,1
0.6842893519865845,8.44385821071337,0,1
0.4618296146531149,9.166603095722882,0,3
2.69385507243423,8.277467117332314,1,0
2.8701523797189976,8.462786143626385,0,2
3.0071268177097545,8.643457861082801,0,0
1.7352272455363937,8.118185966630945,1,1
2.3905941313195562,10.049554397030649,1,2
2.7521083165883926,10.342910963016902,0,1
3.1346986071427114,8.19719276217678,1,0
3.965383017676884,7.7023929538495794,0,1
6.455478753605913,8.036008276479107,1,1
1.588639237792412,8.945821577876487,1,1
5.385040871884774,8.413999069967426,0,0
1.870227964604578,7.221194802947281,1,1
4.736077736022089,8.344185360385126,0,0
3.265896784777829,8.907059542382665,0,0
12.739088081009882,9.48463830892775,1,0
3.88480166033606,10.25691091640938,0,1
5.671760507101563,8.051910861073123,0,0
0.13763858973156792,7.876570069704507,0,0
5.998548403194275,8.24945974030564,0,0
1.6662189215077743,7.554444065074235,1,4
2.9273344518192013,7.799753143578722,1,0
2.3350104660568944,7.805715049834528,0,0
1.1759069733940206,8.826901738746324,0,0
9.250937553172454,7.6671467469587204,0,0
6.823803577406785,9.324697787594719,0,0
1.4066939229527384,9.649128652594351,0,2
1.3033440975985586,7.374157329042486,0,1
4.6317611489982795,7.195043218465854,0,0
5.906943353240307,7.964041430364208,0,1
3.1529826157230274,8.098672787515994,1,0
1.7487415818133583,9.766062541919235,1,2
2.723142749487681,8.449664364938544,1,2
0.5828048440066604,8.919709366180154,0,1
0.8218804792573259,8.917868156138747,1,1
6.263358329428379,7.619412515980833,1,1
2.0224746635236976,8.249302812043416,1,0
2.9415944000807235,8.487201330128915,0,0
3.8887096572961455,8.877586921375205,0,1
2.9220814721596127,7.065744270029225,0,1
3.9979005064917823,7.905413747652305,0,0
6.114999299233855,8.51150970956038,1,2
1.6774660745672847,8.06038093227581,0,0
6.3482695577837385,7.097827481381627,0,0
3.8769543519198146,7.7775197866909975,0,0
4.798770432038693,7.107531391921276,0,0
6.057095293729138,9.88094499257881,1,0
3.4813444974092778,8.180360449491236,0,0
14.790395903055757,8.434491678080509,0,0
1.1276441572976477,7.521090553343945,0,0
6.16025228659375,8.730711007276646,0,0
1.951169571201474,9.195067828713126,1,1
4.067898071414321,7.5837922250946415,1,1
2.88775080832284,7.60626757505056,0,1
2.746176522793457,8.004405923412536,1,1
2.563551190603068,7.0999120156325315,0,1
4.770770132288926,8.88022562992876,0,1
1.4052100427124707,9.258999133910384,1,1
1.854457401050006,7.0674276762934465,0,2
1.287384748193512,9.380983040240997,0,3
8.796648720814323,9.381725940727819,0,0
5.6365572834576385,5.659157463137634,1,0
1.9374914216174426,7.396274366108941,1,1
4.558483510075401,7.893433273760738,0,2
1.3285264264651269,9.068390016693572,0,0
3.304579166256527,8.937985422355553,0,0
2.593576189021167,7.57507697962135,1,0
2.560337085827204,10.124584979380854,0,1
2.239345721598304,7.799929748388749,1,0
14.424985992281893,7.6647529378123025,1,0
5.212741707861349,7.339141598003567,0,0
11.670489453430156,8.321427663210018,0,0
2.1513614751653454,9.404167914614625,0,0
1.3564567529411369,7.598705107579709,0,0
3.879255487954428,8.708421527022207,0,2
3.3013386354681336,8.70335983595301,0,0
5.20428802161679,8.468543035318648,0,3
6.327634830581538,8.822108679394814,0,1
0.5009273296445249,9.406092623776562,1,1
12.121621395198918,8.772985367142562,1,0
4.008717386355732,9.54677426127872,1,1
4.965997190118987,7.3999374117588,0,1
8.903625645331132,8.057785713974825,0,0
1.647322925144786,7.401160198456097,0,0
2.990743864143922,9.047896231803318,0,1
1.2314158798820782,9.721833206094965,0,0
1.4241370425670463,8.190337227446655,0,2
6.348657387746821,8.781543008711857,0,0
8.257760732750501,7.0054584413386305,0,0
0.78104251847786,8.521551212050941,0,1
4.207134885446252,6.826840228361698,0,0
7.071456393776525,8.560631375820472,0,0
6.11102969572244,6.57663046888101,1,0
3.589931223457445,10.194478783777686,0,3
4.179692959480052,8.4493548346112,0,1
4.263323981813258,8.410166034677102,0,1
4.016927915367855,10.408336817046163,0,2
4.663018102730821,8.566061344324783,1,0
2.7637029372539357,6.890494872342013,0,0
11.430319195794016,8.069192074447756,1,0
1.6339405558345776,10.445174424077782,0,2
7.375966720586766,7.604748140531163,0,0
1.8680730925457978,8.059450692107697,1,0
4.840488479039494,10.04670795024452,1,3
1.9052529845390125,7.728990546336326,0,1
4.646982235728946,8.404580548087665,1,1
3.157998577505597,9.850454021628495,0,0
5.374954444692667,7.926238721622932,0,0
1.7386845991748676,7.701446659592655,0,1
1.7098282208602116,6.656990320711185,1,3
9.845948965248358,7.397075570456652,0,0
2.881439199985634,7.6165891917969395,1,0
4.377978190100022,8.136872192270928,0,0
0.7174193381540589,8.857285580059022,0,1
3.461057002326735,8.455370777950185,1,1
2.3521770367532424,7.268452139631071,0,3
10.991100553220646,9.860457694787337,0,0
2.2483917582716613,7.397973318240039,0,1
11.109469817975535,10.303654811853507,1,0
2.1788756082005336,8.651274313823095,0,0
5.0558335233301,9.545367288309862,0,0
9.89237299419675,9.029877606390253,0,0
2.9731993879746574,10.005748882446692,1,3
9.510277185545645,8.456633900451664,0,1
6.065497793369683,8.233430988628655,1,0
3.4358896384106425,8.804714751750282,1,2
4.552143039720674,8.224710300456687,0,1
8.263204143832377,8.953572447334574,0,2
4.369934295407867,10.049805893420098,0,4
1.0092570110628716,6.809501051161776,0,0
6.080216526458616,8.423977795443399,0,1
6.244906157624854,10.700594460953429,1,1
4.259725071368531,8.109700856191953,0,0
2.2104070326647314,9.51372789928046,0,0
5.830306392567381,9.37062406085268,0,2
1.2158078539154864,7.062161921840945,0,2
4.503285928127055,8.79680844763554,0,0
4.348928392258544,8.71967713057642,1,1
3.5373496520338064,11.682378504064532,0,2
7.2498644634134335,5.8740054926446295,0,0
2.5170213585177814,6.879445719450002,1,0
1.5665381387426813,8.27128399263604,0,1
1.7932372037940285,8.142374106318675,1,1
7.413509862892224,7.6165059130858594,0,0
5.160145623621031,7.680278238462466,1,2
4.872544259780368,9.184273974451507,0,1
4.5489165763782955,7.659791025501824,0,0
2.980264677096211,7.958906715875177,0,0
1.4475736947189506,9.497008601961914,0,1
1.5331024182009365,9.343129008148088,1,2
4.659524008012758,8.022424317396299,0,0
2.4548164495481997,7.034378696135228,0,2
1.8935492906862337,9.379279809064043,0,3
3.047984404998229,7.560154738795818,0,0
7.724856107670961,9.79184821644145,0,0
3.7324007269299764,8.919381809557265,0,1
10.78871553992796,8.306730116621667,0,1
4.900890105560734,8.938482274985551,0,1
20.435191104501445,6.547972932559924,1,0
4.2663159531947175,9.980230324704056,0,0
3.9792663239193504,8.290813322266363,0,0
3.788072812785684,8.666959524452697,0,1
2.38815731186089,7.92354919767878,1,2
2.890007027385464,8.329236511643272,0,2
12.163830655461847,10.097995305173882,0,0
2.4645374190707976,8.229978129702578,0,1
3.789889408839286,8.08236002180811,0,1
3.810882413730204,9.183188326459375,0,1
2.6615822819894,8.810415935217891,1,0
2.59620014379279,10.053768400370473,0,0
3.1789483916878156,6.483811186862377,0,0
6.0708562147842375,8.039494353364798,1,0
8.560045843464453,7.075180018181479,0,1
1.1683264994027456,9.731375524729383,0,0
10.717733822412232,7.207781205602361,0,0
5.51195615487869,8.82977785828864,1,1
5.693127548872689,7.1931109387173535,0,1
1.998991878125687,8.000637358256022,0,1
15.094229097048382,7.5046956169506664,0,0
1.809534104603434,8.493119204674759,0,0
4.005818911004008,10.5280478497139,0,1
4.419282318415426,7.074540915409025,1,0
10.274843362627426,7.362372979691893,0,0
1.9247995515694154,9.096980930626707,1,1
4.153607815276591,8.347167250129681,0,0
0.8066073176853571,7.227379419017167,1,0
3.5922679212282214,8.028956432367172,1,0
4.698476790054899,6.986367807645011,0,1
2.3018469353300492,8.009834349795993,0,1
0.9823462346163918,7.528171693404177,1,0
10.91384319286832,8.810927581877674,0,0
1.4184650987335408,9.143133924676478,0,0
1.5754840965727805,5.846096213411782,1,0
1.9946474428415237,8.607060589554436,0,0
8.017754736265182,6.196813551405918,0,0
3.256615885043962,8.50630779951703,1,0
0.8187565495634773,10.091523549184071,0,1
2.028693103099685,8.15163917534219,0,0
7.989463041425943,8.755909428706206,0,0
1.0576722819937259,9.237387509310945,0,0
1.4085107005564954,9.273447600382575,1,0
1.4978533838183237,9.334437456528311,1,0
3.3515223413807105,8.935164972947078,0,1
3.8513894238458635,7.7462887459628815,1,0
2.9640523798971525,9.144425211729871,0,1
3.2331053900902225,9.989926353600278,0,3
1.2898315268098894,8.984944138474832,0,1
2.930426903486335,8.690147992125214,0,2
2.884475835092402,6.825132057107308,0,0
1.5157578790519033,7.436899846696001,0,1
8.657939786941572,7.781233586808443,0,0
7.549667755338236,7.401314857590381,0,0
1.1180077971192357,8.33565404410355,1,0
4.871100130178233,7.571431188199692,1,2
4.5724038406330525,9.366265218321066,1,1
4.119636728389393,8.101261305358623,0,0
2.8928040656707563,7.3843278339257985,0,0
4.081148904038944,7.5772803947254985,0,0
3.004780755105829,8.568419680788107,0,1
1.9847676514639023,8.217848014964705,0,0
4.807668390737649,8.541768991860923,0,0
0.5103393662058769,8.253432044214202,0,0
5.813933641033552,10.217990078162542,1,0
3.477241174144729,9.35660084652865,0,1
2.4694602746670014,7.639919446386541,0,1
5.689780949180034,6.554291685689822,0,0
4.124131495223148,8.140029075915253,0,0
8.69553842180881,7.362917049679114,0,0
7.006043288460804,6.771512794838231,0,0
1.543076331312829,9.13844214564315,1,1
2.3203886977369987,8.48964300606844,0,0
2.037828058704633,9.622542795506654,0,0
2.0552212299032977,8.426080306031704,0,0
9.780281450342882,8.281431001668327,0,0
1.0856814496661327,7.225441761194331,0,1
7.2135360607840315,7.874005530173468,0,1
9.961876139799086,6.7056489467737705,0,0
6.329963303450076,9.538932878516736,1,0
5.131826903158564,7.18315891490281,0,0
1.0567223266258474,8.72072268908342,0,3
0.8794660808450122,8.253308716374393,0,0
4.510980863378911,8.888663012329193,0,1
2.815337910009808,8.534459065423622,0,1
1.173637964242657,7.177234668000556,0,0
5.823180400029133,8.167311820355948,1,1
4.948414080492486,9.76677451774029,0,0
5.837711635909147,7.676845910510089,0,0
5.900186153541077,9.657477127086661,0,1
7.346712338319671,9.161626994837988,1,0
2.4876493769458943,8.639297324125698,0,0
1.2942107302067738,7.760727232669926,0,0
9.469824687105724,8.772474296096481,0,1
0.8774865211496745,7.9896999650766976,0,0
0.9887950241095578,9.604616565440216,0,2
2.040162027015979,7.212614847848928,0,1
8.641399040812573,8.807996077630849,0,0
2.254713138443767,8.528757891052305,1,1
0.9991818749178363,8.828528691226051,0,3
1.5757024825163568,9.217775026336556,0,1
1.5295023474685363,7.611742760987038,0,2
3.908401551663498,7.610871500189209,0,0
1.8568097920449953,8.715368377494494,0,3
0.09962539108816755,9.464637913414931,1,1
18.278559453875413,8.250796939207369,0,0
0.418332237951627,9.937892981027383,1,1
0.7723853399448105,8.200047869850502,0,1
5.680866897434624,7.788408416042116,1,1
1.203595017203243,8.954254993587213,0,2
5.326409836470423,7.953844046524479,0,0
4.62315029053883,7.966301679165785,0,0
2.181883118538153,8.760000660875965,0,0
5.286684551340909,9.431871871777894,0,1
2.8978074143477426,8.8023386891539,0,2
5.827720588065565,8.608300636036084,1,0
8.637654219798936,10.423582262801805,1,1
1.1416327389499241,9.196454383866097,1,2
3.774755550331097,8.161509325225156,0,0
3.951539543070108,9.602704656464972,1,1
3.8703139871286307,8.260481278633497,0,1
5.395789253520529,9.103554645899463,0,0
4.682646253253027,9.040136945607047,0,0
1.0184234921875945,8.502670089706527,0,1
1.2112237838979842,7.7758404311768405,0,2
2.639577659873165,8.472445689744523,0,0
3.829182136157101,8.025910812645238,0,1
4.020442928964,8.76331199818771,1,0
4.279178536606102,8.922484837233291,1,2
4.854696066293692,6.529397179320359,0,0
4.755462961308324,8.837656338051929,0,2
3.194615699419769,11.425280375148493,1,1
8.675562290476641,8.183248925014704,0,0
0.9167823160881977,9.488922014767894,1,1
0.43584911769623436,9.241969644783378,1,1
3.705127607956978,6.857709804358217,0,1
4.408165174331272,8.997703958218134,0,0
3.6975762351313053,7.659374434966502,1,0
2.194912230757645,8.302485175982985,1,1
4.584692461309687,7.040705781864531,0,0
1.470727473945511,8.942279336007383,0,3
0.8186145042544521,8.158966934481038,0,1
7.0207216687536755,9.845291412362187,0,1
1.9991086805969749,7.140410770772649,1,2
3.5820745036457375,9.408696373124446,1,1
1.8045523542349926,8.921350682300796,0,1
2.0641469695864525,7.641667733978506,0,0
6.045822429615003,6.95440421033208,1,1
3.3538777389503025,8.210085637025875,0,2
3.389146753117524,8.73665456555291,0,0
0.8034916062426144,7.434425689813915,0,0
3.1531379423543093,7.5509863686594105,0,2
1.7444583901431925,9.490453745446784,1,0
13.353604774223932,7.718514788814617,1,0
1.5926379347457102,9.07990939459797,0,0
8.513131920080912,9.718857166012379,0,1
3.7355960538973796,7.695743410446134,0,0
1.139901482419073,7.2504766987327445,0,1
6.024757521783956,9.371998527108444,1,0
8.18478269020125,8.201179637359806,0,0
10.7416711522846,8.061201769590847,1,0
4.074201380755446,9.92863994562887,0,0
1.7594339695399197,8.232153584219699,0,1
1.72160356650183,8.777652792510224,0,1
4.252664432994533,6.888517228124427,0,0
0.7764970098102776,8.42364834180923,0,0
1.198565048647987,7.618720118664994,0,0
3.376186691706734,7.99303604630428,0,0
5.883811548736109,7.934139079152306,1,0
2.5968383824022196,9.801389915824863,0,2
10.598292511565203,7.8368675760806426,0,0
4.579208121378161,7.9652320898252,0,0
2.4345892620745047,10.034525234865267,0,0
1.7769485040486142,8.14316946085288,0,2
1.2697565443189873,7.879550486594586,0,0
5.358123515533919,9.600049941643022,0,0
1.6198241551042312,8.515948656754375,0,0
4.262271874071236,8.587746774935681,0,0
0.9794654986371975,8.79888377707966,0,1
1.1965624559979537,9.839613411192595,1,0
3.149003407856346,7.466043893339258,1,0
1.210086250900598,9.64442273474178,1,2
7.199471645341888,7.0062820004627735,0,0
0.6002173530476151,7.684629995922785,1,2
1.0186826876657586,7.603369439227601,1,0
7.591542858066268,8.358955630273364,1,0
6.783963895040698,7.749775814076018,0,0
7.64723596155731,9.770998576242121,0,0
1.342282543999345,9.020090985000706,1,1
3.0743791776992957,8.485379657261046,1,0
3.7382033786005096,7.621820015416471,0,1
2.591551844086705,9.901358652683081,0,4
4.961200962946565,8.598358484137075,0,1
6.462812244985997,8.249216411012222,0,0
2.98154332795254,8.363934780066101,1,0
1.1174370973678143,8.278108123486259,0,0
4.860431508146876,9.346111556697224,0,1
3.5365497624891917,9.630353329598133,1,2
5.965134540497218,7.574056132748273,0,0
4.973804160431645,7.847714544479415,0,0
7.87970973825315,7.897588877967406,1,2
3.4823429111665423,8.819863937080898,0,1
9.284826376618616,9.498061515476364,0,0
8.959973239259512,7.126961167640324,1,0
5.472839043745753,7.4536267180061735,1,0
6.580765819366081,8.156402615071627,1,0
7.93680446008832,9.033758011247512,0,0
2.759030742489178,7.559027677480329,0,1
8.026129199284881,8.113935544366056,1,0
4.299688633331158,7.778527981395869,0,0
5.658230584685084,9.257516547962807,0,1
6.301887267446186,8.390459526364188,0,0
5.471560956786099,7.771297914195185,0,1
3.669543616947668,7.32366218675995,0,0
7.061131865470631,8.103952982500767,0,0
15.474033768000178,8.236044550437681,0,0
16.185027430258078,9.347313425711608,1,0
4.560891198627867,9.518174442838346,0,0
7.528300864336059,7.316923315690777,0,0
15.642898300021518,9.484570691638424,0,0
2.5072907012092744,9.212587008383922,0,0
5.606227953515656,7.968967640389014,1,1
5.730757281351049,9.257937020041632,1,0
14.987065053184185,7.707859001656839,1,0
8.748496345104673,8.905648512785243,1,1
3.6606498738168436,10.925230023470288,1,1
4.0379741610464,8.730548838224237,0,0
1.9276660557910645,8.158216861731455,0,1
1.270989349643851,7.1861991289258285,0,0
5.25686274082216,8.582114870800597,0,0
4.862674061743264,9.497903369676377,0,0
3.104979414199197,7.790637842686833,0,0
1.8310398203919676,9.040949804627092,0,0
2.5517401602292242,8.23668223828998,0,0
12.495136111433444,8.10153665386609,0,0
1.655644381975552,8.98928803957959,0,2
0.8356903714592594,6.606813597787296,1,1
5.426329654150158,8.308650251643694,0,0
2.4562671290877804,9.487057182020704,1,1
6.236990911325335,8.315195674497195,1,0
5.716485593168229,8.507012679347772,0,1
1.0099730285024475,8.367279249579527,0,3
5.311137202288059,10.412618558478195,0,0
2.7027222984524553,8.884844492892919,1,0
7.115019618481737,7.223942676960872,0,0
7.113155173314369,7.634045893713784,0,0
1.362343673159979,8.593949441788418,0,0
0.919248565043845,9.757859638142543,0,1
6.89865753026108,9.161113000640851,1,0
6.327314016330454,9.492374141326453,0,0
1.442517544518736,7.370237495089004,0,2
6.960520855017175,9.130779270252123,0,1
3.2989915251497486,7.76221485935418,1,1
0.3780374981414419,8.379986663371486,1,1
2.2879643416572772,9.350093702662036,0,0
2.4636982130615097,7.931375295177837,0,2
0.19686401009554413,7.05971587360929,0,1
7.95013441298194,8.131910938252924,0,0
8.271364036848514,8.621059362473662,1,1
9.238072034956147,9.182914144573925,0,0
1.2408875969017628,7.610907374479929,0,1
2.3083674786951334,7.945897066290191,0,0
2.8392482521035225,8.715221323854431,0,0
0.9837274285019298,9.045823171733304,0,2
4.3404829982890405,8.702895218791802,0,1
1.521720793407478,8.353463791478855,0,2
3.455863537096151,7.760473440339415,1,0
1.917350811643945,9.387134279154747,0,1
5.240001233546086,9.713540569054642,0,0
6.662821868387682,7.915551142493386,0,0
3.1220314716050632,8.02560083862961,0,1
2.9275044861031154,9.183667861228558,0,0
4.767486839437156,8.667285452454498,0,0
0.4858956056545367,9.081899440183294,0,2
2.292012312876136,8.771016280240554,0,2
1.5388178856718646,8.879717426853015,0,0
8.378124744043445,8.092792361482815,0,0
14.668796809290136,6.502018598790965,1,0
1.0203045470242864,8.693326618800604,0,0
3.7283230430648437,9.189924505962813,0,0
1.2436390817874068,8.785827673590337,0,0
1.4817016899209847,7.7539928313040924,0,1
3.7617153293781525,7.921199300043592,1,0
2.7377675986567858,10.957093375147716,0,0
3.712633544652701,8.851771007155403,0,4
1.4280680563034982,6.152265879660572,0,0
3.765701093497138,7.925762833158982,0,1
8.125496976487979,8.282956573716058,0,0
5.919883061571478,7.261630657760071,0,0
0.8640311088873392,8.370156073710488,0,1
10.032777756151077,8.007080038610509,0,0
1.2831703441762865,8.69585064360745,1,4
1.5044215688786773,8.215204329565351,0,0
6.675754385844765,7.7999590245573165,0,1
3.857980273525806,8.161169062429648,0,1
3.060856717454775,9.347059204613517,1,0
2.5773367382065286,8.564079913387367,0,3
2.670508352035974,8.284816563491821,1,1
2.7535075822753488,8.851244151670365,0,1
5.053564520962405,8.498414073726607,0,1
5.5101667041845355,7.393436204073633,1,2
2.7363545224202963,9.186543215176362,1,0
8.868057316435374,7.875647850740059,0,0
3.8109817437946223,8.1574453334137,0,0
4.30422856697584,6.986418635233453,0,0
7.591180286148451,9.321948824825737,0,0
1.933838631271517,8.624663622667459,1,1
5.127858573662173,8.78485476250315,0,1
1.692012258960509,9.313806208879425,0,1
1.5184046103900164,9.322383333810878,0,1
9.417193406441642,7.795698413970431,0,0
11.196492964939232,8.512121223092116,0,0
4.280127738380214,8.414149614964598,0,1
2.2370692968619346,8.319394682807658,0,0
4.946186858015551,7.695484114708516,1,1
3.636411534137476,9.925027911669432,0,0
6.155146847239827,9.514164487763557,0,0
3.5626412750638448,8.943420050686932,0,0
3.5908836252828467,9.856802160196926,0,0
1.5495030713043332,8.974435182189124,0,1
2.3816759120391793,8.19689950945565,1,1
3.0226101623474833,8.078519022343494,1,2
5.1497034164480375,8.88572363755703,1,2
2.089029903523393,7.121870070044629,0,1
10.35456584057612,9.366683311735475,1,1
3.4998503950316047,6.871526142472546,0,0
1.0371918166252645,9.602374139203913,0,2
2.764325390268153,8.996701255201147,0,0
5.699647575490827,10.450734640782983,0,1
2.8200915317623942,8.680080541379219,0,1
1.5344398734027878,9.155956725804817,0,0
2.484148553334632,9.196991215002381,0,1
2.057274689854182,7.614422433754516,0,4
5.058797626360401,7.43263024866144,0,0
2.001115614502344,7.566221386607973,1,0
0.5691577102306319,8.467269162154604,1,2
1.8836419455523639,8.492741357348555,0,2
7.0047148556298735,8.534054760492067,0,0
4.885936454116815,8.994151674578436,0,0
0.7260693775458985,7.757169680992877,0,3
6.595669963458052,9.338989968965096,1,0
7.888095871227251,8.930527869460871,0,0
5.274452030645361,10.080693536323407,1,1
1.645644886527227,8.930930349350803,1,2
7.068955205626723,8.430548725359307,0,0
2.9972544429876535,10.647481793667097,1,4
2.013181766494023,8.416038162997895,0,1
3.003796934645083,8.78950540982025,0,1
4.598581158838978,8.934540929635322,1,0
5.26650642229172,9.431054772285359,0,0
3.9372056653371468,8.58551590820812,0,2
3.333175200303642,11.267032371420166,0,0
1.5372463069396678,7.926703215938105,1,1
4.8938410864541035,9.989580084758465,0,1
4.013343820220916,7.037631471529209,1,0
5.174328094580673,7.515456015696574,0,1
3.1772778564884905,6.943766110687319,0,0
5.573481296712752,7.574777693405172,0,0
5.141992263609238,6.863981672640014,0,0
2.547985106085143,8.608187878547891,0,0
3.3981005062953313,7.607111673090768,1,0
5.930090876746513,10.014787098680339,0,1
6.220285508556842,9.00267196566366,1,0
7.730528132868559,8.566639802058065,0,0
1.9930797683868722,8.765754703382504,0,0
2.657761948842582,9.14603936735343,0,2
9.757015552344333,9.692717860873246,0,1
12.819691672687936,8.002758917137346,0,0
4.304791530921325,7.8183991491345335,0,2
3.3576386155046576,8.914780288838198,1,0
12.778977345037394,10.068944955183257,0,0
10.397352644227087,7.13808022823268,0,0
5.977257117348234,8.899195611254287,1,1
3.2127142796330306,9.790970749252514,1,0
4.547045746456963,9.11564107453963,1,1
0.8125267393952671,8.832024602079938,1,1
6.6961023965157365,9.040362717255121,0,0
2.1059142158061,10.303375315389772,1,4
9.39434335580261,9.29495852728019,1,1
0.5881080515255623,6.948881489142838,1,1
2.183607236307272,8.415438529733585,0,0
3.894550033091851,8.587560973326454,1,1
3.7407003012548308,9.525864907235182,0,1
1.9355696984145032,8.583274040809671,0,0
3.863623309021262,8.516025554057826,0,1
3.1666067740529504,8.54268391669765,1,0
3.88064438726463,8.739857867552528,0,0
2.439729623772608,8.406600876360583,1,1
7.523901753460788,8.08086710236221,0,0
4.615737419639134,8.352286825649973,0,1
2.540774358967176,8.805129853797736,0,2
5.539991388795547,9.120668415391327,0,0
2.1658072913345356,11.236444766134419,0,1
2.2154670843375808,7.170782647389113,0,0
0.7042475723694315,9.08717956901748,0,3
4.83802303648241,9.975775065505562,0,0
4.095969312176699,7.726509868771478,0,1
1.727150556872513,9.18467117707629,1,1
1.6842247135365438,8.135118633224296,0,2
4.904687505328277,7.983591512371953,0,0
2.6259086368360385,7.766868075275174,0,1
4.911335612560793,8.409304280377189,1,1
0.756731828169902,8.371801857892715,0,0
1.238704378794226,9.253297545176277,0,0
6.992640820147404,7.0558552817775375,0,0
4.300042173956377,9.350018124094554,1,1
5.8989940864651755,9.327790444195657,0,2
2.6312854765995395,8.808945999250318,0,0
1.8882945234342001,10.787814421515975,0,0
6.653702701649096,9.733424873095222,1,0
0.11058264962920251,7.999108854389478,0,0
3.4652920666061378,7.310499974056929,0,1
5.676517737833886,7.812176892886177,0,0
2.6121618811137117,7.918992966587128,1,1
13.661696607101844,6.6717940128026205,1,0
3.540058340784674,8.99427289397395,0,1
4.924784846350149,7.186138839812497,0,1
1.7453195683441163,8.733019682703702,0,1
10.3899674994434,9.437860779535136,0,0
3.840271612995346,9.899477333152308,0,0
2.7384389153601973,8.248587580387255,1,0
3.6898331066969248,7.783720186445714,0,0
5.3451122235485435,9.836411525039885,0,0
2.214960007014994,10.006426596258796,1,5
4.600269813056133,9.182638382092392,0,0
0.7329196988124832,7.808096896912442,1,1
1.0405861309000655,7.183018991203505,0,1
3.799926109319098,9.616234199367772,1,0
9.693439861234978,8.438368454799807,1,0
0.6298885931266923,9.739782595862472,1,0
2.1481005622012472,7.834782120509844,0,0
1.2082024948364583,9.608701388288146,0,2
2.5785509725498996,9.907496631207382,1,1
3.6250498627678103,8.257970133697603,0,0
2.912702342179165,8.808601055508868,1,1
0.376586731172135,7.3388075960658465,0,1
0.7603054307481879,7.363995098483733,0,2
1.2368093267574354,8.81729386809029,0,1
2.348336064794149,7.9598423327711245,0,0
1.7888795108132305,8.740708358708607,1,1
2.4288369654069255,8.663845807974814,1,1
3.2109412923193656,9.152494616228704,0,0
2.7025995172830277,9.029699985955073,1,2
10.970977891922473,9.420550919206242,0,1
11.221070767039892,8.727016001998997,1,0
3.706119110058596,8.807297551271962,1,1
1.9903537476551922,8.497925527590153,0,0
2.673775616535323,9.549734356189242,0,2
4.1708786433679075,10.34040376502275,0,0
1.5418649485199074,9.249664819402122,1,1
4.224162602152848,8.997462309566455,0,0
2.7854083475057396,8.2826503634671,1,0
9.972427744965609,8.742970100418834,1,0
1.5056591731322113,8.1050070464172,0,1
8.26640336266638,7.884121758968147,1,0
4.194806205725285,8.303801113193988,0,0
1.8888668240969746,10.289621311862193,0,1
5.7274064536698805,8.415247949540694,1,0
2.3306309068708635,10.123411052479094,0,1
2.863701060780924,7.527872371006045,0,1
1.9600113999735018,8.63896419852977,0,1
6.870369766233701,9.220699592233892,0,1
12.865399377093638,9.272161781652233,1,0
1.5262048651257785,7.417003492194677,1,2
6.496938806502126,7.284227119243024,0,0
3.5951149437815832,9.119424763601899,0,0
6.060569504495399,7.946735819367973,1,2
4.108081515985948,9.134452157156995,0,1
2.976284517753801,9.9357970301918,0,1
17.107829778445133,7.843902222768415,1,0
3.9131490390188772,7.977799854060615,1,0
6.433740998642914,6.473818645731248,0,2
1.991416153953067,9.301102269630817,1,1
9.5061349649609,10.630407244626394,0,0
3.4760529236688376,7.253147484132892,0,2
1.0290457203107715,9.743960368019629,0,2
2.5384724660992544,9.835451881795525,0,1
3.8514423593057088,9.28398377343332,0,3
3.706753888081223,7.894482576886759,1,0
3.173218669370503,8.256590653955518,1,2
3.606094308196499,9.052393375032809,0,0
1.4057233513002774,9.023118487152251,1,4
3.503816132838027,8.249487079185123,0,1
2.2860077821076388,8.960405220792847,0,0
4.927244596365023,8.13890053770179,0,0
3.6564338279375237,8.387437617149367,0,0
2.080779626563239,8.297151615396233,0,0
5.117173403675838,9.594822952429778,1,1
6.788618215497362,7.071489327911878,0,1
4.331933837174536,9.149896805025657,0,0
1.756278355551737,8.859258818356547,1,2
11.733574950756639,6.230817544822312,0,1
3.2913322309322877,9.371024480536484,0,1
4.231159657394795,9.495786120284492,0,0
0.6000887074508491,8.094781565325329,0,1
3.5912747147639044,8.984769828609503,1,0
5.986817371100947,8.767615058481363,0,0
2.761257080465444,10.731897605259142,0,2
4.7121499810230585,9.002421399098848,0,2
4.820673807910837,8.60576442362046,0,0
6.3138173663801815,9.594946348987403,0,0
3.376017972330999,10.107692026721692,0,0
2.4492366295740626,10.572011283259114,0,0
1.1594055417213864,7.902435055878683,0,0
4.857019377889545,8.929778321914425,0,0
11.199759690926845,7.878835998006654,1,0
1.8001888635963545,10.821155051988695,1,2
5.716002790496786,8.547306470024175,0,0
10.15356032493835,9.45707398763647,0,0
1.9973203803485151,8.334644186532932,0,1
6.949577614893984,8.99910301434593,0,1
1.0154435297200053,6.694153111556361,0,2
7.007702321932314,9.54017041642653,0,0
0.6260607319405499,9.80263435554576,1,3
0.38300153776814855,7.907423424686499,0,1
1.5300057712377932,6.690119973218779,1,1
4.96200416387747,9.982872589898129,0,0
3.863638063898769,9.856018492753437,0,0
7.143972209145789,9.291023264104336,1,0
3.2849768704927857,8.314868966909641,0,0
1.372966506517605,8.219944809063419,1,1
3.958948831762343,9.834032682664853,0,1
5.317412053429237,8.179245274097948,1,1
4.7232564944321505,8.657452271374895,1,0
4.876096333464984,8.494725003617683,0,0
5.811739950435245,8.827947057407767,1,1
3.498392100281222,8.392655533570391,0,0
7.142851917059847,8.509691670714576,0,0
0.8626270345664735,10.291512349138934,0,2
7.412448151701267,9.02474801646352,0,0
7.2251394452716395,8.882667988212178,0,1
3.3168070286116853,9.321777206037247,0,0
4.382825214684822,7.381180860805819,1,0
5.088608813609506,9.517606484621878,0,0
15.752014977397728,8.802863366785003,1,0
3.099153335665323,7.882936875151133,0,0
3.2038962016487478,8.40375483239633,0,1
1.2423793209496865,9.033160924049438,1,4
9.285339869429025,8.586195277746498,1,0
4.780100314234567,9.586164662689054,1,1
2.6683217446883076,7.748489683145204,0,0
3.623712317589179,7.374932343630675,0,0
6.251854537675172,7.737971935730766,0,1
3.836906602730302,8.090330933676912,0,1
4.75748944532413,8.634171809327583,0,1
1.4521413389445892,8.16854754734073,0,2
1.6281464226242133,7.312854733671998,0,1
7.912405156924484,7.146944068951052,1,0
2.0820689618809163,7.221612362133039,1,1
1.6570204676750917,8.211650940248227,0,1
0.5111448877938571,7.688899039327108,0,1
7.005761741434053,8.116189537987202,0,0
2.3125503772659255,9.82751069435321,0,0
10.02116240513868,7.3303285248339805,1,0
1.9083829462302098,8.799601093546723,0,1
1.0561167951185901,7.315202146888746,1,1
1.7598882137856307,7.1650695416252415,0,0
3.6006452526328725,8.871291881318207,1,0
14.730722654136386,9.17493633227373,0,0
9.06878412998267,9.28903120633022,1,1
6.8791755960396985,9.61096376485706,0,1
10.173779798193678,8.3227215237122,0,0
3.1506081775324755,8.774968126661209,0,3
2.340405540700445,8.114647325916557,0,0
7.241018485368991,9.792939962509834,0,0
3.4384808202624306,7.588683376489885,1,1
1.6955332487054384,9.000811587943128,0,2
0.03696097568899672,7.434778339289748,0,2
1.5357130564879433,8.609990936570787,1,1
5.050141250757271,6.893564143531367,0,0
1.7019596548615668,8.72659462454431,0,1
6.27517265890137,10.474116817159935,1,0
1.0044012596958718,7.941346797252474,0,1
1.5758194454615075,8.257660334740914,0,0
10.238746014637528,9.366703048731118,1,1
6.826973040618655,8.544605085528234,0,0
3.6328166647845315,9.722121059160711,1,1
3.6292061099701756,8.893576173799174,0,0
1.7845291308527922,9.375525749742346,0,1
8.033077332682623,6.522282510991424,0,1
8.130375765123954,8.591955286629648,1,0
3.1206830135109396,7.392171257062593,1,0
3.065398355931182,8.105059798550972,0,0
2.2313036130082304,8.932073460470779,0,0
4.29018099713305,8.270359373268247,0,1
0.5531532728425713,7.7158080902174575,0,0
3.34777874328005,9.754159460157103,1,1
6.910355316990428,9.507219997340574,1,0
3.9485229591880344,7.128101580099812,1,0
5.700441825165512,9.262466785194135,0,1
4.620444518575809,8.670183439100818,0,0
4.064613330449535,8.735834920805353,0,0
3.554669003756344,10.055546307156114,0,1
6.29857480014436,8.65489538643252,0,0
2.9586944266287887,9.214197405376382,1,1
1.4794031840227837,8.714037944721293,0,0
8.638744311159645,8.719526137502832,0,0
5.869821312512484,7.574664328636924,0,0
0.47855488755927234,10.95389709522532,1,4
4.351619640034619,5.42441721108052,1,1
0.42118978657028844,7.774429518352335,0,1
1.097392668767444,8.011246936227232,1,1
4.695882096882088,9.408412790808118,0,2
8.392437878967943,7.089026864714832,0,0
12.921031091530905,8.324409763305438,0,0
10.274743998436032,9.286888013777657,0,0
0.7086835382034812,7.282127431450184,0,0
11.177804777025536,8.363040533798111,0,0
6.288725088158958,8.331941335858598,0,0
6.6483328352177535,7.902017735020068,0,0
2.137148640289927,8.536745239667264,0,1
5.029771598502898,8.074469929271897,1,1
4.761050695151596,9.467626388593656,0,0
4.98063823221673,9.029375127916655,0,0
5.632411373121286,8.315654595874529,0,1
3.499669397237289,8.565886114670832,0,1
2.96520865663342,8.110931123260707,0,0
3.7932362233031647,9.836767009654972,0,0
7.743695094588305,8.952220776665484,0,0
6.579875590073197,8.360035929566983,1,0
7.451703222489935,8.938564075595764,0,0
4.778449067030762,10.388779783764972,1,1
1.5851249741544158,7.814536368293339,1,2
2.210025042667506,9.384555005063712,0,0
6.539724647367897,8.914235508635569,0,0
7.965570213633086,8.28386624266236,0,0
7.244102909120626,7.770374425775484,0,0
3.8121172767030185,9.359171772673777,0,1
4.231723480920038,8.79078499212404,0,0
3.890881214691616,9.943800714439615,0,0
0.891741460026241,9.667969522273472,0,5
1.414431845716064,8.800448283925997,0,0
5.478490102992064,7.777988812420368,0,0
2.7951680176083635,10.55430711600303,0,1
0.40488503131116105,7.880707078972631,1,4
3.949819347964657,9.330552371480927,0,0
1.5338096455581394,6.728254676077329,0,1
1.3497094036176847,10.070661543384741,0,1
0.8615202883540418,6.466108043030806,0,0
1.871064276268812,8.18646363513531,0,1
0.2541162574388326,7.437843877473245,0,0
1.530701437894444,9.895510388218632,1,3
5.524386475790873,7.757827806945951,0,0
4.623415425830089,9.028798364160767,0,0
7.271294316915764,8.7669602417893,0,0
4.920564580906264,7.054958629420415,0,0
0.164089863487908,9.528971909968826,0,1
2.7415065311266944,8.48401804177618,0,0
2.5577072179979314,10.007644007791725,0,4
1.3852799928794413,9.113494935715321,0,2
0.8619064858564117,7.7399690915184385,0,0
5.281356193988851,8.29886761988693,0,1
3.3494998595864245,8.270356998623027,1,0
1.1965795708323628,9.277996245488406,1,1
0.7527419541216271,9.2451974635759,0,2
6.3902740935350755,7.826795149710736,0,2
5.61534672101323,9.447165735458535,0,1
5.724493292366238,8.906593912938819,1,2
5.454171401156335,9.16939181972748,0,1
5.450845658179786,9.017829054692092,0,0
5.015991071492097,9.329019563870865,0,0
2.0678944009339246,7.567188193589697,0,0
5.391953621388437,8.690085823393188,0,0
3.754891131969924,9.507418677944774,0,0
1.5753552191282227,9.615720962828727,0,1
3.400567419631073,9.614177833595326,1,0
7.9660739668231235,7.614076721645713,1,0
4.256966893626104,10.578247327281108,1,2
4.6650777958228025,10.265084667684981,0,4
1.2920989948522088,7.6344839327571155,1,0
1.6665420277516663,8.200976501179701,1,0
3.7644051336160778,9.185148592293304,1,1
2.9983142232739968,7.778559402493552,0,1
2.639275151021788,9.081722624047517,0,2
1.3111893199315738,8.71172460572426,0,0
1.6332002126837661,9.788691469157015,1,1
0.7993240519718283,8.929718376671161,0,2
2.21100532948385,6.469465256588822,0,0
3.0146293549969667,9.362647041956492,0,0
3.194062617318638,9.729629079123054,0,0
7.784802542872198,8.436920501608828,1,1
0.36959433068460995,8.647878608890187,0,1
10.909167008324724,8.651085281185813,0,0
5.46011844584796,7.9146801771682,1,0
3.605878290250033,10.969500394677862,0,1
1.520898869560907,7.717597240904159,1,1
2.3253600771785443,9.427948025131217,0,3
5.3740839183001015,9.423347441766204,0,2
1.7839846229893672,8.042139516818665,0,1
5.742384283691028,7.563609431714307,0,1
3.341563343426144,8.393525681723755,0,2
3.331503957587937,9.19729492852285,1,1
5.381779265454997,8.806782535866702,0,0
1.1997568920420232,10.315852823685344,0,0
2.5881537438569,7.9123542951635395,1,0
3.0286748829583607,7.936617412573725,0,0
5.198383136267894,9.381681459002978,0,0
7.3340401423688295,6.831688645814659,0,0
1.1032296184670782,7.936880851465638,0,1
3.361668243906267,8.369391792095247,0,0
1.0207732725264425,8.48575236911898,1,0
3.338824472090158,7.992307575447673,0,0
4.691589323831441,6.675835835108617,0,0
2.32739338745374,9.914686018023136,0,0
7.5973319484434665,9.861942663133394,0,0
4.732414355876872,6.835488592129201,1,0
4.471475015598676,9.173833650289906,0,0
3.7044207483722857,8.364911958957977,1,0
5.320506137100928,9.059463796936338,0,3
8.01910160446526,8.780599325184582,0,0
3.8816167843042435,7.04274288769208,1,1
2.435227911128288,9.302029935270957,0,1
14.45794478946909,7.948027612231522,0,0
3.807147733067224,5.903628468882131,1,0
3.0090695445488747,8.699202592630428,0,2
5.123024988703239,6.93681065421184,0,1
0.5425560416906473,9.644773062144285,0,0
1.0281467399437731,8.208984446159477,1,1
0.4017014957744623,8.578924601133123,0,1
0.5171710793784524,9.019681774848491,1,3
1.4243827290301774,8.60493593938574,0,0
2.3295187908082906,7.908970312912908,1,0
2.2397343706275104,9.629580532873717,0,3
3.0763859557924387,8.39144537837407,0,0
4.286259309033133,7.375809484279106,0,0
2.4039257510911356,8.85478106993152,0,1
4.3962091120041595,8.419490131055486,0,1
7.97076918592905,8.47704682018111,0,0
12.046360876040398,8.625750560031156,1,0
8.929878234386369,8.555978284539771,0,0
10.984252645223343,9.957485527235258,1,0
3.13123167591589,7.698952917258329,0,0
0.6096525906407856,6.419186022986164,0,1
2.9164762377052584,8.500587987297592,1,1
1.3045419278337393,9.33184635358294,1,0
3.164681773824377,6.935808568239683,0,0
1.013286188608686,8.864530937948965,0,1
3.6415393971905026,7.093368125967967,0,1
1.7042540082164404,9.343759962868479,0,1
1.691568970795282,8.510788812728926,1,1
7.332672674681641,7.620139096582665,0,0
3.72007211550331,6.896468960884061,0,0
3.3116967296282325,10.681078578824122,0,0
6.093069050577007,10.80524437345216,0,2
4.332111622855286,7.4209351449648775,0,0
6.010937031466253,7.397385824212111,1,0
2.959681217936558,8.579083249660224,0,0
5.739975373286,8.11439256061257,0,0
0.664457783251792,8.173916507620035,1,1
2.917590966037839,8.783733369810303,0,0
4.088527497693171,10.417743075820265,1,0
2.3213180097912773,9.862106387661392,0,1
3.007866408114186,8.1797442311795,0,3
6.257651454978985,9.222113872802295,0,0
6.3950112797700545,6.65295468616694,1,0
4.0733599120389155,8.635899886863903,1,1
8.254806241659622,8.263351095029138,0,2
1.2518938598140859,9.463454675232306,0,1
2.6728810238548886,9.121930366026621,0,2
2.7538436114173983,8.808878421548723,0,0
7.730115408309554,8.960245415280882,1,0
4.737377866204041,8.066455980256517,0,0
9.242919610227764,9.467644845405795,0,0
0.7061561832997497,8.960137004145006,0,2
4.163371983850682,8.337753446144543,0,1
3.3653017698863197,8.59874246858327,1,0
0.16554670069958485,9.344089844839052,0,2
1.6614833318564888,9.438693001870046,0,0
1.2646520861301358,8.157760080027442,0,2
4.698404525514633,7.606282547241671,0,0
7.4754930673045905,8.04435179454276,0,1
2.478148220627966,8.095871999183622,1,1
1.2126382037560728,8.623252260553965,0,3
0.9902414954800465,9.697420339454917,0,1
9.57211167454813,8.029467460348776,1,0
1.8495777949225711,8.888019223213357,0,1
0.046354023044601116,8.315772777632226,0,0
2.035707396875001,8.519113056270074,0,0
0.6823598925416292,8.802961916912691,0,1
3.4892938371381454,9.701591074898285,0,0
3.2292809167176273,8.747346140249581,0,0
2.4606374310132466,5.918430944214716,0,1
0.8102496003914516,8.300881964168703,0,1
3.1442689625816307,10.069103377993953,0,0
2.7558288455718705,9.642083002664492,0,1
3.009756125068153,9.290628616702493,0,2
2.2287786408717696,9.679337658376928,1,4
5.460662394349539,9.324022846036842,1,0
6.519935689519894,9.659949328703831,0,0
0.9878079196354295,7.382497059691364,1,5
5.190780136406233,8.440140855486499,0,1
6.787381151664988,8.647554193271628,1,0
12.846190913138443,8.554046744289668,0,1
3.6994768870699213,7.922932715355021,0,1
2.2627604849371457,8.646320403622578,1,2
5.837129036018286,6.799767316618809,1,0
2.2988200317606817,8.953166112511676,0,0
7.052173527261644,7.826212988708919,1,0
2.983868681317736,6.323959285866676,0,1
1.7051191392931317,8.516514011799222,0,1
3.5292416712001127,10.048114747388523,0,1
2.6785179788669207,6.599131894789954,0,2
2.4865097007463666,8.256956283550346,1,0
0.41799689097629156,6.877889194492103,1,2
6.704265399020394,8.757054226721129,0,0
6.671938939571573,9.371041231149007,0,0
4.589961273538804,7.690759416614292,1,0
4.878278004735205,8.07638710923394,0,0
1.4497655936793739,8.351317521595844,0,1
0.18342949728571473,9.739408572285255,0,2
3.810154084700756,7.101828498748121,0,0
2.939781384224682,8.046124283219667,1,0
3.7454195386620714,10.070709742932063,0,1
0.10904444808843115,7.772645297328812,0,4
5.325505661938407,8.105498466213104,1,0
1.4304870997043866,8.680130099897498,0,0
1.160141592272598,10.827171831094045,0,3
10.256389700350095,7.382626673029,0,0
8.629770987210938,9.255359374956862,0,0
0.40789906404515586,7.312207129152918,1,0
1.7633503522455922,7.492450628948572,0,0
2.5083239973883598,7.986559507066934,1,0
7.939072061044725,8.964842967755553,0,0
5.630605854001488,7.950258628841484,0,1
0.847430506687746,8.632914915891481,0,0
3.478941820871635,7.7825034556612245,1,0
2.5196223046823585,8.581488198619356,0,3
2.5879804043597874,7.20229840725349,0,1
1.8945124857461997,7.227160959193185,0,0
2.5349895105695675,7.986464694618089,0,3
5.2006996622349035,9.111083327594551,0,0
2.794234967220838,8.693796359131618,0,0
3.013962095182809,7.72562692711305,1,0
5.657054914752789,7.36843054070828,1,0
4.398181020082447,9.533810435086007,0,0
5.6943616055579955,9.863243258241457,0,0
1.467998784977695,9.00772438414987,0,1
3.2786889781438173,8.855542505374867,0,0
3.195990417769252,6.362201145037303,0,0
2.8266986137509993,9.09363946437563,0,0
2.425774897257656,10.088414790455735,1,1
8.430451130241853,9.572213034433156,0,1
2.2180815624361343,9.518056674059098,0,0
7.037861760823178,6.844676279604088,1,0
11.230854408513107,7.795687790499861,1,0
1.1926568579132626,8.355160510469878,0,0
0.8226899676590482,7.788355143514264,0,0
0.3247573127133751,7.340124965352043,0,0
6.966820844447259,8.919115872656924,0,0
7.09657971369562,9.496741501647215,1,1
1.262019106265555,7.103601434545285,1,1
5.759096653520316,9.537917868540566,1,0
1.64827846348424,8.72325305012313,0,1
3.3740236892600883,10.123033294906293,0,0
6.649902918280449,9.29483081379228,0,0
4.4271106569727605,8.629893808451394,0,2
1.5018648614573837,8.637731092677758,0,0
3.544954995687367,8.502130272531655,0,0
2.3893320100749564,10.318577903134122,0,3
5.709352643927229,9.112054438162126,0,0
4.333318035541621,8.132015022822321,0,0
4.306794043579626,9.069279017345067,0,2
1.4168304630137585,8.96608729825532,0,0
1.376019542558928,8.077181650296328,0,1
3.7325576994146688,7.679851891363358,0,1
6.268242821835312,9.681954097551536,1,0
9.610919714826466,8.237603311018772,0,0
0.5281686814181216,8.181451510949973,1,1
3.4000267001234086,9.08181876791322,1,3
6.677563566794893,7.982223624370542,0,0
5.328561183554302,8.728640138880106,0,0
4.206923925502788,8.119757235397122,0,1
6.600633345878853,5.920719602211701,0,0
1.294707369450892,8.886350313427398,0,1
5.456589251259677,8.761822934504213,1,1
6.910365429598858,8.853825935240717,0,2
1.093083708426921,6.424451505293053,1,1
4.337761793752382,7.149324028566663,1,0
5.753650056077866,9.662521449848857,0,1
6.119449423582497,8.573901867599043,0,0
0.4716637043787486,6.606497132232764,0,1
1.9360681843389271,8.584590066288113,0,2
0.1468761715753673,6.930202863155243,0,1
8.37750153219058,7.926705646213435,1,0
2.49641102108661,8.7535796064072,0,0
1.3014006410900596,8.755023124944522,0,2
1.1748049147040287,9.506854464412635,1,3
2.0264162060493733,8.965272095877152,0,5
6.918498639557986,9.028275524993228,0,0
1.4653185048456585,8.118529486964418,0,1
9.156318081728523,7.6496008945859,0,0
0.8398689346301047,8.548922231864017,1,2
13.372440261641135,9.52009255796629,1,0
2.0650167492069884,9.326065000385602,0,1
9.307628955409413,8.29889364835892,0,1
8.388479218710275,8.440358596938138,0,0
8.364238564331016,7.59761851330163,1,0
3.128011019997619,9.650506575565545,0,0
0.9768095426587109,10.11511956407971,0,1
3.9900615892312907,8.939328442155274,0,2
1.6314551560859134,6.86431358148013,1,1
8.416607312428434,9.17339912367099,0,0
3.829557128280032,10.154528307332306,0,1
3.40912661048566,7.381505103922027,1,2
1.727811060961579,9.345846966180098,0,1
2.301650297014538,8.311991507932325,0,1
5.061546124901806,9.743845225757742,0,1
4.451948976538002,7.342228191294875,1,0
5.759546875374927,8.066332800914394,0,0
6.096755146375933,6.932078144885364,0,0
6.495624446390164,8.839537081212269,0,0
1.1353639481889164,9.053102250639212,1,2
4.612505640244539,8.843967868506551,0,0
4.379113188398691,7.984279241438082,0,1
0.80319832289654,8.060586190228479,0,1
4.82109853362597,8.17279699960813,0,1
8.315612664128196,9.385314588371648,1,0
4.910413909116472,7.047362189684609,0,0
0.8886237909325558,8.159441222002345,1,1
1.6371889571357259,7.027673525062141,1,1
4.148681944970121,8.090766926094318,1,0
1.3945100454069639,8.485776604193125,0,0
5.201735920553276,10.60046090895052,0,1
3.448874964660506,7.832288125915014,0,0
6.386953994025844,9.527070247730125,1,1
2.670398487670498,6.7896567332407765,1,0
4.222284641169658,8.539793451640506,0,0
1.8606944434074928,8.537625544399827,1,3
11.755152028832727,9.245239137861669,1,0
3.3439266554039238,7.953793052357076,1,1
1.0770147861331505,7.715096395390479,0,0
7.041869417082151,6.419896550526833,1,1
2.589468591841997,8.831047687386967,1,1
6.794409734455779,7.857940837965967,0,0
2.631260766476343,9.525434931274592,1,0
1.3737071883489322,9.011773212620406,0,0
3.292297880249044,9.685496410952648,0,3
1.0078791943509187,7.626466939002732,1,0
2.540836341276723,8.70452108851534,0,1
6.197066043024465,8.68995522458587,1,1
4.723543390414225,8.003886013038576,0,0
3.7214238369917796,9.730367170360227,0,1
2.6015232985778893,9.281336623701598,0,1
8.712817460199021,10.530739469870106,0,1
3.804201157796082,9.194654464341447,1,0
1.887081575013144,10.36888532289506,0,5
6.0545367456595995,10.346137001828644,0,0
5.009553739923652,8.008451891254774,0,1
1.630164597823148,7.030454815081057,1,1
7.61317687147915,10.186586210365082,0,1
3.886121473357511,9.193823068383978,1,1
4.274664732094386,9.021274737286074,0,0
7.958135142234097,8.051352034361425,0,0
0.9069751647746931,8.89715137040099,1,3
1.7216462875394245,9.517055670584632,0,1
8.044290284620944,9.158586344656635,0,0
1.6040126165510058,7.886176576279428,1,0
3.413628968630856,10.042348953362646,0,0
8.83138593307869,8.624828343284813,1,0
1.2495955268231973,9.179182954906638,1,0
0.40078149516710065,9.340578042088476,0,5
1.1022902902424814,10.631729221261342,0,2
3.378038839617875,8.914463352161267,0,1
2.811111320727159,8.447730499970001,1,0
2.5632009297632434,10.41371259200665,1,2
2.3653709694665777,9.607993307288568,0,0
