time,asset,excess_ret,mkt_excess,beta_true
0,0,0.02950055159718049,0.07272189285247817,0.5
0,1,0.02146276944598774,0.07272189285247817,0.5416666666666666
0,2,0.049073236654743585,0.07272189285247817,0.5833333333333334
0,3,0.05433315202649861,0.07272189285247817,0.625
0,4,0.03300882658182062,0.07272189285247817,0.6666666666666666
0,5,0.05162839784659057,0.07272189285247817,0.7083333333333333
0,6,0.016720808270953562,0.07272189285247817,0.75
0,7,0.0114206806799525,0.07272189285247817,0.7916666666666666
0,8,0.029197649286828185,0.07272189285247817,0.8333333333333333
0,9,0.03639929763536984,0.07272189285247817,0.875
0,10,0.06081169364662321,0.07272189285247817,0.9166666666666666
0,11,0.05721880546489873,0.07272189285247817,0.9583333333333333
0,12,0.049567226652544386,0.07272189285247817,1.0
0,13,0.05661429961822744,0.07272189285247817,1.0416666666666665
0,14,0.037691800595916626,0.07272189285247817,1.0833333333333333
0,15,0.06535064431778682,0.07272189285247817,1.125
0,16,0.052071084581930965,0.07272189285247817,1.1666666666666665
0,17,0.0910476645557272,0.07272189285247817,1.2083333333333333
0,18,0.058511975249634106,0.07272189285247817,1.25
0,19,0.0985039831299163,0.07272189285247817,1.2916666666666665
0,20,0.042314289341206617,0.07272189285247817,1.3333333333333333
0,21,0.06945005404703009,0.07272189285247817,1.375
0,22,0.07941761688985223,0.07272189285247817,1.4166666666666665
0,23,0.062067704552036244,0.07272189285247817,1.4583333333333333
0,24,0.09321344047626842,0.07272189285247817,1.5
1,0,0.006229878291673452,0.035493909070195805,0.5
1,1,-0.0003929311659664862,0.035493909070195805,0.5416666666666666
1,2,0.006957999803817158,0.035493909070195805,0.5833333333333334
1,3,0.011589441622220989,0.035493909070195805,0.625
1,4,0.04355955468376452,0.035493909070195805,0.6666666666666666
1,5,0.01583282376784969,0.035493909070195805,0.7083333333333333
1,6,0.01865714176751808,0.035493909070195805,0.75
1,7,-0.004121196648713087,0.035493909070195805,0.7916666666666666
1,8,0.02290556364655795,0.035493909070195805,0.8333333333333333
1,9,0.011851884935810998,0.035493909070195805,0.875
1,10,0.010166063366921076,0.035493909070195805,0.9166666666666666
1,11,0.04018277073185295,0.035493909070195805,0.9583333333333333
1,12,0.02664935523456772,0.035493909070195805,1.0
1,13,0.042396317600384696,0.035493909070195805,1.0416666666666665
1,14,0.022491253927357267,0.035493909070195805,1.0833333333333333
1,15,0.05314319507771095,0.035493909070195805,1.125
1,16,0.06536257752956887,0.035493909070195805,1.1666666666666665
1,17,0.0026088611564958133,0.035493909070195805,1.2083333333333333
1,18,0.045129091342506374,0.035493909070195805,1.25
1,19,0.019236826606446992,0.035493909070195805,1.2916666666666665
1,20,0.05566013137421909,0.035493909070195805,1.3333333333333333
1,21,0.031609685489103645,0.035493909070195805,1.375
1,22,0.05469520115153372,0.035493909070195805,1.4166666666666665
1,23,0.06076470153047678,0.035493909070195805,1.4583333333333333
1,24,0.06459935924702268,0.035493909070195805,1.5
2,0,0.011765850925673883,-0.0020615102948668435,0.5
2,1,-0.011817227450271816,-0.0020615102948668435,0.5416666666666666
2,2,0.03586752405055629,-0.0020615102948668435,0.5833333333333334
2,3,0.012458045727131897,-0.0020615102948668435,0.625
2,4,0.01918975150871655,-0.0020615102948668435,0.6666666666666666
2,5,-0.008951219931866641,-0.0020615102948668435,0.7083333333333333
2,6,0.021106184258151115,-0.0020615102948668435,0.75
2,7,0.00392441415474215,-0.0020615102948668435,0.7916666666666666
2,8,0.02591861429841658,-0.0020615102948668435,0.8333333333333333
2,9,0.011143648167015066,-0.0020615102948668435,0.875
2,10,-0.013822553505869022,-0.0020615102948668435,0.9166666666666666
2,11,0.0071285061774158925,-0.0020615102948668435,0.9583333333333333
2,12,0.011326800186008849,-0.0020615102948668435,1.0
2,13,-0.0240239906755853,-0.0020615102948668435,1.0416666666666665
2,14,-0.03008770028238484,-0.0020615102948668435,1.0833333333333333
2,15,-0.01060341818631284,-0.0020615102948668435,1.125
2,16,0.02573765963370872,-0.0020615102948668435,1.1666666666666665
2,17,0.007033851735740136,-0.0020615102948668435,1.2083333333333333
2,18,0.015682972103263016,-0.0020615102948668435,1.25
2,19,0.02240309419295796,-0.0020615102948668435,1.2916666666666665
2,20,-0.004178364723733526,-0.0020615102948668435,1.3333333333333333
2,21,0.0037009818085139163,-0.0020615102948668435,1.375
2,22,-0.0010565465642525314,-0.0020615102948668435,1.4166666666666665
2,23,-0.029465663163791178,-0.0020615102948668435,1.4583333333333333
2,24,0.019288911949986363,-0.0020615102948668435,1.5
3,0,0.004856866764658843,-3.647789962049619e-05,0.5
3,1,-0.013541686602871434,-3.647789962049619e-05,0.5416666666666666
3,2,0.010476810005308288,-3.647789962049619e-05,0.5833333333333334
3,3,-0.014687321137691037,-3.647789962049619e-05,0.625
3,4,-0.02055837816916149,-3.647789962049619e-05,0.6666666666666666
3,5,-0.019496156546116913,-3.647789962049619e-05,0.7083333333333333
3,6,-0.03792387608658448,-3.647789962049619e-05,0.75
3,7,-0.008176347000561591,-3.647789962049619e-05,0.7916666666666666
3,8,-0.054771352887937746,-3.647789962049619e-05,0.8333333333333333
3,9,-0.027802067173218214,-3.647789962049619e-05,0.875
3,10,-0.03513524005672966,-3.647789962049619e-05,0.9166666666666666
3,11,-0.050516933616405454,-3.647789962049619e-05,0.9583333333333333
3,12,-0.006803972132219591,-3.647789962049619e-05,1.0
3,13,-0.013446005294935566,-3.647789962049619e-05,1.0416666666666665
3,14,-0.015405196725699203,-3.647789962049619e-05,1.0833333333333333
3,15,-0.007381486549067809,-3.647789962049619e-05,1.125
3,16,-0.021777069497987356,-3.647789962049619e-05,1.1666666666666665
3,17,-0.009568650042245023,-3.647789962049619e-05,1.2083333333333333
3,18,-0.0029571604070366517,-3.647789962049619e-05,1.25
3,19,-0.0398585430565818,-3.647789962049619e-05,1.2916666666666665
3,20,-0.005027035465790896,-3.647789962049619e-05,1.3333333333333333
3,21,-0.010388699003159443,-3.647789962049619e-05,1.375
3,22,-0.017467174437956857,-3.647789962049619e-05,1.4166666666666665
3,23,-0.01568588005941164,-3.647789962049619e-05,1.4583333333333333
3,24,-0.03970492955253253,-3.647789962049619e-05,1.5
4,0,0.042630479577212166,0.042642072297480085,0.5
4,1,0.054774455869556996,0.042642072297480085,0.5416666666666666
4,2,0.06056848608016288,0.042642072297480085,0.5833333333333334
4,3,0.062200044725790896,0.042642072297480085,0.625
4,4,0.04728617844228598,0.042642072297480085,0.6666666666666666
4,5,0.055893233919311724,0.042642072297480085,0.7083333333333333
4,6,0.04595622502783646,0.042642072297480085,0.75
4,7,0.06197648248582871,0.042642072297480085,0.7916666666666666
4,8,0.05247096035770372,0.042642072297480085,0.8333333333333333
4,9,0.08895280825567686,0.042642072297480085,0.875
4,10,0.06290119123589853,0.042642072297480085,0.9166666666666666
4,11,0.025783310851432907,0.042642072297480085,0.9583333333333333
4,12,0.07346641424816747,0.042642072297480085,1.0
4,13,0.06279715449774952,0.042642072297480085,1.0416666666666665
4,14,0.05963913311018069,0.042642072297480085,1.0833333333333333
4,15,0.050878732281155456,0.042642072297480085,1.125
4,16,0.04226726424358354,0.042642072297480085,1.1666666666666665
4,17,0.055765677378774095,0.042642072297480085,1.2083333333333333
4,18,0.05774266729949581,0.042642072297480085,1.25
4,19,0.08527025376053572,0.042642072297480085,1.2916666666666665
4,20,0.04254480454407294,0.042642072297480085,1.3333333333333333
4,21,0.07129569047087157,0.042642072297480085,1.375
4,22,0.06377976517448666,0.042642072297480085,1.4166666666666665
4,23,0.053366172920198636,0.042642072297480085,1.4583333333333333
4,24,0.084764700285754,0.042642072297480085,1.5
5,0,0.028090437409837646,0.05241318548108169,0.5
5,1,0.02923356262357611,0.05241318548108169,0.5416666666666666
5,2,0.05607628118820261,0.05241318548108169,0.5833333333333334
5,3,0.07051485680031944,0.05241318548108169,0.625
5,4,0.043749554059944115,0.05241318548108169,0.6666666666666666
5,5,0.03470455023149465,0.05241318548108169,0.7083333333333333
5,6,0.043253807984904066,0.05241318548108169,0.75
5,7,-0.000518767122019835,0.05241318548108169,0.7916666666666666
5,8,0.0203381845562321,0.05241318548108169,0.8333333333333333
5,9,0.05146368318426605,0.05241318548108169,0.875
5,10,0.043305951193949505,0.05241318548108169,0.9166666666666666
5,11,0.033883431713458256,0.05241318548108169,0.9583333333333333
5,12,0.06967433714962436,0.05241318548108169,1.0
5,13,0.06957324110810849,0.05241318548108169,1.0416666666666665
5,14,0.050929860567183176,0.05241318548108169,1.0833333333333333
5,15,0.06822681654548891,0.05241318548108169,1.125
5,16,0.06522012958766189,0.05241318548108169,1.1666666666666665
5,17,0.018332925952236977,0.05241318548108169,1.2083333333333333
5,18,0.11005584581472938,0.05241318548108169,1.25
5,19,0.057065720817124174,0.05241318548108169,1.2916666666666665
5,20,0.05279632652286563,0.05241318548108169,1.3333333333333333
5,21,0.07719928047573607,0.05241318548108169,1.375
5,22,0.08137007031859605,0.05241318548108169,1.4166666666666665
5,23,0.10997697188984176,0.05241318548108169,1.4583333333333333
5,24,0.08834804974064511,0.05241318548108169,1.5
6,0,-0.08275907096987241,-0.09879847993127702,0.5
6,1,-0.0731208618654006,-0.09879847993127702,0.5416666666666666
6,2,-0.04956456887452541,-0.09879847993127702,0.5833333333333334
6,3,-0.0869540772153737,-0.09879847993127702,0.625
6,4,-0.06048770633970684,-0.09879847993127702,0.6666666666666666
6,5,-0.07224928742142836,-0.09879847993127702,0.7083333333333333
6,6,-0.09376610244848932,-0.09879847993127702,0.75
6,7,-0.10556839621216553,-0.09879847993127702,0.7916666666666666
6,8,-0.07470954513522074,-0.09879847993127702,0.8333333333333333
6,9,-0.09168400285619648,-0.09879847993127702,0.875
6,10,-0.10693982508481026,-0.09879847993127702,0.9166666666666666
6,11,-0.091447115586284,-0.09879847993127702,0.9583333333333333
6,12,-0.13712947560686423,-0.09879847993127702,1.0
6,13,-0.11579779600273821,-0.09879847993127702,1.0416666666666665
6,14,-0.12584529475276576,-0.09879847993127702,1.0833333333333333
6,15,-0.13811390938104895,-0.09879847993127702,1.125
6,16,-0.12872723289267513,-0.09879847993127702,1.1666666666666665
6,17,-0.13974898355451143,-0.09879847993127702,1.2083333333333333
6,18,-0.1369279715235507,-0.09879847993127702,1.25
6,19,-0.10998215964071413,-0.09879847993127702,1.2916666666666665
6,20,-0.16767958207434905,-0.09879847993127702,1.3333333333333333
6,21,-0.1529436999855336,-0.09879847993127702,1.375
6,22,-0.1507423489270484,-0.09879847993127702,1.4166666666666665
6,23,-0.16156971570721232,-0.09879847993127702,1.4583333333333333
6,24,-0.14215610878150786,-0.09879847993127702,1.5
7,0,-0.05463093759081553,-0.047011782877117714,0.5
7,1,-0.018941781989803307,-0.047011782877117714,0.5416666666666666
7,2,-0.018279060953744493,-0.047011782877117714,0.5833333333333334
7,3,-0.012707209283751603,-0.047011782877117714,0.625
7,4,-0.027217280156707033,-0.047011782877117714,0.6666666666666666
7,5,-0.06291520513545196,-0.047011782877117714,0.7083333333333333
7,6,-0.03061462389577954,-0.047011782877117714,0.75
7,7,-0.04062201917023376,-0.047011782877117714,0.7916666666666666
7,8,-0.05002519355045317,-0.047011782877117714,0.8333333333333333
7,9,-0.03916657357660297,-0.047011782877117714,0.875
7,10,-0.03370798017571784,-0.047011782877117714,0.9166666666666666
7,11,-0.01864301883246191,-0.047011782877117714,0.9583333333333333
7,12,-0.07532707307747516,-0.047011782877117714,1.0
7,13,-0.04060409824297769,-0.047011782877117714,1.0416666666666665
7,14,-0.08596791983957505,-0.047011782877117714,1.0833333333333333
7,15,-0.06464947622079613,-0.047011782877117714,1.125
7,16,-0.04226427141772213,-0.047011782877117714,1.1666666666666665
7,17,-0.06498275203581243,-0.047011782877117714,1.2083333333333333
7,18,-0.0492080304904761,-0.047011782877117714,1.25
7,19,-0.06267054439606519,-0.047011782877117714,1.2916666666666665
7,20,-0.07744139279111048,-0.047011782877117714,1.3333333333333333
7,21,-0.0892939048868599,-0.047011782877117714,1.375
7,22,-0.07762379986350164,-0.047011782877117714,1.4166666666666665
7,23,-0.07002704472765899,-0.047011782877117714,1.4583333333333333
7,24,-0.06287171834828342,-0.047011782877117714,1.5
8,0,-0.011009129521062378,0.02439954473436326,0.5
8,1,-0.007419677055820409,0.02439954473436326,0.5416666666666666
8,2,-0.014536980481106916,0.02439954473436326,0.5833333333333334
8,3,-0.028305946314384794,0.02439954473436326,0.625
8,4,0.018543896954156577,0.02439954473436326,0.6666666666666666
8,5,0.007345548838857718,0.02439954473436326,0.7083333333333333
8,6,0.005403787291456446,0.02439954473436326,0.75
8,7,-0.007470855722186361,0.02439954473436326,0.7916666666666666
8,8,0.02621436515970011,0.02439954473436326,0.8333333333333333
8,9,0.027139654676577342,0.02439954473436326,0.875
8,10,0.013258512245005648,0.02439954473436326,0.9166666666666666
8,11,0.01213720693892929,0.02439954473436326,0.9583333333333333
8,12,0.007449330844235113,0.02439954473436326,1.0
8,13,0.017885025191642045,0.02439954473436326,1.0416666666666665
8,14,0.0038544851150546337,0.02439954473436326,1.0833333333333333
8,15,0.01741356023262378,0.02439954473436326,1.125
8,16,0.013214402353440369,0.02439954473436326,1.1666666666666665
8,17,0.02269238036534238,0.02439954473436326,1.2083333333333333
8,18,-0.015693645705144296,0.02439954473436326,1.25
8,19,0.020929656365852534,0.02439954473436326,1.2916666666666665
8,20,0.04049016287705809,0.02439954473436326,1.3333333333333333
8,21,0.017030088869092627,0.02439954473436326,1.375
8,22,0.012391192409770106,0.02439954473436326,1.4166666666666665
8,23,0.01789269829562424,0.02439954473436326,1.4583333333333333
8,24,0.01629987610832032,0.02439954473436326,1.5
9,0,0.025419718888296326,0.010082065862969058,0.5
9,1,-0.020488960590120495,0.010082065862969058,0.5416666666666666
9,2,0.036905118942190035,0.010082065862969058,0.5833333333333334
9,3,0.0010289634530219359,0.010082065862969058,0.625
9,4,-0.010774550431803493,0.010082065862969058,0.6666666666666666
9,5,0.023123438321167235,0.010082065862969058,0.7083333333333333
9,6,0.022675484346575063,0.010082065862969058,0.75
9,7,0.009733831579400089,0.010082065862969058,0.7916666666666666
9,8,-0.025280835687474235,0.010082065862969058,0.8333333333333333
9,9,0.011919335892352551,0.010082065862969058,0.875
9,10,0.017766147182191307,0.010082065862969058,0.9166666666666666
9,11,0.03589885077648847,0.010082065862969058,0.9583333333333333
9,12,0.037102838196114124,0.010082065862969058,1.0
9,13,0.002858940760985483,0.010082065862969058,1.0416666666666665
9,14,0.0050637659169424695,0.010082065862969058,1.0833333333333333
9,15,0.03184597600391438,0.010082065862969058,1.125
9,16,0.023640723913413198,0.010082065862969058,1.1666666666666665
9,17,0.006824588234074479,0.010082065862969058,1.2083333333333333
9,18,0.05015095803156662,0.010082065862969058,1.25
9,19,0.030975232002805532,0.010082065862969058,1.2916666666666665
9,20,-0.01639040568334125,0.010082065862969058,1.3333333333333333
9,21,-0.03449047799054773,0.010082065862969058,1.375
9,22,0.022797720980746658,0.010082065862969058,1.4166666666666665
9,23,0.047941211003326926,0.010082065862969058,1.4583333333333333
9,24,0.03037483220554961,0.010082065862969058,1.5
10,0,-0.0013173222934550373,0.04814211123280327,0.5
10,1,0.0064665115502931456,0.04814211123280327,0.5416666666666666
10,2,0.01568317863827777,0.04814211123280327,0.5833333333333334
10,3,0.019727008349685746,0.04814211123280327,0.625
10,4,0.05869600494829687,0.04814211123280327,0.6666666666666666
10,5,0.04122293894458016,0.04814211123280327,0.7083333333333333
10,6,0.02479691648640934,0.04814211123280327,0.75
10,7,0.05846321035491399,0.04814211123280327,0.7916666666666666
10,8,0.03563847419200976,0.04814211123280327,0.8333333333333333
10,9,0.04235192578158432,0.04814211123280327,0.875
10,10,0.02786606107106925,0.04814211123280327,0.9166666666666666
10,11,0.05421135749137731,0.04814211123280327,0.9583333333333333
10,12,0.033777016761983594,0.04814211123280327,1.0
10,13,0.026226734822081453,0.04814211123280327,1.0416666666666665
10,14,0.014118556404950675,0.04814211123280327,1.0833333333333333
10,15,0.08307808862515237,0.04814211123280327,1.125
10,16,0.06418308675409905,0.04814211123280327,1.1666666666666665
10,17,0.04482069172348651,0.04814211123280327,1.2083333333333333
10,18,0.07299703480725216,0.04814211123280327,1.25
10,19,0.047759114884219245,0.04814211123280327,1.2916666666666665
10,20,0.06802085383619894,0.04814211123280327,1.3333333333333333
10,21,0.06446475143851892,0.04814211123280327,1.375
10,22,0.0851554027697091,0.04814211123280327,1.4166666666666665
10,23,0.08330180869317395,0.04814211123280327,1.4583333333333333
10,24,0.060234355210207535,0.04814211123280327,1.5
11,0,0.0560427716541938,0.07096170449019662,0.5
11,1,0.05955262790536241,0.07096170449019662,0.5416666666666666
11,2,0.07088312609186313,0.07096170449019662,0.5833333333333334
11,3,0.04790976237812217,0.07096170449019662,0.625
11,4,0.08629476543094336,0.07096170449019662,0.6666666666666666
11,5,0.07770302012948431,0.07096170449019662,0.7083333333333333
11,6,0.07247270427366383,0.07096170449019662,0.75
11,7,0.10448011764521933,0.07096170449019662,0.7916666666666666
11,8,0.09245092681642003,0.07096170449019662,0.8333333333333333
11,9,0.07521938368834336,0.07096170449019662,0.875
11,10,0.07752637150289224,0.07096170449019662,0.9166666666666666
11,11,0.061841043186133586,0.07096170449019662,0.9583333333333333
11,12,0.06607811331316964,0.07096170449019662,1.0
11,13,0.07509484340628604,0.07096170449019662,1.0416666666666665
11,14,0.09379091741455564,0.07096170449019662,1.0833333333333333
11,15,0.0637760861476419,0.07096170449019662,1.125
11,16,0.08882228755051638,0.07096170449019662,1.1666666666666665
11,17,0.10046935929047976,0.07096170449019662,1.2083333333333333
11,18,0.12355493444771327,0.07096170449019662,1.25
11,19,0.12093567290172781,0.07096170449019662,1.2916666666666665
11,20,0.11659664079402896,0.07096170449019662,1.3333333333333333
11,21,0.1268498639036994,0.07096170449019662,1.375
11,22,0.13399342161709976,0.07096170449019662,1.4166666666666665
11,23,0.11351203842912562,0.07096170449019662,1.4583333333333333
11,24,0.12476133392389395,0.07096170449019662,1.5
12,0,-0.04928166486253495,-0.05402540070342014,0.5
12,1,-0.009480556003885886,-0.05402540070342014,0.5416666666666666
12,2,-0.013688440772522986,-0.05402540070342014,0.5833333333333334
12,3,-0.015177685382455834,-0.05402540070342014,0.625
12,4,-0.006658521496558125,-0.05402540070342014,0.6666666666666666
12,5,-0.019095370421750905,-0.05402540070342014,0.7083333333333333
12,6,-0.06726111365354892,-0.05402540070342014,0.75
12,7,-0.02927094632476608,-0.05402540070342014,0.7916666666666666
12,8,-0.0454996968462485,-0.05402540070342014,0.8333333333333333
12,9,-0.037842362800691684,-0.05402540070342014,0.875
12,10,-0.0762279561970044,-0.05402540070342014,0.9166666666666666
12,11,-0.023373281533773122,-0.05402540070342014,0.9583333333333333
12,12,-0.07047028538467463,-0.05402540070342014,1.0
12,13,-0.05763881192507808,-0.05402540070342014,1.0416666666666665
12,14,-0.08680883747766764,-0.05402540070342014,1.0833333333333333
12,15,-0.03501389674305537,-0.05402540070342014,1.125
12,16,-0.04956368960934973,-0.05402540070342014,1.1666666666666665
12,17,-0.08987957126897757,-0.05402540070342014,1.2083333333333333
12,18,-0.03871555997853125,-0.05402540070342014,1.25
12,19,-0.0731076796732778,-0.05402540070342014,1.2916666666666665
12,20,-0.04355919093361328,-0.05402540070342014,1.3333333333333333
12,21,-0.07699001741682532,-0.05402540070342014,1.375
12,22,-0.0700179881815151,-0.05402540070342014,1.4166666666666665
12,23,-0.06679019155816263,-0.05402540070342014,1.4583333333333333
12,24,-0.05797962082953887,-0.05402540070342014,1.5
13,0,-0.06962846228023593,-0.0051132676611705345,0.5
13,1,-0.025516370199283555,-0.0051132676611705345,0.5416666666666666
13,2,-0.02795226748722752,-0.0051132676611705345,0.5833333333333334
13,3,-0.03981029648376433,-0.0051132676611705345,0.625
13,4,-0.02307484171897748,-0.0051132676611705345,0.6666666666666666
13,5,-0.02913183443908151,-0.0051132676611705345,0.7083333333333333
13,6,-0.05534147924212247,-0.0051132676611705345,0.75
13,7,0.005136394685093383,-0.0051132676611705345,0.7916666666666666
13,8,-0.03109728318239187,-0.0051132676611705345,0.8333333333333333
13,9,-0.0011709117661972907,-0.0051132676611705345,0.875
13,10,-0.030192909087262326,-0.0051132676611705345,0.9166666666666666
13,11,-0.004386960989692561,-0.0051132676611705345,0.9583333333333333
13,12,-0.02542622366485192,-0.0051132676611705345,1.0
13,13,-0.05611952754591392,-0.0051132676611705345,1.0416666666666665
13,14,-0.03217714376042458,-0.0051132676611705345,1.0833333333333333
13,15,-0.03189036536635397,-0.0051132676611705345,1.125
13,16,-0.03911125305782109,-0.0051132676611705345,1.1666666666666665
13,17,-0.02373372996357407,-0.0051132676611705345,1.2083333333333333
13,18,-0.025066044211003426,-0.0051132676611705345,1.25
13,19,-0.03157025418774455,-0.0051132676611705345,1.2916666666666665
13,20,-0.044147725310943055,-0.0051132676611705345,1.3333333333333333
13,21,-0.018994100088983674,-0.0051132676611705345,1.375
13,22,-0.02093792075765574,-0.0051132676611705345,1.4166666666666665
13,23,0.00027586566350942116,-0.0051132676611705345,1.4583333333333333
13,24,-0.03861353410106602,-0.0051132676611705345,1.5
14,0,0.050909242888969364,0.05375980078036974,0.5
14,1,0.07416576223759781,0.05375980078036974,0.5416666666666666
14,2,0.04217657691552163,0.05375980078036974,0.5833333333333334
14,3,0.06269360275505523,0.05375980078036974,0.625
14,4,0.012302168155452108,0.05375980078036974,0.6666666666666666
14,5,0.013267299048583134,0.05375980078036974,0.7083333333333333
14,6,0.0757638597256006,0.05375980078036974,0.75
14,7,0.05505969199646554,0.05375980078036974,0.7916666666666666
14,8,0.06581013165772139,0.05375980078036974,0.8333333333333333
14,9,0.028452049680897522,0.05375980078036974,0.875
14,10,0.0845734312702685,0.05375980078036974,0.9166666666666666
14,11,0.04580154685234607,0.05375980078036974,0.9583333333333333
14,12,0.10078794008390425,0.05375980078036974,1.0
14,13,0.06644701614766327,0.05375980078036974,1.0416666666666665
14,14,0.056876650674922175,0.05375980078036974,1.0833333333333333
14,15,0.06289155849232078,0.05375980078036974,1.125
14,16,0.07965257775796045,0.05375980078036974,1.1666666666666665
14,17,0.05415906218211289,0.05375980078036974,1.2083333333333333
14,18,0.08991311184847435,0.05375980078036974,1.25
14,19,0.0607440695384727,0.05375980078036974,1.2916666666666665
14,20,0.0815566886875084,0.05375980078036974,1.3333333333333333
14,21,0.1006030473191123,0.05375980078036974,1.375
14,22,0.09119047132501024,0.05375980078036974,1.4166666666666665
14,23,0.09260954820898526,0.05375980078036974,1.4583333333333333
14,24,0.09672774519490648,0.05375980078036974,1.5
15,0,0.016079472759570824,0.040472613074697204,0.5
15,1,0.005406378374589151,0.040472613074697204,0.5416666666666666
15,2,0.022924228462081385,0.040472613074697204,0.5833333333333334
15,3,0.029153363817912722,0.040472613074697204,0.625
15,4,0.0449606912496483,0.040472613074697204,0.6666666666666666
15,5,0.039515496045553725,0.040472613074697204,0.7083333333333333
15,6,0.02991598889193168,0.040472613074697204,0.75
15,7,0.00871459912341379,0.040472613074697204,0.7916666666666666
15,8,0.015908435020367293,0.040472613074697204,0.8333333333333333
15,9,0.062324612894769066,0.040472613074697204,0.875
15,10,0.027115403087177997,0.040472613074697204,0.9166666666666666
15,11,0.055874189409817296,0.040472613074697204,0.9583333333333333
15,12,0.02791331110571963,0.040472613074697204,1.0
15,13,0.07203685312206498,0.040472613074697204,1.0416666666666665
15,14,0.05694599622224908,0.040472613074697204,1.0833333333333333
15,15,0.05412341072268761,0.040472613074697204,1.125
15,16,0.05118236285137852,0.040472613074697204,1.1666666666666665
15,17,0.017969109088835786,0.040472613074697204,1.2083333333333333
15,18,0.02858819223361524,0.040472613074697204,1.25
15,19,0.05039769253873938,0.040472613074697204,1.2916666666666665
15,20,0.06580920383995528,0.040472613074697204,1.3333333333333333
15,21,0.029823898160269192,0.040472613074697204,1.375
15,22,0.047810743113768484,0.040472613074697204,1.4166666666666665
15,23,0.06566891211564455,0.040472613074697204,1.4583333333333333
15,24,0.08094451655446881,0.040472613074697204,1.5
16,0,-0.00724398650574875,-0.010681841751737713,0.5
16,1,-0.03878146138686227,-0.010681841751737713,0.5416666666666666
16,2,0.006623175641509293,-0.010681841751737713,0.5833333333333334
16,3,-0.001702087289431665,-0.010681841751737713,0.625
16,4,-0.04298754483383968,-0.010681841751737713,0.6666666666666666
16,5,-0.006713625826812708,-0.010681841751737713,0.7083333333333333
16,6,-0.04455859065165966,-0.010681841751737713,0.75
16,7,-0.03287021064973227,-0.010681841751737713,0.7916666666666666
16,8,0.026886258731083683,-0.010681841751737713,0.8333333333333333
16,9,-0.02383026003622786,-0.010681841751737713,0.875
16,10,-0.025931905472549515,-0.010681841751737713,0.9166666666666666
16,11,-0.0009871440471616554,-0.010681841751737713,0.9583333333333333
16,12,-0.01487401720097681,-0.010681841751737713,1.0
16,13,-0.015943172853911794,-0.010681841751737713,1.0416666666666665
16,14,-0.018155032931298436,-0.010681841751737713,1.0833333333333333
16,15,0.008640716906781622,-0.010681841751737713,1.125
16,16,-0.0071919475046758885,-0.010681841751737713,1.1666666666666665
16,17,-0.031357481091719236,-0.010681841751737713,1.2083333333333333
16,18,-0.04814130637665489,-0.010681841751737713,1.25
16,19,-0.039083608742372274,-0.010681841751737713,1.2916666666666665
16,20,-0.02429246243913328,-0.010681841751737713,1.3333333333333333
16,21,-0.035934026435878896,-0.010681841751737713,1.375
16,22,-0.019895437553817844,-0.010681841751737713,1.4166666666666665
16,23,-0.019532101602717095,-0.010681841751737713,1.4583333333333333
16,24,-0.04160951955266875,-0.010681841751737713,1.5
17,0,0.0139692638420888,-0.003981456676738762,0.5
17,1,0.05540543514283713,-0.003981456676738762,0.5416666666666666
17,2,-0.005302721072515697,-0.003981456676738762,0.5833333333333334
17,3,0.023423688581188425,-0.003981456676738762,0.625
17,4,0.019808656487822093,-0.003981456676738762,0.6666666666666666
17,5,-0.005111891598003404,-0.003981456676738762,0.7083333333333333
17,6,0.019552689077427944,-0.003981456676738762,0.75
17,7,-0.04570567065320043,-0.003981456676738762,0.7916666666666666
17,8,0.051741718852389124,-0.003981456676738762,0.8333333333333333
17,9,0.019275838986576657,-0.003981456676738762,0.875
17,10,0.02415284172659099,-0.003981456676738762,0.9166666666666666
17,11,0.02372398148283741,-0.003981456676738762,0.9583333333333333
17,12,0.011241520775568264,-0.003981456676738762,1.0
17,13,0.012652319211417396,-0.003981456676738762,1.0416666666666665
17,14,-0.009250678739104817,-0.003981456676738762,1.0833333333333333
17,15,0.021401983858679204,-0.003981456676738762,1.125
17,16,0.0026745351513123693,-0.003981456676738762,1.1666666666666665
17,17,0.02780305408078356,-0.003981456676738762,1.2083333333333333
17,18,0.018267604028965084,-0.003981456676738762,1.25
17,19,-0.008523557079624103,-0.003981456676738762,1.2916666666666665
17,20,-0.007292956975185012,-0.003981456676738762,1.3333333333333333
17,21,0.02560568191695547,-0.003981456676738762,1.375
17,22,0.014125926844162352,-0.003981456676738762,1.4166666666666665
17,23,-0.011720304962806082,-0.003981456676738762,1.4583333333333333
17,24,-0.01929061932941575,-0.003981456676738762,1.5
18,0,-0.02809479477389823,0.043747094193562756,0.5
18,1,-0.0048389633165866405,0.043747094193562756,0.5416666666666666
18,2,0.009466216719504057,0.043747094193562756,0.5833333333333334
18,3,-0.0019829990334071304,0.043747094193562756,0.625
18,4,0.03385823540799563,0.043747094193562756,0.6666666666666666
18,5,0.033914859563997236,0.043747094193562756,0.7083333333333333
18,6,0.01421377761865196,0.043747094193562756,0.75
18,7,0.014163310320732751,0.043747094193562756,0.7916666666666666
18,8,-0.008256544109585554,0.043747094193562756,0.8333333333333333
18,9,0.02649657799824074,0.043747094193562756,0.875
18,10,0.014932088868824713,0.043747094193562756,0.9166666666666666
18,11,0.023375384215581437,0.043747094193562756,0.9583333333333333
18,12,0.03507124613276198,0.043747094193562756,1.0
18,13,0.0385872935442043,0.043747094193562756,1.0416666666666665
18,14,0.022960933337300045,0.043747094193562756,1.0833333333333333
18,15,0.0346702917109848,0.043747094193562756,1.125
18,16,0.04893487264649407,0.043747094193562756,1.1666666666666665
18,17,0.0261773072769069,0.043747094193562756,1.2083333333333333
18,18,0.05012211712856592,0.043747094193562756,1.25
18,19,0.04152195734621676,0.043747094193562756,1.2916666666666665
18,20,0.030843929231506705,0.043747094193562756,1.3333333333333333
18,21,0.040345216141305096,0.043747094193562756,1.375
18,22,0.06118448382550512,0.043747094193562756,1.4166666666666665
18,23,0.06414997050938402,0.043747094193562756,1.4583333333333333
18,24,0.04136803109797292,0.043747094193562756,1.5
19,0,-0.0036952537718275835,-0.024652425528597546,0.5
19,1,-0.006180780083608953,-0.024652425528597546,0.5416666666666666
19,2,-0.03364111661268607,-0.024652425528597546,0.5833333333333334
19,3,-0.01803183371593059,-0.024652425528597546,0.625
19,4,-0.026924309355714608,-0.024652425528597546,0.6666666666666666
19,5,-0.03097255603724601,-0.024652425528597546,0.7083333333333333
19,6,-0.05870501603478802,-0.024652425528597546,0.75
19,7,-0.007464341622139745,-0.024652425528597546,0.7916666666666666
19,8,-0.01831853425708421,-0.024652425528597546,0.8333333333333333
19,9,-0.02359949987737752,-0.024652425528597546,0.875
19,10,-0.04098011236008653,-0.024652425528597546,0.9166666666666666
19,11,-0.02264800751243221,-0.024652425528597546,0.9583333333333333
19,12,-0.02262548692634406,-0.024652425528597546,1.0
19,13,-0.020531476986965745,-0.024652425528597546,1.0416666666666665
19,14,-0.015575454539419947,-0.024652425528597546,1.0833333333333333
19,15,-0.044569755392385314,-0.024652425528597546,1.125
19,16,-0.03842586643735507,-0.024652425528597546,1.1666666666666665
19,17,-0.007497694733825101,-0.024652425528597546,1.2083333333333333
19,18,-0.022740440452358887,-0.024652425528597546,1.25
19,19,-0.0638163544618061,-0.024652425528597546,1.2916666666666665
19,20,-0.008812352896116413,-0.024652425528597546,1.3333333333333333
19,21,-0.037339057483598656,-0.024652425528597546,1.375
19,22,-0.04454609931852072,-0.024652425528597546,1.4166666666666665
19,23,-0.030162677969196645,-0.024652425528597546,1.4583333333333333
19,24,-0.07657200649616917,-0.024652425528597546,1.5
20,0,0.015130425219934934,0.014329149243332744,0.5
20,1,-0.0010744748781362293,0.014329149243332744,0.5416666666666666
20,2,0.019695384155064024,0.014329149243332744,0.5833333333333334
20,3,0.0005046881721914266,0.014329149243332744,0.625
20,4,0.00680822032186453,0.014329149243332744,0.6666666666666666
20,5,0.022530948055647843,0.014329149243332744,0.7083333333333333
20,6,0.019072828872327575,0.014329149243332744,0.75
20,7,-0.010362742608596112,0.014329149243332744,0.7916666666666666
20,8,0.024182180698833385,0.014329149243332744,0.8333333333333333
20,9,0.027359010054276107,0.014329149243332744,0.875
20,10,0.038840978406397615,0.014329149243332744,0.9166666666666666
20,11,0.00817590221091086,0.014329149243332744,0.9583333333333333
20,12,0.027963618905274074,0.014329149243332744,1.0
20,13,-3.8646712619506626e-05,0.014329149243332744,1.0416666666666665
20,14,0.06236169863052626,0.014329149243332744,1.0833333333333333
20,15,0.015123949689491729,0.014329149243332744,1.125
20,16,0.014424401854982756,0.014329149243332744,1.1666666666666665
20,17,0.011049828370776914,0.014329149243332744,1.2083333333333333
20,18,0.0017351918123452333,0.014329149243332744,1.25
20,19,0.015970184494091166,0.014329149243332744,1.2916666666666665
20,20,0.011264383568384054,0.014329149243332744,1.3333333333333333
20,21,0.043210069875846524,0.014329149243332744,1.375
20,22,0.03911142296923362,0.014329149243332744,1.4166666666666665
20,23,0.020667913158453205,0.014329149243332744,1.4583333333333333
20,24,0.04970344968462309,0.014329149243332744,1.5
21,0,0.026317166091863735,0.06234891700167598,0.5
21,1,0.03532684440432762,0.06234891700167598,0.5416666666666666
21,2,0.0605393566567544,0.06234891700167598,0.5833333333333334
21,3,0.05146237584207027,0.06234891700167598,0.625
21,4,0.04654533459161438,0.06234891700167598,0.6666666666666666
21,5,0.03173667235664104,0.06234891700167598,0.7083333333333333
21,6,0.03577445780718938,0.06234891700167598,0.75
21,7,0.03693577761841002,0.06234891700167598,0.7916666666666666
21,8,0.0414886543917988,0.06234891700167598,0.8333333333333333
21,9,0.06764703291421406,0.06234891700167598,0.875
21,10,0.07736486557773148,0.06234891700167598,0.9166666666666666
21,11,0.06282669596246966,0.06234891700167598,0.9583333333333333
21,12,0.08396311352426193,0.06234891700167598,1.0
21,13,0.06260114328356196,0.06234891700167598,1.0416666666666665
21,14,0.04386722916284921,0.06234891700167598,1.0833333333333333
21,15,0.05231813476756965,0.06234891700167598,1.125
21,16,0.051231066775273074,0.06234891700167598,1.1666666666666665
21,17,0.0773277186092625,0.06234891700167598,1.2083333333333333
21,18,0.12560004211306716,0.06234891700167598,1.25
21,19,0.07377808501125632,0.06234891700167598,1.2916666666666665
21,20,0.07516350153424017,0.06234891700167598,1.3333333333333333
21,21,0.08766043120404005,0.06234891700167598,1.375
21,22,0.10562577813004553,0.06234891700167598,1.4166666666666665
21,23,0.07970816082937739,0.06234891700167598,1.4583333333333333
21,24,0.07506198281015924,0.06234891700167598,1.5
22,0,-0.04406824781217316,-0.05356416041947629,0.5
22,1,-0.0398721845645013,-0.05356416041947629,0.5416666666666666
22,2,-0.032383999654995124,-0.05356416041947629,0.5833333333333334
22,3,-0.045466921458258515,-0.05356416041947629,0.625
22,4,-0.07365154811065514,-0.05356416041947629,0.6666666666666666
22,5,-0.053822190406252995,-0.05356416041947629,0.7083333333333333
22,6,-0.04344050232833775,-0.05356416041947629,0.75
22,7,-0.04894793801500768,-0.05356416041947629,0.7916666666666666
22,8,-0.033109330882510224,-0.05356416041947629,0.8333333333333333
22,9,-0.060220280674342666,-0.05356416041947629,0.875
22,10,-0.06814981756676933,-0.05356416041947629,0.9166666666666666
22,11,-0.07139156621089227,-0.05356416041947629,0.9583333333333333
22,12,-0.07443515092033993,-0.05356416041947629,1.0
22,13,-0.08793681568622089,-0.05356416041947629,1.0416666666666665
22,14,-0.06576757001394608,-0.05356416041947629,1.0833333333333333
22,15,-0.061724418109425964,-0.05356416041947629,1.125
22,16,-0.05657282813214331,-0.05356416041947629,1.1666666666666665
22,17,-0.09426053661021493,-0.05356416041947629,1.2083333333333333
22,18,-0.04119612265017237,-0.05356416041947629,1.25
22,19,-0.056203968416996083,-0.05356416041947629,1.2916666666666665
22,20,-0.05632775626148857,-0.05356416041947629,1.3333333333333333
22,21,-0.10591786017401272,-0.05356416041947629,1.375
22,22,-0.0957898040600727,-0.05356416041947629,1.4166666666666665
22,23,-0.08858569674926417,-0.05356416041947629,1.4583333333333333
22,24,-0.08371238696363335,-0.05356416041947629,1.5
23,0,0.027625753119952925,-0.05303234133327014,0.5
23,1,-0.03691803317231787,-0.05303234133327014,0.5416666666666666
23,2,-0.0424027971631258,-0.05303234133327014,0.5833333333333334
23,3,-0.015274724474731077,-0.05303234133327014,0.625
23,4,-0.022206145260695337,-0.05303234133327014,0.6666666666666666
23,5,-0.0012353895651945196,-0.05303234133327014,0.7083333333333333
23,6,-0.035499371739882046,-0.05303234133327014,0.75
23,7,-0.03072372153603716,-0.05303234133327014,0.7916666666666666
23,8,-0.02308809807805846,-0.05303234133327014,0.8333333333333333
23,9,-0.01300587912040864,-0.05303234133327014,0.875
23,10,-0.050266391389991436,-0.05303234133327014,0.9166666666666666
23,11,-0.029049965207927176,-0.05303234133327014,0.9583333333333333
23,12,-0.04321497013355648,-0.05303234133327014,1.0
23,13,-0.02719832460399829,-0.05303234133327014,1.0416666666666665
23,14,-0.06634953789480197,-0.05303234133327014,1.0833333333333333
23,15,-0.07452258577623,-0.05303234133327014,1.125
23,16,-0.04763049853866798,-0.05303234133327014,1.1666666666666665
23,17,-0.06489202711617584,-0.05303234133327014,1.2083333333333333
23,18,-0.013023455312942175,-0.05303234133327014,1.25
23,19,-0.05417677112758276,-0.05303234133327014,1.2916666666666665
23,20,-0.05356385344582263,-0.05303234133327014,1.3333333333333333
23,21,-0.08104585161588192,-0.05303234133327014,1.375
23,22,-0.0945806015815389,-0.05303234133327014,1.4166666666666665
23,23,-0.07805009603682402,-0.05303234133327014,1.4583333333333333
23,24,-0.0413534561211345,-0.05303234133327014,1.5
24,0,0.018154053565877588,0.04563385267053284,0.5
24,1,-0.004286298108617016,0.04563385267053284,0.5416666666666666
24,2,0.028394557575531696,0.04563385267053284,0.5833333333333334
24,3,0.03516019504530634,0.04563385267053284,0.625
24,4,0.02852442998277583,0.04563385267053284,0.6666666666666666
24,5,0.01775539842672139,0.04563385267053284,0.7083333333333333
24,6,0.05310347950065107,0.04563385267053284,0.75
24,7,0.05217867293481593,0.04563385267053284,0.7916666666666666
24,8,0.035026468847213214,0.04563385267053284,0.8333333333333333
24,9,0.045640122298466645,0.04563385267053284,0.875
24,10,0.036296081823770074,0.04563385267053284,0.9166666666666666
24,11,0.04551781970155291,0.04563385267053284,0.9583333333333333
24,12,0.03023770138406617,0.04563385267053284,1.0
24,13,0.048619917370783264,0.04563385267053284,1.0416666666666665
24,14,0.03421792154137253,0.04563385267053284,1.0833333333333333
24,15,0.0423108785040108,0.04563385267053284,1.125
24,16,0.05870712467681364,0.04563385267053284,1.1666666666666665
24,17,0.06519887134752998,0.04563385267053284,1.2083333333333333
24,18,0.04386550718486583,0.04563385267053284,1.25
24,19,0.05539566797941269,0.04563385267053284,1.2916666666666665
24,20,0.056710018282430885,0.04563385267053284,1.3333333333333333
24,21,0.07579029533035218,0.04563385267053284,1.375
24,22,0.09590455657500335,0.04563385267053284,1.4166666666666665
24,23,0.08046243308571548,0.04563385267053284,1.4583333333333333
24,24,0.04405203484182542,0.04563385267053284,1.5
25,0,-0.005384985561546967,-0.029329217044379928,0.5
25,1,-0.03263061038903185,-0.029329217044379928,0.5416666666666666
25,2,-0.01112661962431661,-0.029329217044379928,0.5833333333333334
25,3,-0.026529518491316864,-0.029329217044379928,0.625
25,4,0.003533197553008665,-0.029329217044379928,0.6666666666666666
25,5,0.03335845127886683,-0.029329217044379928,0.7083333333333333
25,6,0.015259737740901287,-0.029329217044379928,0.75
25,7,-0.029057319949569525,-0.029329217044379928,0.7916666666666666
25,8,-0.037740465957115985,-0.029329217044379928,0.8333333333333333
25,9,-0.032399246820812286,-0.029329217044379928,0.875
25,10,-0.027892561270172596,-0.029329217044379928,0.9166666666666666
25,11,-0.02340544296951386,-0.029329217044379928,0.9583333333333333
25,12,-0.03657722956235114,-0.029329217044379928,1.0
25,13,-0.04263541847343601,-0.029329217044379928,1.0416666666666665
25,14,-0.024502274033736712,-0.029329217044379928,1.0833333333333333
25,15,-0.0038105676209140363,-0.029329217044379928,1.125
25,16,-0.009803799697379486,-0.029329217044379928,1.1666666666666665
25,17,-0.034282713449690194,-0.029329217044379928,1.2083333333333333
25,18,-0.035664182761334415,-0.029329217044379928,1.25
25,19,-0.02315042665643165,-0.029329217044379928,1.2916666666666665
25,20,-0.02964999665658539,-0.029329217044379928,1.3333333333333333
25,21,-0.04161519499201072,-0.029329217044379928,1.375
25,22,-0.007522393836506151,-0.029329217044379928,1.4166666666666665
25,23,-0.0394831574038198,-0.029329217044379928,1.4583333333333333
25,24,-0.03798767855255523,-0.029329217044379928,1.5
26,0,-0.012137580982669885,-0.008647355030230458,0.5
26,1,0.03790091037574786,-0.008647355030230458,0.5416666666666666
26,2,-0.0230239641059782,-0.008647355030230458,0.5833333333333334
26,3,-0.012215882838195812,-0.008647355030230458,0.625
26,4,-0.006005939825766047,-0.008647355030230458,0.6666666666666666
26,5,-0.020314239847659635,-0.008647355030230458,0.7083333333333333
26,6,0.017215230218538546,-0.008647355030230458,0.75
26,7,-0.0007960191828964387,-0.008647355030230458,0.7916666666666666
26,8,-0.01149504825876872,-0.008647355030230458,0.8333333333333333
26,9,0.05427154758991955,-0.008647355030230458,0.875
26,10,-0.009935755171619598,-0.008647355030230458,0.9166666666666666
26,11,-0.019481285437806767,-0.008647355030230458,0.9583333333333333
26,12,-0.015220909008325175,-0.008647355030230458,1.0
26,13,0.015230680334477588,-0.008647355030230458,1.0416666666666665
26,14,-0.01571228892127348,-0.008647355030230458,1.0833333333333333
26,15,-0.015025251807181018,-0.008647355030230458,1.125
26,16,-0.007529515932569282,-0.008647355030230458,1.1666666666666665
26,17,-0.02589646465141058,-0.008647355030230458,1.2083333333333333
26,18,0.000587089958785203,-0.008647355030230458,1.25
26,19,-0.001854641815439974,-0.008647355030230458,1.2916666666666665
26,20,-0.028747449458127905,-0.008647355030230458,1.3333333333333333
26,21,-0.01448452872614108,-0.008647355030230458,1.375
26,22,-0.021908387360681472,-0.008647355030230458,1.4166666666666665
26,23,0.012797116351030098,-0.008647355030230458,1.4583333333333333
26,24,-0.0006109407224451392,-0.008647355030230458,1.5
27,0,-0.01679205053467738,-0.05538820132093649,0.5
27,1,-0.02750670683793682,-0.05538820132093649,0.5416666666666666
27,2,-0.06027660005984184,-0.05538820132093649,0.5833333333333334
27,3,-0.015912845527996832,-0.05538820132093649,0.625
27,4,-0.02532171273226161,-0.05538820132093649,0.6666666666666666
27,5,-0.06917908557129149,-0.05538820132093649,0.7083333333333333
27,6,-0.043731348475678306,-0.05538820132093649,0.75
27,7,-0.043037996176339514,-0.05538820132093649,0.7916666666666666
27,8,-0.05732414737367309,-0.05538820132093649,0.8333333333333333
27,9,-0.04847919743118821,-0.05538820132093649,0.875
27,10,-0.05593435789711211,-0.05538820132093649,0.9166666666666666
27,11,-0.04897406983155032,-0.05538820132093649,0.9583333333333333
27,12,-0.03565055457286925,-0.05538820132093649,1.0
27,13,-0.058392810687103794,-0.05538820132093649,1.0416666666666665
27,14,-0.04390659413266911,-0.05538820132093649,1.0833333333333333
27,15,-0.04310331964524018,-0.05538820132093649,1.125
27,16,-0.07717402920669961,-0.05538820132093649,1.1666666666666665
27,17,-0.05692155389221412,-0.05538820132093649,1.2083333333333333
27,18,-0.06732058530719308,-0.05538820132093649,1.25
27,19,-0.09474277064122257,-0.05538820132093649,1.2916666666666665
27,20,-0.08387488426185039,-0.05538820132093649,1.3333333333333333
27,21,-0.08228017912953563,-0.05538820132093649,1.375
27,22,-0.08262162622863146,-0.05538820132093649,1.4166666666666665
27,23,-0.08528552804685466,-0.05538820132093649,1.4583333333333333
27,24,-0.10520406694055599,-0.05538820132093649,1.5
28,0,0.02778265145822021,-0.008063020445542414,0.5
28,1,0.0020270803094603147,-0.008063020445542414,0.5416666666666666
28,2,-0.0334760899663026,-0.008063020445542414,0.5833333333333334
28,3,-0.004911850623423204,-0.008063020445542414,0.625
28,4,0.0024750301424546787,-0.008063020445542414,0.6666666666666666
28,5,0.014629798746411835,-0.008063020445542414,0.7083333333333333
28,6,0.00732472643009034,-0.008063020445542414,0.75
28,7,0.02239247652446228,-0.008063020445542414,0.7916666666666666
28,8,0.018665109096131786,-0.008063020445542414,0.8333333333333333
28,9,-0.00890569072123881,-0.008063020445542414,0.875
28,10,0.004969874548684276,-0.008063020445542414,0.9166666666666666
28,11,0.03044805102656544,-0.008063020445542414,0.9583333333333333
28,12,0.0013571549432526697,-0.008063020445542414,1.0
28,13,0.006890995490873868,-0.008063020445542414,1.0416666666666665
28,14,-0.0274871706758244,-0.008063020445542414,1.0833333333333333
28,15,-0.03603716860138749,-0.008063020445542414,1.125
28,16,-0.018428934775759638,-0.008063020445542414,1.1666666666666665
28,17,-0.017622174773469952,-0.008063020445542414,1.2083333333333333
28,18,-0.016697156624316797,-0.008063020445542414,1.25
28,19,0.012455819627673307,-0.008063020445542414,1.2916666666666665
28,20,0.02417388206852614,-0.008063020445542414,1.3333333333333333
28,21,0.02823988015653296,-0.008063020445542414,1.375
28,22,-0.00965834139579113,-0.008063020445542414,1.4166666666666665
28,23,-0.005911947748071231,-0.008063020445542414,1.4583333333333333
28,24,0.018940959416762798,-0.008063020445542414,1.5
29,0,-0.0003870069693424835,0.03159672459940426,0.5
29,1,-0.021564748397935707,0.03159672459940426,0.5416666666666666
29,2,-0.022133721657386855,0.03159672459940426,0.5833333333333334
29,3,0.0016435513770654865,0.03159672459940426,0.625
29,4,-0.0054652551064812704,0.03159672459940426,0.6666666666666666
29,5,-0.006060923242731688,0.03159672459940426,0.7083333333333333
29,6,-0.012006005907425461,0.03159672459940426,0.75
29,7,0.0050167090609035195,0.03159672459940426,0.7916666666666666
29,8,-0.0022586843798178755,0.03159672459940426,0.8333333333333333
29,9,-0.02375871158924985,0.03159672459940426,0.875
29,10,0.0008129164703296644,0.03159672459940426,0.9166666666666666
29,11,0.004186116806795093,0.03159672459940426,0.9583333333333333
29,12,0.00166162812893517,0.03159672459940426,1.0
29,13,0.0005051818030526317,0.03159672459940426,1.0416666666666665
29,14,0.01679448393862661,0.03159672459940426,1.0833333333333333
29,15,-0.00959863506774563,0.03159672459940426,1.125
29,16,0.02180276355122297,0.03159672459940426,1.1666666666666665
29,17,-0.013851643595676949,0.03159672459940426,1.2083333333333333
29,18,0.010347914063669285,0.03159672459940426,1.25
29,19,0.02112118053712818,0.03159672459940426,1.2916666666666665
29,20,0.024026566237004977,0.03159672459940426,1.3333333333333333
29,21,0.03735510241000887,0.03159672459940426,1.375
29,22,0.034900939104235355,0.03159672459940426,1.4166666666666665
29,23,0.017147766349806776,0.03159672459940426,1.4583333333333333
29,24,0.03236801404196728,0.03159672459940426,1.5
30,0,0.02399689407976836,0.03356956666650639,0.5
30,1,0.015639667664767928,0.03356956666650639,0.5416666666666666
30,2,-0.002586197316248224,0.03356956666650639,0.5833333333333334
30,3,0.020297483580171635,0.03356956666650639,0.625
30,4,-0.024795616310897075,0.03356956666650639,0.6666666666666666
30,5,0.007049290781348749,0.03356956666650639,0.7083333333333333
30,6,0.003604344632992921,0.03356956666650639,0.75
30,7,0.019182782333062476,0.03356956666650639,0.7916666666666666
30,8,0.03110514580546678,0.03356956666650639,0.8333333333333333
30,9,0.014876253996561535,0.03356956666650639,0.875
30,10,0.01881822362838105,0.03356956666650639,0.9166666666666666
30,11,0.022287611608477316,0.03356956666650639,0.9583333333333333
30,12,0.02977850345440279,0.03356956666650639,1.0
30,13,0.02619859626622121,0.03356956666650639,1.0416666666666665
30,14,0.019101012523822194,0.03356956666650639,1.0833333333333333
30,15,0.014524031018287129,0.03356956666650639,1.125
30,16,0.030497577568973866,0.03356956666650639,1.1666666666666665
30,17,0.025035711480621413,0.03356956666650639,1.2083333333333333
30,18,0.04690670735307509,0.03356956666650639,1.25
30,19,0.0634556207285128,0.03356956666650639,1.2916666666666665
30,20,0.03289500267058445,0.03356956666650639,1.3333333333333333
30,21,0.007790802037635269,0.03356956666650639,1.375
30,22,0.05916280114473007,0.03356956666650639,1.4166666666666665
30,23,0.04248072640937172,0.03356956666650639,1.4583333333333333
30,24,0.0276121882047732,0.03356956666650639,1.5
31,0,0.032487857200442914,0.036290094611051676,0.5
31,1,0.05515619319534481,0.036290094611051676,0.5416666666666666
31,2,0.030452158241021994,0.036290094611051676,0.5833333333333334
31,3,0.04389751997221822,0.036290094611051676,0.625
31,4,0.05009069710668909,0.036290094611051676,0.6666666666666666
31,5,0.05186010749861535,0.036290094611051676,0.7083333333333333
31,6,0.054435309655345,0.036290094611051676,0.75
31,7,0.014003544302959319,0.036290094611051676,0.7916666666666666
31,8,0.03230325020348232,0.036290094611051676,0.8333333333333333
31,9,0.04334495399373306,0.036290094611051676,0.875
31,10,0.051527135918659754,0.036290094611051676,0.9166666666666666
31,11,0.06468852797613422,0.036290094611051676,0.9583333333333333
31,12,0.04286428989650713,0.036290094611051676,1.0
31,13,0.03184415746684788,0.036290094611051676,1.0416666666666665
31,14,0.03863443160436534,0.036290094611051676,1.0833333333333333
31,15,0.03130262023222632,0.036290094611051676,1.125
31,16,0.024407634922314753,0.036290094611051676,1.1666666666666665
31,17,0.05055776042065373,0.036290094611051676,1.2083333333333333
31,18,0.04350977056987985,0.036290094611051676,1.25
31,19,0.0252080272565183,0.036290094611051676,1.2916666666666665
31,20,0.08038946654729343,0.036290094611051676,1.3333333333333333
31,21,0.06252963052387389,0.036290094611051676,1.375
31,22,0.0537570469296688,0.036290094611051676,1.4166666666666665
31,23,0.04408463479490461,0.036290094611051676,1.4583333333333333
31,24,0.040276001053347735,0.036290094611051676,1.5
32,0,-0.0346259751021155,-0.05122199081279226,0.5
32,1,-0.013278156144503936,-0.05122199081279226,0.5416666666666666
32,2,-0.01888059057767076,-0.05122199081279226,0.5833333333333334
32,3,-0.045826060221592926,-0.05122199081279226,0.625
32,4,-0.010610274061469072,-0.05122199081279226,0.6666666666666666
32,5,-0.03967742581519138,-0.05122199081279226,0.7083333333333333
32,6,-0.01612456406484566,-0.05122199081279226,0.75
32,7,-0.0368469082285108,-0.05122199081279226,0.7916666666666666
32,8,-0.007531931274353913,-0.05122199081279226,0.8333333333333333
32,9,-0.025576781562348862,-0.05122199081279226,0.875
32,10,-0.056266227885644476,-0.05122199081279226,0.9166666666666666
32,11,-0.054731859063397295,-0.05122199081279226,0.9583333333333333
32,12,-0.035540832738098126,-0.05122199081279226,1.0
32,13,-0.05195150764940099,-0.05122199081279226,1.0416666666666665
32,14,-0.047662108810246386,-0.05122199081279226,1.0833333333333333
32,15,-0.008916898591409206,-0.05122199081279226,1.125
32,16,-0.03543184115393132,-0.05122199081279226,1.1666666666666665
32,17,-0.04503376452324015,-0.05122199081279226,1.2083333333333333
32,18,-0.06368651422479622,-0.05122199081279226,1.25
32,19,-0.05978757838385243,-0.05122199081279226,1.2916666666666665
32,20,-0.051461962700020944,-0.05122199081279226,1.3333333333333333
32,21,-0.08177812134437736,-0.05122199081279226,1.375
32,22,-0.07675419501105434,-0.05122199081279226,1.4166666666666665
32,23,-0.07583324117194143,-0.05122199081279226,1.4583333333333333
32,24,-0.04837301733956407,-0.05122199081279226,1.5
33,0,0.00877524955762386,-0.01115517195732772,0.5
33,1,0.014405001801631415,-0.01115517195732772,0.5416666666666666
33,2,-0.016877839913402973,-0.01115517195732772,0.5833333333333334
33,3,0.01350258231839478,-0.01115517195732772,0.625
33,4,-0.01844886291246145,-0.01115517195732772,0.6666666666666666
33,5,-0.004864978870566524,-0.01115517195732772,0.7083333333333333
33,6,0.01693612530461965,-0.01115517195732772,0.75
33,7,-0.00870890152838337,-0.01115517195732772,0.7916666666666666
33,8,-0.023930631504854364,-0.01115517195732772,0.8333333333333333
33,9,0.028454288421132262,-0.01115517195732772,0.875
33,10,-0.0030167722227872583,-0.01115517195732772,0.9166666666666666
33,11,-0.004773531916801432,-0.01115517195732772,0.9583333333333333
33,12,-0.022160314648381283,-0.01115517195732772,1.0
33,13,-0.0072098875260867045,-0.01115517195732772,1.0416666666666665
33,14,0.010727901003165112,-0.01115517195732772,1.0833333333333333
33,15,-0.00540608100926815,-0.01115517195732772,1.125
33,16,-0.0313173304912781,-0.01115517195732772,1.1666666666666665
33,17,-0.008954821986272017,-0.01115517195732772,1.2083333333333333
33,18,-0.015515006770658486,-0.01115517195732772,1.25
33,19,-0.020956349604311413,-0.01115517195732772,1.2916666666666665
33,20,0.000817336877384247,-0.01115517195732772,1.3333333333333333
33,21,-0.024044472033511923,-0.01115517195732772,1.375
33,22,-0.032508024114182126,-0.01115517195732772,1.4166666666666665
33,23,-0.006312915741947343,-0.01115517195732772,1.4583333333333333
33,24,-0.01729074229390143,-0.01115517195732772,1.5
34,0,-0.0395134024377237,-0.02140047431119855,0.5
34,1,-0.012402220334078624,-0.02140047431119855,0.5416666666666666
34,2,-0.05372589867781909,-0.02140047431119855,0.5833333333333334
34,3,-0.01321178147028729,-0.02140047431119855,0.625
34,4,-0.037345236443155676,-0.02140047431119855,0.6666666666666666
34,5,-0.018922845002550273,-0.02140047431119855,0.7083333333333333
34,6,-0.03544037721777071,-0.02140047431119855,0.75
34,7,-0.020871611024629658,-0.02140047431119855,0.7916666666666666
34,8,-0.0479743996519831,-0.02140047431119855,0.8333333333333333
34,9,-0.026512695219795688,-0.02140047431119855,0.875
34,10,-0.04498694569328422,-0.02140047431119855,0.9166666666666666
34,11,-0.04168250290212592,-0.02140047431119855,0.9583333333333333
34,12,-0.04314813738871742,-0.02140047431119855,1.0
34,13,-0.018723737510871953,-0.02140047431119855,1.0416666666666665
34,14,-0.030031790471353844,-0.02140047431119855,1.0833333333333333
34,15,-0.032909773483442956,-0.02140047431119855,1.125
34,16,-0.06098920094693959,-0.02140047431119855,1.1666666666666665
34,17,-0.03717173655514438,-0.02140047431119855,1.2083333333333333
34,18,-0.05496621244413165,-0.02140047431119855,1.25
34,19,-0.03497652123740197,-0.02140047431119855,1.2916666666666665
34,20,-0.06233191160347587,-0.02140047431119855,1.3333333333333333
34,21,-0.026241683677219213,-0.02140047431119855,1.375
34,22,-0.0307434177817695,-0.02140047431119855,1.4166666666666665
34,23,-0.0732360726072008,-0.02140047431119855,1.4583333333333333
34,24,-0.05126536849318894,-0.02140047431119855,1.5
35,0,-0.018491380614879163,0.000974365437816609,0.5
35,1,-0.002745334948097421,0.000974365437816609,0.5416666666666666
35,2,-0.021995917748225288,0.000974365437816609,0.5833333333333334
35,3,0.016589792259028464,0.000974365437816609,0.625
35,4,-0.004726009010438961,0.000974365437816609,0.6666666666666666
35,5,0.0020642077218705045,0.000974365437816609,0.7083333333333333
35,6,-0.020234241693765056,0.000974365437816609,0.75
35,7,0.02222955926802867,0.000974365437816609,0.7916666666666666
35,8,0.023979783880606675,0.000974365437816609,0.8333333333333333
35,9,-0.0026029675092385796,0.000974365437816609,0.875
35,10,-0.023406795185179408,0.000974365437816609,0.9166666666666666
35,11,0.011297104065778264,0.000974365437816609,0.9583333333333333
35,12,4.564280511388532e-05,0.000974365437816609,1.0
35,13,0.01445705424421351,0.000974365437816609,1.0416666666666665
35,14,-0.011858446719417973,0.000974365437816609,1.0833333333333333
35,15,-0.01417036135606182,0.000974365437816609,1.125
35,16,0.004041368128801739,0.000974365437816609,1.1666666666666665
35,17,0.001068691482608024,0.000974365437816609,1.2083333333333333
35,18,-0.002980767090253973,0.000974365437816609,1.25
35,19,-0.017549185964755683,0.000974365437816609,1.2916666666666665
35,20,-0.015736776506090785,0.000974365437816609,1.3333333333333333
35,21,0.01211959973847033,0.000974365437816609,1.375
35,22,0.020323101448937085,0.000974365437816609,1.4166666666666665
35,23,-0.028256714512297988,0.000974365437816609,1.4583333333333333
35,24,-0.014950100959175198,0.000974365437816609,1.5
36,0,0.035528623402267215,0.05178348958873465,0.5
36,1,0.032700514665530304,0.05178348958873465,0.5416666666666666
36,2,0.025911595740754467,0.05178348958873465,0.5833333333333334
36,3,0.019885322043735172,0.05178348958873465,0.625
36,4,0.044738863153909056,0.05178348958873465,0.6666666666666666
36,5,0.03813240370875285,0.05178348958873465,0.7083333333333333
36,6,0.00521693759384996,0.05178348958873465,0.75
36,7,0.021846844620510144,0.05178348958873465,0.7916666666666666
36,8,0.03987879707385174,0.05178348958873465,0.8333333333333333
36,9,-0.010881213519634836,0.05178348958873465,0.875
36,10,0.009699582619759832,0.05178348958873465,0.9166666666666666
36,11,0.03778365248560523,0.05178348958873465,0.9583333333333333
36,12,0.02540206298961054,0.05178348958873465,1.0
36,13,0.05047264438863989,0.05178348958873465,1.0416666666666665
36,14,0.04907210663418647,0.05178348958873465,1.0833333333333333
36,15,0.02512781883585207,0.05178348958873465,1.125
36,16,0.0452726407650975,0.05178348958873465,1.1666666666666665
36,17,0.058976358259708025,0.05178348958873465,1.2083333333333333
36,18,0.03939100495320412,0.05178348958873465,1.25
36,19,0.047824520783183055,0.05178348958873465,1.2916666666666665
36,20,0.03408772623530912,0.05178348958873465,1.3333333333333333
36,21,0.06830524900957598,0.05178348958873465,1.375
36,22,0.08506188055929487,0.05178348958873465,1.4166666666666665
36,23,0.06553563609437771,0.05178348958873465,1.4583333333333333
36,24,0.08954074536629775,0.05178348958873465,1.5
37,0,0.03377224541047541,0.019088391434246323,0.5
37,1,0.03118549346963614,0.019088391434246323,0.5416666666666666
37,2,0.02661289889270082,0.019088391434246323,0.5833333333333334
37,3,0.03579948465784019,0.019088391434246323,0.625
37,4,0.03764328879631024,0.019088391434246323,0.6666666666666666
37,5,0.04531343522756588,0.019088391434246323,0.7083333333333333
37,6,0.014684934907907628,0.019088391434246323,0.75
37,7,0.04910437127827242,0.019088391434246323,0.7916666666666666
37,8,0.036251499315051595,0.019088391434246323,0.8333333333333333
37,9,0.03546392635212131,0.019088391434246323,0.875
37,10,0.04915820564662112,0.019088391434246323,0.9166666666666666
37,11,0.05011896854179375,0.019088391434246323,0.9583333333333333
37,12,0.027364724776847642,0.019088391434246323,1.0
37,13,0.038237667980908246,0.019088391434246323,1.0416666666666665
37,14,0.0403307727205018,0.019088391434246323,1.0833333333333333
37,15,0.013911297659332768,0.019088391434246323,1.125
37,16,0.027575345740020143,0.019088391434246323,1.1666666666666665
37,17,0.025434873031458978,0.019088391434246323,1.2083333333333333
37,18,0.01882950035059199,0.019088391434246323,1.25
37,19,0.02319362826428212,0.019088391434246323,1.2916666666666665
37,20,0.02346599122476183,0.019088391434246323,1.3333333333333333
37,21,0.03573715235905746,0.019088391434246323,1.375
37,22,0.04145533455756319,0.019088391434246323,1.4166666666666665
37,23,0.044919862069739636,0.019088391434246323,1.4583333333333333
37,24,0.01770377458483534,0.019088391434246323,1.5
38,0,-0.023638990559158374,0.000530902380918654,0.5
38,1,-0.006910561633348906,0.000530902380918654,0.5416666666666666
38,2,0.006153930876288251,0.000530902380918654,0.5833333333333334
38,3,-0.03441557921148339,0.000530902380918654,0.625
38,4,-0.00015694429768046606,0.000530902380918654,0.6666666666666666
38,5,-0.028741044910179238,0.000530902380918654,0.7083333333333333
38,6,0.0014786979810233322,0.000530902380918654,0.75
38,7,4.8304011604308216e-05,0.000530902380918654,0.7916666666666666
38,8,-0.015647933439402118,0.000530902380918654,0.8333333333333333
38,9,0.01256986259849059,0.000530902380918654,0.875
38,10,-0.030175563466564137,0.000530902380918654,0.9166666666666666
38,11,-0.006313803722583328,0.000530902380918654,0.9583333333333333
38,12,-0.02582978682280993,0.000530902380918654,1.0
38,13,-0.03850594438937903,0.000530902380918654,1.0416666666666665
38,14,-0.03991711114962758,0.000530902380918654,1.0833333333333333
38,15,0.015009434860047102,0.000530902380918654,1.125
38,16,0.0063038806254150405,0.000530902380918654,1.1666666666666665
38,17,-0.0366933751439038,0.000530902380918654,1.2083333333333333
38,18,-0.0019894464793066722,0.000530902380918654,1.25
38,19,-0.008677590052853512,0.000530902380918654,1.2916666666666665
38,20,-0.006790018701177311,0.000530902380918654,1.3333333333333333
38,21,-0.0147016387212869,0.000530902380918654,1.375
38,22,-0.0032973938208103134,0.000530902380918654,1.4166666666666665
38,23,-0.013489975918530957,0.000530902380918654,1.4583333333333333
38,24,-0.020002401566123953,0.000530902380918654,1.5
39,0,0.023602390361860667,0.013167756501056727,0.5
39,1,0.0448279007723212,0.013167756501056727,0.5416666666666666
39,2,0.036677543516044,0.013167756501056727,0.5833333333333334
39,3,0.01857063089883591,0.013167756501056727,0.625
39,4,0.025506949762606375,0.013167756501056727,0.6666666666666666
39,5,0.01291576928890363,0.013167756501056727,0.7083333333333333
39,6,0.018965825409409758,0.013167756501056727,0.75
39,7,0.03175714885383785,0.013167756501056727,0.7916666666666666
39,8,0.0425858083568525,0.013167756501056727,0.8333333333333333
39,9,0.028251786230541642,0.013167756501056727,0.875
39,10,0.040484686644024194,0.013167756501056727,0.9166666666666666
39,11,0.033164347594137576,0.013167756501056727,0.9583333333333333
39,12,0.05424722213595467,0.013167756501056727,1.0
39,13,0.02726820231632622,0.013167756501056727,1.0416666666666665
39,14,0.014884100835218576,0.013167756501056727,1.0833333333333333
39,15,0.018250259957496875,0.013167756501056727,1.125
39,16,0.046335436342874084,0.013167756501056727,1.1666666666666665
39,17,0.0229568929252973,0.013167756501056727,1.2083333333333333
39,18,0.002592634478593767,0.013167756501056727,1.25
39,19,0.04388325862293414,0.013167756501056727,1.2916666666666665
39,20,0.0333755041192894,0.013167756501056727,1.3333333333333333
39,21,0.059138333275889535,0.013167756501056727,1.375
39,22,0.04745488582879213,0.013167756501056727,1.4166666666666665
39,23,0.030738946327333386,0.013167756501056727,1.4583333333333333
39,24,0.04369464812115617,0.013167756501056727,1.5
40,0,0.016694044914182953,0.044759082888994724,0.5
40,1,0.01585887493510916,0.044759082888994724,0.5416666666666666
40,2,0.03843109621237391,0.044759082888994724,0.5833333333333334
40,3,0.005734439112167821,0.044759082888994724,0.625
40,4,0.026377661941412806,0.044759082888994724,0.6666666666666666
40,5,0.020736259924149823,0.044759082888994724,0.7083333333333333
40,6,0.05641345126903584,0.044759082888994724,0.75
40,7,0.022846192442579957,0.044759082888994724,0.7916666666666666
40,8,0.06985062014805801,0.044759082888994724,0.8333333333333333
40,9,0.045587609944186105,0.044759082888994724,0.875
40,10,0.03422305369950506,0.044759082888994724,0.9166666666666666
40,11,0.06774548151691845,0.044759082888994724,0.9583333333333333
40,12,0.0516761405726518,0.044759082888994724,1.0
40,13,0.043548113409148534,0.044759082888994724,1.0416666666666665
40,14,0.06982436375870704,0.044759082888994724,1.0833333333333333
40,15,0.05480060993165345,0.044759082888994724,1.125
40,16,0.06780138690255133,0.044759082888994724,1.1666666666666665
40,17,0.04691065784105447,0.044759082888994724,1.2083333333333333
40,18,0.046601785027092654,0.044759082888994724,1.25
40,19,0.06815999138270036,0.044759082888994724,1.2916666666666665
40,20,0.033301070565769225,0.044759082888994724,1.3333333333333333
40,21,0.09134976695883239,0.044759082888994724,1.375
40,22,0.0770743303345804,0.044759082888994724,1.4166666666666665
40,23,0.041866411968553355,0.044759082888994724,1.4583333333333333
40,24,0.06764627380775261,0.044759082888994724,1.5
41,0,-0.05218543446684694,0.006234803617321704,0.5
41,1,-0.05133252234016637,0.006234803617321704,0.5416666666666666
41,2,-0.009214671415306063,0.006234803617321704,0.5833333333333334
41,3,-0.02989678016596732,0.006234803617321704,0.625
41,4,-0.015892034609727136,0.006234803617321704,0.6666666666666666
41,5,-0.02059132658017102,0.006234803617321704,0.7083333333333333
41,6,-0.036211592926352745,0.006234803617321704,0.75
41,7,-0.024335164829834104,0.006234803617321704,0.7916666666666666
41,8,-0.0031449532138284916,0.006234803617321704,0.8333333333333333
41,9,-0.0157294946950736,0.006234803617321704,0.875
41,10,-0.016069309156697867,0.006234803617321704,0.9166666666666666
41,11,-0.025726378779823214,0.006234803617321704,0.9583333333333333
41,12,0.00642007312987059,0.006234803617321704,1.0
41,13,-0.03593129625969251,0.006234803617321704,1.0416666666666665
41,14,-0.011688178332098283,0.006234803617321704,1.0833333333333333
41,15,0.00013617889328838059,0.006234803617321704,1.125
41,16,0.0028528503687302517,0.006234803617321704,1.1666666666666665
41,17,-0.01903601509858972,0.006234803617321704,1.2083333333333333
41,18,-0.019853551163381042,0.006234803617321704,1.25
41,19,0.010512000980711722,0.006234803617321704,1.2916666666666665
41,20,-0.039952391962442,0.006234803617321704,1.3333333333333333
41,21,-0.027203779757608907,0.006234803617321704,1.375
41,22,-0.013284081987535494,0.006234803617321704,1.4166666666666665
41,23,-0.028170152122361493,0.006234803617321704,1.4583333333333333
41,24,-0.01968678587942378,0.006234803617321704,1.5
42,0,0.021823005695938993,0.029620217665726922,0.5
42,1,-0.011185006014557023,0.029620217665726922,0.5416666666666666
42,2,0.021874455707836832,0.029620217665726922,0.5833333333333334
42,3,0.026225349624014932,0.029620217665726922,0.625
42,4,0.002432123821343106,0.029620217665726922,0.6666666666666666
42,5,0.0251632098935486,0.029620217665726922,0.7083333333333333
42,6,-0.010549010796840005,0.029620217665726922,0.75
42,7,0.0007141808937123663,0.029620217665726922,0.7916666666666666
42,8,0.019423261345567103,0.029620217665726922,0.8333333333333333
42,9,0.02450546866601632,0.029620217665726922,0.875
42,10,0.008954565556210006,0.029620217665726922,0.9166666666666666
42,11,0.017179253045687327,0.029620217665726922,0.9583333333333333
42,12,-0.004916056947194616,0.029620217665726922,1.0
42,13,0.027530693193506116,0.029620217665726922,1.0416666666666665
42,14,0.041352541426983816,0.029620217665726922,1.0833333333333333
42,15,0.03426688304518758,0.029620217665726922,1.125
42,16,0.0321412308262519,0.029620217665726922,1.1666666666666665
42,17,0.02774316434096133,0.029620217665726922,1.2083333333333333
42,18,0.025990047386114615,0.029620217665726922,1.25
42,19,0.05170526724809355,0.029620217665726922,1.2916666666666665
42,20,0.016256408502370895,0.029620217665726922,1.3333333333333333
42,21,0.01853838952572412,0.029620217665726922,1.375
42,22,0.04646831523426657,0.029620217665726922,1.4166666666666665
42,23,0.05018799737431386,0.029620217665726922,1.4583333333333333
42,24,0.003049642741236737,0.029620217665726922,1.5
43,0,-0.007731969401398709,-0.00969905494077398,0.5
43,1,-0.04333754677888224,-0.00969905494077398,0.5416666666666666
43,2,-0.002233052323325561,-0.00969905494077398,0.5833333333333334
43,3,-0.03087600726597013,-0.00969905494077398,0.625
43,4,-0.018760045564268087,-0.00969905494077398,0.6666666666666666
43,5,-0.03508471572466351,-0.00969905494077398,0.7083333333333333
43,6,-0.003690756997411006,-0.00969905494077398,0.75
43,7,-0.03666259383128426,-0.00969905494077398,0.7916666666666666
43,8,-0.01769931439638,-0.00969905494077398,0.8333333333333333
43,9,-0.02321286120858365,-0.00969905494077398,0.875
43,10,-0.006930185075595173,-0.00969905494077398,0.9166666666666666
43,11,-0.04330176679109613,-0.00969905494077398,0.9583333333333333
43,12,-0.010298896424996817,-0.00969905494077398,1.0
43,13,-0.013033922150616129,-0.00969905494077398,1.0416666666666665
43,14,-0.03336351034265487,-0.00969905494077398,1.0833333333333333
43,15,0.024898604103378297,-0.00969905494077398,1.125
43,16,-0.03852593513825798,-0.00969905494077398,1.1666666666666665
43,17,-0.02793114163511415,-0.00969905494077398,1.2083333333333333
43,18,-0.012748681799653992,-0.00969905494077398,1.25
43,19,-0.00500235726271442,-0.00969905494077398,1.2916666666666665
43,20,-0.020559002202446674,-0.00969905494077398,1.3333333333333333
43,21,-0.027347703129302507,-0.00969905494077398,1.375
43,22,-0.032508664861878325,-0.00969905494077398,1.4166666666666665
43,23,-0.010288094015975566,-0.00969905494077398,1.4583333333333333
43,24,-0.025075031079122397,-0.00969905494077398,1.5
44,0,-0.008980307490283092,0.007436458688291779,0.5
44,1,0.017664028614237406,0.007436458688291779,0.5416666666666666
44,2,0.03967022820520963,0.007436458688291779,0.5833333333333334
44,3,-0.005194005840042509,0.007436458688291779,0.625
44,4,-0.003119523461406877,0.007436458688291779,0.6666666666666666
44,5,0.011321020798005985,0.007436458688291779,0.7083333333333333
44,6,0.0034644182329508157,0.007436458688291779,0.75
44,7,0.016283613085553417,0.007436458688291779,0.7916666666666666
44,8,0.02697084441753622,0.007436458688291779,0.8333333333333333
44,9,0.029804959958873493,0.007436458688291779,0.875
44,10,0.025925141535973275,0.007436458688291779,0.9166666666666666
44,11,0.013044889496352931,0.007436458688291779,0.9583333333333333
44,12,0.02685023077264866,0.007436458688291779,1.0
44,13,-0.02220228955734619,0.007436458688291779,1.0416666666666665
44,14,0.057004638504377,0.007436458688291779,1.0833333333333333
44,15,0.01566332717018843,0.007436458688291779,1.125
44,16,0.011060177095207662,0.007436458688291779,1.1666666666666665
44,17,0.022025993580064917,0.007436458688291779,1.2083333333333333
44,18,0.030677813741334835,0.007436458688291779,1.25
44,19,0.022769414414251107,0.007436458688291779,1.2916666666666665
44,20,0.03700979148423273,0.007436458688291779,1.3333333333333333
44,21,0.03056784090218846,0.007436458688291779,1.375
44,22,0.0028477977633573574,0.007436458688291779,1.4166666666666665
44,23,0.041634049188875276,0.007436458688291779,1.4583333333333333
44,24,0.05385070600565186,0.007436458688291779,1.5
45,0,0.0022134436584656165,-0.007230198118111049,0.5
45,1,-0.01853651107809604,-0.007230198118111049,0.5416666666666666
45,2,-0.054883178529106284,-0.007230198118111049,0.5833333333333334
45,3,-0.02288877918738006,-0.007230198118111049,0.625
45,4,-0.01252338171372572,-0.007230198118111049,0.6666666666666666
45,5,-0.054602633460592936,-0.007230198118111049,0.7083333333333333
45,6,-0.004116492708642472,-0.007230198118111049,0.75
45,7,-0.026007469744609202,-0.007230198118111049,0.7916666666666666
45,8,0.004782316233801504,-0.007230198118111049,0.8333333333333333
45,9,-0.030779497691141078,-0.007230198118111049,0.875
45,10,-0.009345463788393349,-0.007230198118111049,0.9166666666666666
45,11,-0.021209274043263393,-0.007230198118111049,0.9583333333333333
45,12,-0.021325915459790054,-0.007230198118111049,1.0
45,13,-0.009644786579960629,-0.007230198118111049,1.0416666666666665
45,14,-0.005636362608878574,-0.007230198118111049,1.0833333333333333
45,15,-0.02606433456670697,-0.007230198118111049,1.125
45,16,-0.0013229043265924707,-0.007230198118111049,1.1666666666666665
45,17,-0.013033590274908803,-0.007230198118111049,1.2083333333333333
45,18,-0.0027982145437722514,-0.007230198118111049,1.25
45,19,-0.027342451012329738,-0.007230198118111049,1.2916666666666665
45,20,0.004000913017293925,-0.007230198118111049,1.3333333333333333
45,21,-0.02818726880399389,-0.007230198118111049,1.375
45,22,-0.011715231779639504,-0.007230198118111049,1.4166666666666665
45,23,-0.023155857143018845,-0.007230198118111049,1.4583333333333333
45,24,-0.003336921653689002,-0.007230198118111049,1.5
46,0,0.02287197499198949,0.038351042940197776,0.5
46,1,0.007764164125512129,0.038351042940197776,0.5416666666666666
46,2,-0.015044905916748529,0.038351042940197776,0.5833333333333334
46,3,-0.014426653242448219,0.038351042940197776,0.625
46,4,0.02376497281135113,0.038351042940197776,0.6666666666666666
46,5,0.020511273454088624,0.038351042940197776,0.7083333333333333
46,6,0.0008911573524443689,0.038351042940197776,0.75
46,7,0.004571227394295219,0.038351042940197776,0.7916666666666666
46,8,0.018538691089045066,0.038351042940197776,0.8333333333333333
46,9,0.006646505088503285,0.038351042940197776,0.875
46,10,0.01694288631794501,0.038351042940197776,0.9166666666666666
46,11,-0.016573011721926295,0.038351042940197776,0.9583333333333333
46,12,0.03288256106623174,0.038351042940197776,1.0
46,13,0.006208229493350002,0.038351042940197776,1.0416666666666665
46,14,0.03685132605768328,0.038351042940197776,1.0833333333333333
46,15,0.0506907394356852,0.038351042940197776,1.125
46,16,0.02082993861212848,0.038351042940197776,1.1666666666666665
46,17,0.03125270804408803,0.038351042940197776,1.2083333333333333
46,18,0.019656068382750642,0.038351042940197776,1.25
46,19,0.019882995182469693,0.038351042940197776,1.2916666666666665
46,20,0.04675850970215103,0.038351042940197776,1.3333333333333333
46,21,0.027389236534702394,0.038351042940197776,1.375
46,22,0.05588061088013083,0.038351042940197776,1.4166666666666665
46,23,0.0356506921628917,0.038351042940197776,1.4583333333333333
46,24,0.047125001083206566,0.038351042940197776,1.5
47,0,-0.006054927649682435,0.008132437773693687,0.5
47,1,0.016550555481776218,0.008132437773693687,0.5416666666666666
47,2,0.009715620818039844,0.008132437773693687,0.5833333333333334
47,3,-0.015592165736616644,0.008132437773693687,0.625
47,4,-0.02180129623666545,0.008132437773693687,0.6666666666666666
47,5,0.008586453367918318,0.008132437773693687,0.7083333333333333
47,6,-0.013904400034000019,0.008132437773693687,0.75
47,7,-0.01833589478675101,0.008132437773693687,0.7916666666666666
47,8,0.011185755442836405,0.008132437773693687,0.8333333333333333
47,9,0.00954960466593954,0.008132437773693687,0.875
47,10,-0.011900507209397478,0.008132437773693687,0.9166666666666666
47,11,0.020821238209975817,0.008132437773693687,0.9583333333333333
47,12,0.009420638225667168,0.008132437773693687,1.0
47,13,0.017163788811679567,0.008132437773693687,1.0416666666666665
47,14,-0.024173804941044853,0.008132437773693687,1.0833333333333333
47,15,-0.0007949910562946999,0.008132437773693687,1.125
47,16,-0.00035285893551294766,0.008132437773693687,1.1666666666666665
47,17,-0.010784521357154318,0.008132437773693687,1.2083333333333333
47,18,-0.004977205004787811,0.008132437773693687,1.25
47,19,-0.036153769978674505,0.008132437773693687,1.2916666666666665
47,20,-0.026428049436496463,0.008132437773693687,1.3333333333333333
47,21,-0.029177376211707646,0.008132437773693687,1.375
47,22,-0.004307905843826747,0.008132437773693687,1.4166666666666665
47,23,-0.00848845773472979,0.008132437773693687,1.4583333333333333
47,24,-0.015201729676450297,0.008132437773693687,1.5
48,0,-0.047418712932870206,-0.04675608034733234,0.5
48,1,-0.0334823676500194,-0.04675608034733234,0.5416666666666666
48,2,-0.03437073208598667,-0.04675608034733234,0.5833333333333334
48,3,-0.008827723741769357,-0.04675608034733234,0.625
48,4,-0.027057351839613178,-0.04675608034733234,0.6666666666666666
48,5,-0.03417795391670875,-0.04675608034733234,0.7083333333333333
48,6,-0.01623886600076424,-0.04675608034733234,0.75
48,7,-0.03846055199812316,-0.04675608034733234,0.7916666666666666
48,8,-0.03122981636780965,-0.04675608034733234,0.8333333333333333
48,9,-0.03184692458887589,-0.04675608034733234,0.875
48,10,-0.030424310983471647,-0.04675608034733234,0.9166666666666666
48,11,-0.024219865288233847,-0.04675608034733234,0.9583333333333333
48,12,-0.06770345902292287,-0.04675608034733234,1.0
48,13,-0.034198295803072654,-0.04675608034733234,1.0416666666666665
48,14,-0.04031264068150152,-0.04675608034733234,1.0833333333333333
48,15,-0.033152972044941324,-0.04675608034733234,1.125
48,16,-0.059356492162673094,-0.04675608034733234,1.1666666666666665
48,17,-0.03078833544571235,-0.04675608034733234,1.2083333333333333
48,18,-0.07897861025621042,-0.04675608034733234,1.25
48,19,-0.09095360652920856,-0.04675608034733234,1.2916666666666665
48,20,-0.04968588200593668,-0.04675608034733234,1.3333333333333333
48,21,-0.03910558700863397,-0.04675608034733234,1.375
48,22,-0.04538777527028599,-0.04675608034733234,1.4166666666666665
48,23,-0.06231741970799,-0.04675608034733234,1.4583333333333333
48,24,-0.07311167458794278,-0.04675608034733234,1.5
49,0,-0.09613130833232855,-0.03719122781688099,0.5
49,1,-0.030969239412663364,-0.03719122781688099,0.5416666666666666
49,2,-0.081329777769407,-0.03719122781688099,0.5833333333333334
49,3,-0.08275831531544812,-0.03719122781688099,0.625
49,4,-0.07333693198729249,-0.03719122781688099,0.6666666666666666
49,5,-0.08777817220494251,-0.03719122781688099,0.7083333333333333
49,6,-0.08538111564565211,-0.03719122781688099,0.75
49,7,-0.07993374384182404,-0.03719122781688099,0.7916666666666666
49,8,-0.11369233072274407,-0.03719122781688099,0.8333333333333333
49,9,-0.07426681317680169,-0.03719122781688099,0.875
49,10,-0.08407064050895596,-0.03719122781688099,0.9166666666666666
49,11,-0.056338711648720646,-0.03719122781688099,0.9583333333333333
49,12,-0.06933133491444207,-0.03719122781688099,1.0
49,13,-0.1095724284267145,-0.03719122781688099,1.0416666666666665
49,14,-0.1042289950817255,-0.03719122781688099,1.0833333333333333
49,15,-0.08199286861390048,-0.03719122781688099,1.125
49,16,-0.09269267097249868,-0.03719122781688099,1.1666666666666665
49,17,-0.07196760491399073,-0.03719122781688099,1.2083333333333333
49,18,-0.08090326961954734,-0.03719122781688099,1.25
49,19,-0.07693418554126058,-0.03719122781688099,1.2916666666666665
49,20,-0.11664773932051817,-0.03719122781688099,1.3333333333333333
49,21,-0.11527190368570502,-0.03719122781688099,1.375
49,22,-0.11964224370819256,-0.03719122781688099,1.4166666666666665
49,23,-0.09421259890244627,-0.03719122781688099,1.4583333333333333
49,24,-0.11726004546686694,-0.03719122781688099,1.5
50,0,0.007696986163176359,-0.009038730954330401,0.5
50,1,0.010026430590416304,-0.009038730954330401,0.5416666666666666
50,2,0.012404561043147022,-0.009038730954330401,0.5833333333333334
50,3,0.02608840176437299,-0.009038730954330401,0.625
50,4,0.025435715023716,-0.009038730954330401,0.6666666666666666
50,5,0.0026756799429598745,-0.009038730954330401,0.7083333333333333
50,6,-0.009045539565583178,-0.009038730954330401,0.75
50,7,0.035286390029436655,-0.009038730954330401,0.7916666666666666
50,8,0.01610217095739616,-0.009038730954330401,0.8333333333333333
50,9,0.028906444434983733,-0.009038730954330401,0.875
50,10,0.02960348499859955,-0.009038730954330401,0.9166666666666666
50,11,0.030493722155244367,-0.009038730954330401,0.9583333333333333
50,12,-0.005186350150000514,-0.009038730954330401,1.0
50,13,0.007897618105338166,-0.009038730954330401,1.0416666666666665
50,14,0.0176476199368737,-0.009038730954330401,1.0833333333333333
50,15,-0.006383379263164105,-0.009038730954330401,1.125
50,16,-0.01457710637449872,-0.009038730954330401,1.1666666666666665
50,17,0.0054177259803112315,-0.009038730954330401,1.2083333333333333
50,18,0.00865062277522107,-0.009038730954330401,1.25
50,19,-0.041024997102796466,-0.009038730954330401,1.2916666666666665
50,20,0.014151066400155402,-0.009038730954330401,1.3333333333333333
50,21,-0.011110145418214113,-0.009038730954330401,1.375
50,22,0.0007551054947939201,-0.009038730954330401,1.4166666666666665
50,23,0.010505195916514887,-0.009038730954330401,1.4583333333333333
50,24,-0.0093440746757315,-0.009038730954330401,1.5
51,0,0.01708640729398834,0.011949070690735123,0.5
51,1,0.01018061799624258,0.011949070690735123,0.5416666666666666
51,2,0.015152239169841118,0.011949070690735123,0.5833333333333334
51,3,0.016684704908885916,0.011949070690735123,0.625
51,4,0.01959173237847353,0.011949070690735123,0.6666666666666666
51,5,0.05158769509057345,0.011949070690735123,0.7083333333333333
51,6,0.05560197201827443,0.011949070690735123,0.75
51,7,0.01515532679845619,0.011949070690735123,0.7916666666666666
51,8,0.04087102178673395,0.011949070690735123,0.8333333333333333
51,9,0.015592350897922332,0.011949070690735123,0.875
51,10,0.01438797982614844,0.011949070690735123,0.9166666666666666
51,11,0.03490900074677446,0.011949070690735123,0.9583333333333333
51,12,0.03322925749573925,0.011949070690735123,1.0
51,13,0.028210076398811817,0.011949070690735123,1.0416666666666665
51,14,0.013111088844484236,0.011949070690735123,1.0833333333333333
51,15,0.03396319653273938,0.011949070690735123,1.125
51,16,0.010281019487006486,0.011949070690735123,1.1666666666666665
51,17,0.03300463864337467,0.011949070690735123,1.2083333333333333
51,18,0.01805811558890944,0.011949070690735123,1.25
51,19,0.05343444264051807,0.011949070690735123,1.2916666666666665
51,20,0.021478442655351072,0.011949070690735123,1.3333333333333333
51,21,0.045723679316426555,0.011949070690735123,1.375
51,22,0.02031372902230633,0.011949070690735123,1.4166666666666665
51,23,0.03833126330449327,0.011949070690735123,1.4583333333333333
51,24,0.07540129614600291,0.011949070690735123,1.5
52,0,0.045922709938352256,0.07859675365413525,0.5
52,1,0.06143812264671942,0.07859675365413525,0.5416666666666666
52,2,0.03178980690869876,0.07859675365413525,0.5833333333333334
52,3,0.04911917308449031,0.07859675365413525,0.625
52,4,0.028430176365651268,0.07859675365413525,0.6666666666666666
52,5,0.0721241251443858,0.07859675365413525,0.7083333333333333
52,6,0.06565669197191543,0.07859675365413525,0.75
52,7,0.06447160356161818,0.07859675365413525,0.7916666666666666
52,8,0.08233850485526964,0.07859675365413525,0.8333333333333333
52,9,0.06266623829069981,0.07859675365413525,0.875
52,10,0.10483765375565897,0.07859675365413525,0.9166666666666666
52,11,0.05747701204739036,0.07859675365413525,0.9583333333333333
52,12,0.05733679009821862,0.07859675365413525,1.0
52,13,0.06775166581652567,0.07859675365413525,1.0416666666666665
52,14,0.10149532633811945,0.07859675365413525,1.0833333333333333
52,15,0.0866374374427422,0.07859675365413525,1.125
52,16,0.08232062146619497,0.07859675365413525,1.1666666666666665
52,17,0.09624667292937714,0.07859675365413525,1.2083333333333333
52,18,0.09855750694115822,0.07859675365413525,1.25
52,19,0.10336523444250924,0.07859675365413525,1.2916666666666665
52,20,0.10602014746694187,0.07859675365413525,1.3333333333333333
52,21,0.12938171147839134,0.07859675365413525,1.375
52,22,0.07932723928458646,0.07859675365413525,1.4166666666666665
52,23,0.12530002131809087,0.07859675365413525,1.4583333333333333
52,24,0.13140594639618247,0.07859675365413525,1.5
53,0,0.005846486534008084,0.02809995740510598,0.5
53,1,-0.001958654880680498,0.02809995740510598,0.5416666666666666
53,2,-0.0006260023562333523,0.02809995740510598,0.5833333333333334
53,3,0.005444189825502058,0.02809995740510598,0.625
53,4,-0.0046971138198832856,0.02809995740510598,0.6666666666666666
53,5,0.0059229253819986834,0.02809995740510598,0.7083333333333333
53,6,0.0024166290434023095,0.02809995740510598,0.75
53,7,-0.01743751336878458,0.02809995740510598,0.7916666666666666
53,8,0.010229307340247863,0.02809995740510598,0.8333333333333333
53,9,-0.00044329294826765675,0.02809995740510598,0.875
53,10,0.004003423261161772,0.02809995740510598,0.9166666666666666
53,11,0.027376808619404905,0.02809995740510598,0.9583333333333333
53,12,-0.00351748123149781,0.02809995740510598,1.0
53,13,0.0016664421926187653,0.02809995740510598,1.0416666666666665
53,14,-0.019540200218144014,0.02809995740510598,1.0833333333333333
53,15,-0.01842470426420164,0.02809995740510598,1.125
53,16,0.02801110150883386,0.02809995740510598,1.1666666666666665
53,17,-0.004777677263090314,0.02809995740510598,1.2083333333333333
53,18,0.02832545206613463,0.02809995740510598,1.25
53,19,0.0018760643469860408,0.02809995740510598,1.2916666666666665
53,20,0.0025074758472883596,0.02809995740510598,1.3333333333333333
53,21,0.021360315882394832,0.02809995740510598,1.375
53,22,0.0207946970928048,0.02809995740510598,1.4166666666666665
53,23,0.053115272998926155,0.02809995740510598,1.4583333333333333
53,24,-0.0005995734535529512,0.02809995740510598,1.5
54,0,0.016189816336087647,-0.015568997868153486,0.5
54,1,0.025489228920408676,-0.015568997868153486,0.5416666666666666
54,2,0.03844547077181533,-0.015568997868153486,0.5833333333333334
54,3,-0.0004019848765382632,-0.015568997868153486,0.625
54,4,-0.0006550121903097037,-0.015568997868153486,0.6666666666666666
54,5,0.021762041919395334,-0.015568997868153486,0.7083333333333333
54,6,0.017962681359192663,-0.015568997868153486,0.75
54,7,-0.008140570065436564,-0.015568997868153486,0.7916666666666666
54,8,0.012568125783090734,-0.015568997868153486,0.8333333333333333
54,9,0.03305378661593831,-0.015568997868153486,0.875
54,10,-0.006548185225892825,-0.015568997868153486,0.9166666666666666
54,11,0.014868885569876311,-0.015568997868153486,0.9583333333333333
54,12,0.009468905824692411,-0.015568997868153486,1.0
54,13,0.0005207969590374749,-0.015568997868153486,1.0416666666666665
54,14,0.00023594682632253894,-0.015568997868153486,1.0833333333333333
54,15,0.016843757391133203,-0.015568997868153486,1.125
54,16,0.008094317063300396,-0.015568997868153486,1.1666666666666665
54,17,0.012555448787958143,-0.015568997868153486,1.2083333333333333
54,18,0.012187149310455631,-0.015568997868153486,1.25
54,19,0.03360682676252958,-0.015568997868153486,1.2916666666666665
54,20,0.04551874012637086,-0.015568997868153486,1.3333333333333333
54,21,-0.007441835211405871,-0.015568997868153486,1.375
54,22,-0.009211084744094218,-0.015568997868153486,1.4166666666666665
54,23,-0.013136138839939153,-0.015568997868153486,1.4583333333333333
54,24,0.02269355765071244,-0.015568997868153486,1.5
55,0,0.030386888966229264,0.04308204485290293,0.5
55,1,0.04256232207859914,0.04308204485290293,0.5416666666666666
55,2,0.009149382297613043,0.04308204485290293,0.5833333333333334
55,3,0.015953074545602977,0.04308204485290293,0.625
55,4,0.0218283206300246,0.04308204485290293,0.6666666666666666
55,5,0.04685242627476687,0.04308204485290293,0.7083333333333333
55,6,0.05183391932807575,0.04308204485290293,0.75
55,7,0.03020676308273687,0.04308204485290293,0.7916666666666666
55,8,0.04523624647479369,0.04308204485290293,0.8333333333333333
55,9,0.019515366466148622,0.04308204485290293,0.875
55,10,0.017980691903948385,0.04308204485290293,0.9166666666666666
55,11,0.08488506629629639,0.04308204485290293,0.9583333333333333
55,12,0.0680185070745899,0.04308204485290293,1.0
55,13,0.05495806027362947,0.04308204485290293,1.0416666666666665
55,14,0.04960230096228555,0.04308204485290293,1.0833333333333333
55,15,0.06358700724921695,0.04308204485290293,1.125
55,16,0.08737677750591523,0.04308204485290293,1.1666666666666665
55,17,0.048661358469647795,0.04308204485290293,1.2083333333333333
55,18,0.05367453048244479,0.04308204485290293,1.25
55,19,0.038478673752927836,0.04308204485290293,1.2916666666666665
55,20,0.055032614483778886,0.04308204485290293,1.3333333333333333
55,21,0.048723219050036626,0.04308204485290293,1.375
55,22,0.07862241116083504,0.04308204485290293,1.4166666666666665
55,23,0.061807554691716705,0.04308204485290293,1.4583333333333333
55,24,0.08698336753362605,0.04308204485290293,1.5
56,0,0.04147173853174031,0.053955467276917274,0.5
56,1,0.05961966556802857,0.053955467276917274,0.5416666666666666
56,2,0.044728064569045406,0.053955467276917274,0.5833333333333334
56,3,0.047345111675178714,0.053955467276917274,0.625
56,4,0.027676890923406274,0.053955467276917274,0.6666666666666666
56,5,0.059030757798355996,0.053955467276917274,0.7083333333333333
56,6,0.023396271362739078,0.053955467276917274,0.75
56,7,0.06133539877542476,0.053955467276917274,0.7916666666666666
56,8,0.03236109995377557,0.053955467276917274,0.8333333333333333
56,9,0.029121498849711932,0.053955467276917274,0.875
56,10,0.05758486979831014,0.053955467276917274,0.9166666666666666
56,11,0.0711006177473463,0.053955467276917274,0.9583333333333333
56,12,0.04911336177663532,0.053955467276917274,1.0
56,13,0.05283111190832347,0.053955467276917274,1.0416666666666665
56,14,0.05097343268123908,0.053955467276917274,1.0833333333333333
56,15,0.08867402953455811,0.053955467276917274,1.125
56,16,0.09862137306568286,0.053955467276917274,1.1666666666666665
56,17,0.05472927132757236,0.053955467276917274,1.2083333333333333
56,18,0.06916507311386115,0.053955467276917274,1.25
56,19,0.07611199290986258,0.053955467276917274,1.2916666666666665
56,20,0.08400125355317664,0.053955467276917274,1.3333333333333333
56,21,0.07004553171886449,0.053955467276917274,1.375
56,22,0.07366960485081912,0.053955467276917274,1.4166666666666665
56,23,0.10406372901151568,0.053955467276917274,1.4583333333333333
56,24,0.09602141545198131,0.053955467276917274,1.5
57,0,0.027454519402035995,0.006718711484632505,0.5
57,1,-0.0316088917867655,0.006718711484632505,0.5416666666666666
57,2,0.00551043986809599,0.006718711484632505,0.5833333333333334
57,3,-0.02339485387513047,0.006718711484632505,0.625
57,4,0.011538912478579877,0.006718711484632505,0.6666666666666666
57,5,0.009753481540035726,0.006718711484632505,0.7083333333333333
57,6,0.00726460024309151,0.006718711484632505,0.75
57,7,-0.01997199516670338,0.006718711484632505,0.7916666666666666
57,8,-0.0002223962603218419,0.006718711484632505,0.8333333333333333
57,9,0.012851074316000088,0.006718711484632505,0.875
57,10,0.014440756895580432,0.006718711484632505,0.9166666666666666
57,11,0.013207691970082883,0.006718711484632505,0.9583333333333333
57,12,0.04003597627763058,0.006718711484632505,1.0
57,13,0.02770527747502733,0.006718711484632505,1.0416666666666665
57,14,-0.009426311006609477,0.006718711484632505,1.0833333333333333
57,15,-0.00038177641397992793,0.006718711484632505,1.125
57,16,-0.013882696363958015,0.006718711484632505,1.1666666666666665
57,17,-0.03349864533776023,0.006718711484632505,1.2083333333333333
57,18,-0.03995498231247169,0.006718711484632505,1.25
57,19,-0.006032565600342203,0.006718711484632505,1.2916666666666665
57,20,-0.0205752698136054,0.006718711484632505,1.3333333333333333
57,21,0.009581269980654082,0.006718711484632505,1.375
57,22,0.032358423533151943,0.006718711484632505,1.4166666666666665
57,23,-0.01588388715481552,0.006718711484632505,1.4583333333333333
57,24,-0.03444134700679342,0.006718711484632505,1.5
58,0,0.010921475195684083,0.04663529640550293,0.5
58,1,0.01890817487032922,0.04663529640550293,0.5416666666666666
58,2,-0.006100512798247255,0.04663529640550293,0.5833333333333334
58,3,0.038119481560891094,0.04663529640550293,0.625
58,4,0.027707080341428523,0.04663529640550293,0.6666666666666666
58,5,0.02764381230429684,0.04663529640550293,0.7083333333333333
58,6,0.024823167058995014,0.04663529640550293,0.75
58,7,0.0036835674369510574,0.04663529640550293,0.7916666666666666
58,8,0.034801112865143514,0.04663529640550293,0.8333333333333333
58,9,0.04781773693040864,0.04663529640550293,0.875
58,10,0.04167885065819961,0.04663529640550293,0.9166666666666666
58,11,0.05425011259622915,0.04663529640550293,0.9583333333333333
58,12,0.030428641358243254,0.04663529640550293,1.0
58,13,0.06885588962269173,0.04663529640550293,1.0416666666666665
58,14,0.04979421335284889,0.04663529640550293,1.0833333333333333
58,15,0.06025157751876969,0.04663529640550293,1.125
58,16,0.029891294209125733,0.04663529640550293,1.1666666666666665
58,17,0.053066116927890136,0.04663529640550293,1.2083333333333333
58,18,0.037219202315718264,0.04663529640550293,1.25
58,19,0.055104927787747164,0.04663529640550293,1.2916666666666665
58,20,0.06575384691383646,0.04663529640550293,1.3333333333333333
58,21,0.057924696932656956,0.04663529640550293,1.375
58,22,0.04811768711083932,0.04663529640550293,1.4166666666666665
58,23,0.05214242063972186,0.04663529640550293,1.4583333333333333
58,24,0.06387903056218794,0.04663529640550293,1.5
59,0,-0.03900766353331414,-0.041372260359834274,0.5
59,1,-0.03725651130347743,-0.041372260359834274,0.5416666666666666
59,2,-0.04482471868129363,-0.041372260359834274,0.5833333333333334
59,3,0.0036322743205420976,-0.041372260359834274,0.625
59,4,-0.010979518915110911,-0.041372260359834274,0.6666666666666666
59,5,-0.030062999696816216,-0.041372260359834274,0.7083333333333333
59,6,-0.07013605071973814,-0.041372260359834274,0.75
59,7,-0.00621202613886138,-0.041372260359834274,0.7916666666666666
59,8,-0.04560687489182641,-0.041372260359834274,0.8333333333333333
59,9,-0.034122329325527966,-0.041372260359834274,0.875
59,10,-0.047700706940209905,-0.041372260359834274,0.9166666666666666
59,11,-0.0410269329315382,-0.041372260359834274,0.9583333333333333
59,12,-0.06262822484394823,-0.041372260359834274,1.0
59,13,-0.04836096326887625,-0.041372260359834274,1.0416666666666665
59,14,-0.05120351111721309,-0.041372260359834274,1.0833333333333333
59,15,-0.02017361515213124,-0.041372260359834274,1.125
59,16,-0.04781901176381524,-0.041372260359834274,1.1666666666666665
59,17,-0.06161668038979221,-0.041372260359834274,1.2083333333333333
59,18,-0.07077684235952503,-0.041372260359834274,1.25
59,19,-0.014450244738569457,-0.041372260359834274,1.2916666666666665
59,20,-0.062171644270794794,-0.041372260359834274,1.3333333333333333
59,21,-0.09006481986729606,-0.041372260359834274,1.375
59,22,-0.03910039569343038,-0.041372260359834274,1.4166666666666665
59,23,-0.05809910810309795,-0.041372260359834274,1.4583333333333333
59,24,-0.07074681026925697,-0.041372260359834274,1.5
