y,x,z1,z2,z3,z4
1.265960874818079,0.5039480472968307,1.668047321311954,-1.6473005342581661,1.3915110091876546,-0.9249687345314022
-1.0334665509646384,-0.1097776490520267,0.7373477267548951,0.17894081249714636,0.15573019346843212,0.18904385858258416
5.877641858553744,1.3690300742773034,-0.2015377573716711,0.12010052383709038,-0.43299805253073237,-0.11872821119668377
1.6320705337482715,0.6848304194553835,-0.1509119474905124,1.7311606175184495,-0.6742840490831029,-1.4459493075373329
4.8061620054788685,2.1615542718723315,0.9160518074370021,1.3413625006906915,0.2551222443399888,-1.7961552202920923
1.211828750484615,0.32021093080031093,1.1603296370270422,0.4398817220789618,-0.004291080028270573,0.34666643595079766
-1.7757442554626,-1.5883175062651098,-2.6199619982819256,1.1432612018818928,0.10683534380792668,0.049074230271022236
-2.0534362735284364,-1.6436454379352008,-1.3252945719279428,-1.6220306145743042,0.5913980370259414,-1.1377809333021855
0.14292304791368288,-0.5940284891692851,0.45998861835908145,-0.483190220467852,0.865850009542465,0.6137202472638208
0.9760437346302031,-0.497628660191087,0.10205164657422643,1.439487452765354,0.5029875854183258,-0.584359768253178
4.308033202295036,1.4349255634539733,1.0535527808200817,1.481404489319976,1.1221005058475861,0.5689271353631197
2.561906490786682,1.3097555708963573,1.6240426122549152,0.9631440312775116,1.2475635061789376,-0.40106442875039544
-4.311561333609138,-2.278431147664195,-1.5006350175855034,-0.515199639181384,-0.8448707136785476,0.3333235799913566
-2.2732216801028393,-1.1170603168698952,-0.27783169152926335,-0.07498040638805249,-0.5898607462658305,-0.8740344665000488
2.0816582742254743,1.031519615984536,1.1939950195092435,-0.5327269540701955,-0.43394890926671675,0.9128094605793451
0.027161527026612564,-0.7375721491000901,0.8618153268674301,-2.142734956521845,-0.8040232931561999,-0.48855878374824446
2.8069555480651465,0.8079787829240237,-0.4170460437934428,0.19404541517204893,0.5579052971815353,0.25736110910359705
-1.6443500843043153,-0.7560065240982641,-0.24953641691846906,0.20746539805834166,0.7769861535090209,-0.336120116048875
-1.1322750682230929,-0.8090435765841656,0.943677354839069,0.2593867148261192,-0.3970069169475102,-0.4128638707697835
2.3092377344458566,0.42254875812842085,-0.7663106382149386,-0.33040158593121743,0.6200802344981186,1.039328366268722
0.9163306183219148,-0.3331703914489646,0.2082287310833186,-0.4504250163049076,1.4239445695155637,-0.8578136947309346
0.28817863942508093,-0.5992308995840936,1.4087229250418996,-0.8484417500752253,-0.7364815123008763,0.15324891966987067
-3.1548042878684766,-1.241210906396469,-1.489104010486907,-0.6985567354963048,-0.7050753457492774,-0.6257534126952745
0.31911969281939356,-0.23123280071967323,-1.4758085333317534,-0.6571511626330426,-0.32036564601326467,0.7112285567468647
-1.4058438762644467,-0.8723331851507649,0.990846316763321,-1.2445520863570123,-0.6067145460779274,1.3958876091630552
2.372247161192166,0.563531358211291,-0.8832304261094982,0.8671601804171817,-0.6751338424713612,-0.5264066844526843
7.612201670377365,2.0884954965871145,-0.36618387575576145,1.4370016188406198,-0.6146997390342702,1.231727444411627
1.3199600759470282,-0.013064385982614404,-1.5347050330234122,0.9696778413044932,1.5451797097593918,-1.1828697461808564
4.138564368588753,1.4022127612247386,-0.35157551113856034,0.024995332025963563,0.5367752614914844,-1.1237759030119479
-3.4640092929244135,-1.6008048384166977,0.6399181149851065,-1.3879786288935803,1.0586706890215685,-0.0460960134085435
1.4291187053439292,-0.4666613039233766,0.6892391666626596,-0.5189021285487099,0.60281633030969,0.2287743851631214
1.3148607761917934,0.11496976472178014,0.7572523652762919,-0.06966633941733179,-0.8186354322089614,0.40054250129096997
1.067445945683726,-1.1927395361959932,-1.4305497703198065,-0.37406518048546145,-1.2088482590108105,-0.6786585343357184
-0.8117089102364836,-1.318301919442471,-0.428879298933193,-0.23448249132721544,-1.629839347966933,-0.6392989384161377
3.7294890497142132,1.2753222740122734,-0.6850118577799638,-0.5187665315669876,-2.1247014069461203,1.5422329872711675
2.1583321052057203,0.5558489583939774,-0.12564086405458477,0.3554401862150351,-1.6735090687116345,0.2092726047932396
-0.8835809636642102,-0.5512072999334444,1.1445872397183663,0.6809821074071378,0.2669024829959092,0.12887335320616897
4.076814382823617,1.068635240239767,0.32720978585615806,-0.6161248966745688,0.1730365463295589,-1.3216717757732135
4.020647349077469,1.1196793064238617,-0.13672744047703364,1.9899117392260954,-0.1400961130395932,-1.8906295685539836
3.0248056227152227,0.7323685324117946,0.17919391252641817,0.9632713517510753,-0.03387345960976584,-1.8927386842619027
0.5194615748885675,0.03586164810069925,0.9689770722248682,0.6448148213703212,-0.26109813771243445,-1.101237127432683
-0.7915265699576679,-1.693657627817415,0.005870090433042597,0.7269578070245497,-1.08736302957633,-0.6436623219900753
3.97353150507244,1.675768769196136,0.5905054416431731,-1.00800587494425,0.9616614063384525,-0.39163185001290673
0.6840835417697977,-0.3862180140026787,-0.3924763735193495,0.5035105269793405,0.022513851132828253,-0.4125185702173151
2.64417413513833,2.060502407151716,0.03591146720729448,-0.15634679579517954,0.2584422824150438,0.16742098690117022
2.2869077860580793,1.4592466907674364,-0.33075495295277624,-0.2792000988257681,-1.3646659089185806,1.6586370858834574
5.326569828090694,1.3353797962955298,0.8087760735049444,0.4799848032708217,-1.3063176106785819,0.04485612588798117
0.2554834487265726,-0.3025590476453934,0.05331094434234215,-0.02687369671975422,0.8335161557298231,-1.714877075727955
6.589886217036083,2.593211527901429,-1.3189020086833085,1.553641954119243,0.5835590805976977,1.6910679725782358
2.6724388364493468,1.1144482029209466,-1.0797806954220246,1.6498096775364686,0.9844610291568496,-0.27647523491996456
0.26542892473753177,-0.7135534598395541,-0.37596827385826004,1.4929268218698901,-0.15498105987532015,2.459912952147129
1.6942969770155116,0.07597820497563113,0.14872676726837805,-0.38598416572304856,-1.4566270170980757,0.46313402103334594
6.939535019113873,2.6283418062616617,1.8149188413533812,1.323542741511245,-0.020131726065343573,-0.39096295261668723
-0.4398998884802543,-0.32218521078432905,0.5524989351276495,0.08387550183851536,1.1592528558236648,-0.8659534385262189
1.4058739697733662,0.5596857236290963,-0.5392249467038371,0.8056699619270926,0.5102350182208133,-0.19120462739755167
-0.860383132722413,-0.4029548266224876,0.9270511213225732,-0.3600598743217449,0.017838071235045834,1.9798283913422543
3.7280382123803086,1.6091617455592715,1.1988866819229318,1.7972677741893586,-1.8245982203965332,-0.8286585692805546
-0.9220481438880301,-0.32435486493764765,0.017967787115812615,1.0089573717333196,0.2661772327416365,0.10345204617572674
0.386285144106119,-0.07073854911235467,1.0158824101375732,-0.5032350938668382,0.5479262016201242,0.028026027992687493
2.126867293494392,0.45997312908344634,-1.1843065089958569,1.257386472033971,-0.4546738534257317,0.7957157149948537
2.213544575966467,0.4655910472877911,1.764118990286069,-0.4590955241700673,-0.23874262506592125,2.1304450160224437
-0.5355646134135975,-0.5943407351977164,-0.7678632667308948,-0.45483267876926864,-0.9632374528496559,0.055003771386254945
1.7893715855882713,-0.11107850212337075,0.26115988490636177,0.804739273074123,-0.3318643657029082,-1.2300417035833273
1.395078471093449,-0.26912784764029296,-1.4858670612982874,-1.0396639869893567,-0.296515819216568,-1.1939637235043747
3.241392438626309,0.6286387848180386,0.46391264291398765,-0.6399711177732307,-0.5064000502657273,-0.7133299155574871
-2.425205052596765,-1.0966326379951137,0.6840957154525508,0.035181656878100424,-0.6435183216944423,1.094106609915329
-2.844657850652195,-2.4470052747612123,-2.386888846909317,-0.02388921392919366,-1.2418481365841842,-2.0267542963500693
0.3661431552681399,-0.49623579119063,-0.007486139067785584,1.8073245234518007,0.21439856568051952,0.02145945581152247
-2.6396547310157965,-1.9158513406423787,-0.546921073577925,-0.01703702095690781,-0.8671210063498901,-1.5140968953197878
0.9788139103901259,0.7942547143458825,0.4748916183307379,1.167888951873559,1.869519245517362,-0.8617330355089763
-1.595293242291659,-1.4840239809643114,-1.5314527686997985,-0.9809536478449414,-1.3319821279797508,0.5137669299546178
9.18167887588736,1.8456025422256335,1.9225967148124676,-0.27456945411102174,-0.9240072744116449,1.382885375720356
-0.1948393628044673,-0.5671966198870293,-0.14569175372765014,1.2326028125877238,-0.04309574016764969,-0.3456895862624868
0.6070566869285287,-0.4754635760421469,-0.3031466200020041,-1.447700281015692,-0.3957954560173266,-0.6819453435013739
0.38741794606798724,-0.10523007685678681,-0.9095753056398196,0.5208131307365589,-0.12027343089709404,-0.5973743187880806
-2.603794792847082,-1.3336438536930517,1.0077046095932587,-0.7401118879513492,-2.7596364113470293,-0.1506225539891084
0.800103103589894,-0.15316737520956689,1.5965361095902273,-1.331501504458253,-1.8956737363760605,0.26666714676528397
-1.6275518931975113,-1.0806697712982754,-1.290272980471279,-1.4558640643432226,0.6105406649098062,-1.4631266946085502
-0.3829514648422019,-0.587710155694927,-0.5083581779791592,0.2005456225281409,-0.09749957612182358,0.3756172368426156
1.083554365356678,-0.4540384016273081,0.9322359188292164,-1.677494064186485,-0.619343367513287,1.7762999786659714
0.28675591593854954,-0.16251016793652234,0.4952391112585084,-0.4180101782279819,-0.18573882877081627,-0.9646337626650862
2.29413317526555,0.6496437120163809,-0.7973252000148817,1.43729911744335,0.42412186234909394,-1.2229897119579543
7.117850239766904,1.6410683737958118,0.24895131799098325,0.9841465546685754,0.3025589519266183,0.3998879772667298
6.571737323317805,1.948706827007522,0.9960275661329301,0.2688538472921413,-0.04504663273140359,0.006458761207457012
-7.350091809559635,-2.4127885322731437,-0.8984136741539985,-0.1989024996607022,-1.0214470719125044,-1.3391641395171847
2.7915375511971776,0.6028214715513276,0.5353444025635783,-0.05388936026475809,2.251746311579704,0.24146280157972194
2.9109409440007536,1.3528543396640194,1.0820908085990515,0.9616568401629779,-1.3392240517611387,-0.6049819388976015
0.7875449196647655,0.04485445272303168,0.09256435773113869,-0.8805165681541574,-0.9012574694661578,0.7348003395432231
0.9558435093544324,-0.07740393875782517,-0.6354314049236732,2.1174182368013934,-1.7877473131820423,-0.30731734864904736
2.4986244651256126,2.2626468112930658,0.5919906099141314,0.42992614531964934,-0.6258338391664385,0.4355171953557089
-0.7144325823218536,-1.4331398824671777,-0.45840154918988524,-0.4638575033614342,-1.9299156280086887,0.22178957659799686
7.711380413408858,3.0278681111053434,2.3983151190188687,-0.9477913098792896,-0.9936967250590695,0.9013364052270592
5.095160657577966,2.1262373695662187,-1.00396339770732,0.9287046067082856,0.3497551387568466,0.8760381113807645
2.5048999863803036,0.25948004495254406,0.32521545714378397,0.12398093228824428,-0.3263289669270881,-2.0280886225351265
2.8722803139662725,0.8787123931053276,1.3994365191286973,-0.4658179340663989,-0.49457909363076846,0.28708239054455154
-1.3430095281165846,-0.6876482983897432,-0.4474289107762537,-1.6563060581686686,-0.9269764628390751,1.0019610161861545
-0.3670941030324718,-0.17947392217514646,-1.2272991603206902,1.661577195987901,0.3454480317552815,2.4690297830965884
1.9382585736258164,0.46673125611479765,-1.1032941547337163,1.2847071843500233,-0.09736245798917927,-0.06779036479225106
-1.1325878230864372,-1.4975832802881115,-0.8478677215829621,0.39545666644085836,-0.28638675539792874,1.550863577459267
-1.812232403194027,-2.966566074915317,-0.5455876213963538,-1.2293388003721848,-0.573139008050051,-2.545669452063689
0.7802718243702715,-0.4064712908040923,0.0872180587013403,0.5582519311518082,0.569415977122942,1.0313115775814208
7.441904916080601,1.7776939375826613,0.10386642883690221,0.7095678336044092,-1.5925484532078897,-1.309213726604785
1.3511106934438066,2.4057496145556367,0.6899416784489649,-0.41209484946503055,1.043847216556963,0.9333657071606868
1.4141453906014954,0.6947477184993158,0.4705930078862503,0.587274562699108,-0.3742086600555907,-0.22777671891856072
-0.03825684915281391,-1.0742851585586597,-1.610504370006688,0.4136307836389372,-1.283539023958719,0.9135406085823157
3.6750346928217734,2.7035567732645003,1.1281670396227015,0.8423542014484796,1.1168733954981045,-0.05668074253107062
4.0833199774304205,1.4767330062941804,-0.7049464829771174,0.7703126350859786,0.13409479357944676,-0.55761349089583
-2.4453102253134555,-1.570513223210678,-1.6321666590761323,-1.5740012391760967,0.07187964479313748,2.7289709955968497
1.8583433233140711,-0.20706640641236745,0.4012834041771786,-0.6670984572193057,-0.08458209501943537,-0.45837534132799673
-2.359288724182859,-2.294228036643559,-0.1449777130604222,-1.2010908445531343,-1.2489323493211715,-2.177075793874466
3.872340739246105,1.5721629963724584,-0.6198245892400536,0.829625413930833,0.7590093210579177,-0.32835593602884483
2.400697111275103,0.2575803434326067,-0.5045771721563341,-1.1051441866228815,-0.765984927767133,-0.31361700879707904
-0.7830247900402907,-1.5591488545869314,0.9186304700336811,-0.8299996340179178,-2.4297800889963006,-1.0095068290251696
-1.0151008968751283,-1.674881867350374,-0.020658779459816208,-0.2322307441391205,-0.9105218190294844,-1.3624188452547241
3.536935843191768,2.023632694766838,-0.17283281641303094,-0.9213347136281986,-0.6980128596653892,0.1764345558536613
1.3129941714534072,0.4744143715926038,0.21753611702752862,-0.6046841557993506,0.8280719230865391,-0.6663811464677591
-2.429590823327078,-1.5618809655512733,-1.3067395959384327,1.655996302277825,-0.9565839353537333,0.7778071135185132
0.25683997365862243,-1.4594457231544644,0.08126595675659054,-0.889457403946395,-1.084436355039325,-1.0122673028245448
0.07744566824395982,-0.9595023472682712,-0.2473252860188459,0.312070131774401,0.4477414769813769,1.3115168831416901
3.0534209856391605,1.5804868612060465,0.8113075418446565,-0.3175376961954983,1.5533557389288968,-0.46933199049466046
-1.726153766144901,-1.0768756141247955,0.10968019029480923,1.7445594069795762,0.508405748352038,1.0767181919708433
1.0226841548219852,0.5928451533406935,1.8945254350633005,1.5145369654150735,0.3034712961048538,0.8505399261166721
6.883837648659501,2.215055193734452,0.5902011144402215,1.1026150378408603,0.07044844544582186,0.3036333165603622
0.015389063392708818,-0.7837980721931901,0.18338749870347978,-0.9618818471992249,-0.6138280032816583,-0.3728378003283472
-1.5933787281479623,-1.873252561322545,-0.6287336720507318,-0.4210437776624538,-0.2143384398056145,-1.4996040658640046
-2.337280793847868,-2.494292623177473,-1.1112881512144313,-0.4823090846262296,1.6634874282959466,-0.4765298396576838
-2.256382018183832,-1.5763625512514299,-0.9520177232151118,-1.7151953768184387,0.6003544686783882,0.020849879912819395
3.6717367719825678,1.421561506339693,1.7777700471251565,0.7934417869148492,0.0006683668367638052,0.13101912153806403
3.590609807418029,1.5167152833314708,0.5537821209537799,0.16507526982786752,-1.1490179988368545,0.20657919416713483
-0.5554510862574861,-0.18086712487915477,-0.36076206244551734,0.7621216682582448,-0.29910714507663416,-0.6563998262752176
-0.7269000613245982,-0.5571942010947862,1.2817936215689305,0.5100765791486582,0.026479129286515444,-1.4970271084601992
-0.5254899554114588,-0.7158390330511591,-2.051287630484063,-0.47412642976838754,0.8867376501476336,-0.9361069341680135
-0.5346821849902792,-0.8601823403037874,-0.8848024154833674,-1.376550426834185,0.41570870616351974,0.4935426549476014
-1.4909021750749263,-1.5988815431914625,-0.20352492282964563,-0.47262340400709674,-0.13740345003547663,0.6623293160245507
1.786279583544954,-0.8668737951418535,-2.6054099491408453,-0.06426198024420736,0.06357473731033218,-0.1649163626722068
4.899813364813378,2.3546470471066976,1.6257804443930344,-1.1190411112262049,0.8819285743312646,1.5845514417756048
2.9064271349994892,0.37372926145057556,1.4728843014230604,-1.0952427249631587,-0.12022144489050618,-0.029221587326648375
0.402942781508558,0.03348915275855485,-0.5051420558245604,1.9499028285233457,-0.8991352118480193,1.7827943753086057
-1.88575203151246,-1.799222985479258,0.04453513529187446,1.4876800327521644,-2.2015051259099625,0.9802171313039555
0.5977218537878265,-0.5462142267530663,-0.19027235933466535,0.07113127791227858,0.5809480127121598,0.7186311953149455
3.5715824136714147,2.5996024844893397,1.3032393720860485,2.390570579931552,0.3103941347705427,-0.32268664269836217
-1.7020113545376303,-0.6987587254086361,0.8870067916123611,1.0162748608058938,0.19628262325046547,-0.7032435795517918
2.040435243264602,-0.008729359032771722,0.05280317586827,-0.3452524532941337,-0.8877532248904058,0.016647598753579188
-0.9307823508916173,0.2998202544848432,2.4598632588265534,-0.24628761315751432,0.9062630424984399,0.05017322767761161
-5.742124975256051,-2.549526871898236,-0.9441866530479585,0.06809962551752063,-1.784334732139698,-1.8128859509806494
-4.986920672639543,-2.251775489741614,-0.38702994798487766,-0.056943988666260756,0.05840355835198195,-0.4255058021052493
1.3260811457359818,1.0848527122822171,0.5195327358300187,1.9084992349132637,-0.28599102344446226,-1.400512932421106
3.564125091620779,1.0746577718261896,0.3732608334599693,-0.2545594526412769,0.2540194421556216,-0.7818215531403984
0.5329601127476475,-0.4246442991106629,0.6917180679748622,0.06250804378495056,-0.35614778017537885,-0.6254590098301643
-1.233729942442923,-1.2191256814567968,-0.051923283421647023,-1.0284818297349814,0.02225631160546422,0.35986071027905153
0.41658708911443737,-0.45392493891388785,1.0940184179186911,0.6289941845886868,-0.8524559825535661,-0.4480928187937519
0.7141660268013776,0.5134399373565101,0.9605276081459846,0.19959457079025755,-0.16152114832871664,0.9294260860025775
2.0857995219356185,1.3561046577514397,0.9608237719224969,0.9909043807166138,-1.1785486143337964,0.30828823059870175
0.27355236438111763,-0.03684651504090952,0.2643711283256223,-1.7057543216354358,-0.3216575669149821,1.6239116756428997
2.0804019760954753,0.5680530278123779,1.1082613707131628,-1.1170538872958877,-0.6590348687169866,-1.3870569547064777
0.5446203309856351,-0.20655505501837193,-0.5964477523096042,-0.3907146945025523,0.4169994477511136,0.8430148867689945
1.4260503719837534,0.30367563123700797,1.6044319716731323,-1.3824513089429513,0.8905185595731541,-1.7201819659042328
-4.014750036397585,-2.5963755452626858,0.4422966110400842,-2.187531267787943,-1.9081172100045445,-0.3375743721235595
-1.8414947395060157,-1.2289454581804116,0.6529691282947575,-1.2419477341914513,-0.9159792717627118,-0.7846893827537446
2.254653333857714,0.14931525438875481,-1.446661219393382,1.081939107671068,-1.8385673020819733,0.8767739339627283
-0.4616114683152315,-2.0487645716156493,-1.415031467558913,0.040598145458515505,-1.106963823026426,0.643170871954454
-0.11374708383943771,-0.5563277139650348,-1.2661740672477684,1.6828031101851069,-0.9876230890643126,-1.5682746660225957
1.3511299148718385,-0.13344439017083326,1.4268121444757613,-1.3063149906965303,1.4499156396261241,-2.0708313871191932
5.371244117604681,2.4431405579890035,-0.3669182710095946,0.8094734965167346,-0.16978420222420434,-0.5110446420414816
-0.21082549117662586,-1.400646195721224,-0.8822672162625416,0.12718015320110707,-0.9567498700949166,-0.3355487038713933
-0.21433484080289206,-0.4858164442544941,0.18120418205212674,-0.38598654518115155,-1.6778424157606873,-0.4544394428377191
0.39944846604528883,-1.5071818016748022,-2.5106035018727013,-1.4938228785783254,1.5813047605847192,-0.7937986389736573
5.171358309703891,1.813950376334963,2.699503791860535,-0.5079992538055714,0.2846563208836217,2.770081978347039
3.8228939692969197,0.7777273216948593,1.6393989240739237,0.2998504280745716,-0.35543133427816037,0.2073806239267388
0.5121852686782437,0.13953334086059133,-0.060588152520693425,0.5473013021288081,-0.17485112468600528,-0.004054013595024001
3.3026316799330386,1.5879317481884514,-0.22612288036833839,1.3735719637023929,0.3237828214889464,1.769265992797592
1.9920819648562027,0.3980342246898901,0.5729102315506627,-0.8747008339116157,0.5823085910222641,0.555404115245042
5.473541920707849,2.3245709087201183,0.4308490666176166,0.6355583754441363,1.8528171086790892,0.8685472736215887
2.140461966993553,0.45336207067108064,0.334185313086203,0.6858885394952318,-1.2689329913990681,0.3373705327802479
-1.646758482106859,-1.6389424567123712,-0.09108946110012799,0.23611667544173812,0.8958936655693234,-0.5870624674529735
2.5226682548046844,0.7502237366925346,0.6353197415156858,-0.8299567221694725,0.7841864575534148,-2.667675816906902
0.45554763914059426,-0.01599127988328372,0.236780572039772,0.4316988888140736,-2.2671591729583644,1.6723215590144496
1.0205192829149428,-0.17437869266751024,-0.38223246493423485,0.23447155790173901,-0.7219586744502305,0.9269456712832287
-0.6384249619550285,-0.8254027129809809,-0.5753193913465223,-0.7587509319512381,0.8746414458363555,0.0004432451145384542
2.6989981276466475,0.7436980996552509,1.076820753715642,-1.2385157347153364,0.33569073756578144,1.847418988185874
-1.2095606629527595,-1.074226823142973,0.07314190052417716,0.3978708139821106,-0.7378759346096117,0.5310524542302829
4.979458721840276,1.6826805506406306,-0.06815823546707024,-0.3395259796457002,1.513737921293171,0.6884311457359067
-1.168178172182769,-1.0271563077030559,-0.7873882740723085,0.9700729608885229,0.7876111693477549,0.7154199692404497
4.639156199059806,1.0310691918597579,-0.4706502856993831,-0.2530650242586153,-0.9811314915524102,2.3608431581824667
-0.17318000138324302,-0.52709221460668,-0.18293648027562132,-0.9347926498158068,-1.3294394922171544,-0.48554266736672985
2.079862669342292,0.5694436328365982,-0.2403240702771155,-0.6942846767502076,0.8046686237941123,0.5427967250319233
2.06057805633068,0.5112772850007421,0.3386939164006601,1.2546567548588354,-0.14482337122038677,0.9786747860142988
0.6697834838624241,-0.9362485863079235,0.16499886390446353,-0.8349187670832259,0.15182593493590765,-0.3429839212019545
0.6241628989560726,-0.23484417027262144,-0.09611147078646957,-1.891354267494041,0.46888857189164257,1.0728160645125686
3.913789417408948,1.100518267034742,-0.25797889010936825,-0.6002609557911714,0.9351221648204922,1.901324952133115
-0.977184909152673,-0.9501496500669758,-0.18294064031652169,-0.04899854409588377,0.7877330469479664,-1.1563261102973528
4.269184023367178,2.008924727408721,1.0402228632285468,0.40268141806968,1.7211451191173792,-0.42849524189375904
1.7011864828888157,-0.3783836014183106,-0.08831531465836694,0.5823546478976732,-1.2113603832565423,1.5824037032712024
0.2129698222734152,-0.12505799018826014,1.8455634121740894,-0.8106077005433114,0.3910716164827838,-1.136216068606518
1.019144933431812,0.16540643996549267,1.1082490448804332,0.10581482242134918,0.0027792016527627603,-1.3184303470060272
4.477129531994615,1.3014000178962892,-1.0157623455763423,1.236460049647633,0.1891277738979868,0.11066029712436436
0.18787927355614928,-0.6532930891879446,-1.0355291508991649,0.524822078296795,0.20142786128581328,0.18918558745757474
1.7522984612886625,0.8580333568808737,2.2041109705172808,-1.280809023884096,0.32919738589865283,1.0240451961106505
-0.05596452162666343,-0.8420081919710545,-1.0178643632400113,-2.155446053585961,0.9416503009969992,1.0371740794503246
-0.3402736423546644,-0.9999436506858764,-2.2737631165987024,-0.717283571000832,0.08939779134989777,0.42289863702980246
0.713772375665981,0.03735717427986074,1.0705309400576937,-1.0302410464405076,-1.907757667918181,-1.6489958455729192
6.00863528507786,1.6930417783333942,2.105158835445747,1.193237766406931,-1.1826085279556988,-0.8030914039542285
3.5973281053022292,1.4625803890337208,-0.27203551328422904,0.8224447717493955,-0.2095088793801726,-0.798805882715804
1.845553335391862,0.9628695586553936,0.31992611097546947,-0.2075955108955308,1.5197639075261467,1.2334917501907972
-1.5388512897539033,-0.9495183606917904,-0.426242254613391,-1.9315795773032636,-1.668709044276921,-0.9566911655055758
2.3945790402929816,0.6432359952499678,0.9966318232938056,-0.7119620130257923,1.331892860881211,1.0929490328316889
-0.8455509253707786,-0.6778430693648376,1.0893463465256927,-0.24937224932862784,-0.0940930963057075,0.21107962420203927
-0.4259021249063656,-1.0908546301806972,-3.330631890520206,0.22773645851516544,0.16281449137650345,0.02625406523675693
1.8516162004349244,0.7536070964078034,0.5151821081233432,1.3013826938364508,-0.9013654073588666,-1.1958676389775238
2.083507730169942,0.27441354294874015,-0.9888841786685388,-0.5777825712650504,1.8094761795754362,0.8261891144814479
1.8545831524286962,0.4342049940699403,1.1187804754671318,-0.3424865540553739,1.5539246709933534,1.5031386272518623
0.7597854319417714,-1.3760844745203618,-1.2483955530344752,-0.4797086013616916,1.3009604219759,-2.079930985742697
3.9820365325065854,0.716349382103108,0.29947302076927673,1.3042036015094784,0.23040226316207651,-0.6899977466549103
-1.5918063865139165,-1.1173399151298675,-0.1833790416785045,0.2323357583209014,-2.1762643784151985,0.7546964234893726
4.0665806457657405,1.572260433852199,-0.712049813422193,-0.1809695949787321,0.23794503742774673,1.674495596202891
1.533933514167419,0.07408771296827554,-1.3830624844346278,-0.8458173166791365,1.1811477663112275,1.1018813825322291
-0.7948414493504901,-1.7974279002527687,-1.364935388839762,-0.4864740678766261,0.5616366222720147,-1.0463039548573356
1.2920707723681317,-0.10765615254950522,-0.4798667730668233,1.0116872812736613,0.9425441680991334,0.4516243414653087
-1.27352887587644,-0.8560600302401173,-0.6504131468959636,1.06168156763018,0.6265437602624218,0.4439988740612219
0.6217571328413596,0.6073845095427781,1.8696949202344388,0.36125258606918725,-0.7946179500123739,-0.2696057361774802
4.650220254163888,2.1419526833249223,-0.16596704539669407,0.8186688545820757,0.20348829804516502,0.9977262071511409
2.1587631064838915,0.8861176189887056,0.6426029068917761,-2.1571937821588842,0.33476111212381965,1.407000201229302
-0.4448580248385143,-1.0192166410070778,-1.022041834605078,0.6909029017311736,-0.861533188163418,0.4727306072945758
-0.36512360449492154,-0.7215762733410442,-0.9741303498198907,-0.046231391915759576,-0.23109351270455628,0.4413195226779258
0.6390680946403853,-0.1119489211260341,-0.7727895755385431,-0.9322648299103469,0.5797301652568968,1.348176681853604
0.7466904283572835,0.09510060338966542,0.31905292433319304,-0.41342145574114814,0.24107669762494113,1.5016127523728444
-2.8897829040604615,-2.097555502493918,-0.505197346336289,1.0038246256068823,-1.0604943303762007,-1.7421310159827132
1.2433113433208052,-0.8449580258629639,-0.8562431230348229,0.1823711315610129,0.16237166800098204,0.9546368036413005
5.552627201126265,2.1558424380160788,0.3606270971562341,0.2920725203447849,1.5092553261178552,0.40911626241054333
-1.1062429183594058,-1.6904472960725068,-0.6655666888927706,1.2443012088305723,-1.1005668713441015,-1.2820720421485943
1.2312631251134154,-0.25270579934709725,-0.6257126695898473,-0.4724226265352084,-0.21229018328709254,0.5664248464864718
-1.6050620690154815,-1.783718829453635,-1.3471560858030605,-0.46185581532933284,1.3852273214917503,0.650924426236421
-0.4393425358987323,-0.683578059731359,-0.567369957429612,-1.232263938744451,0.04537964460255094,-1.772928748351414
-2.285120994755661,-1.7474578617518357,-0.7701568799318135,-3.672899658160277,0.34659570970681447,0.757477713787957
1.150817344525111,1.4844489820890612,-0.9915356670867685,1.5915165432973686,0.9714202634326133,0.3294640875310843
1.0368634074843008,0.009142554763945765,0.3101920009608411,0.13256458692092812,1.1959371548689437,0.10161074691909674
3.4443739127922957,1.7577675623911233,-0.3659709130131,0.19909652449332166,0.4699062085720376,-0.3678069927558661
3.295268962228402,1.2696817699456509,0.2557153123326922,0.29764943338840627,0.27058457272488196,1.1992040729689428
1.667153299478298,2.618940358358385,1.2613060264700906,0.049544831704176555,0.9928130141379317,-0.3084106652688631
1.8762856487961492,1.4927631158177699,1.0265271240545202,0.7477649114580067,1.6629885711262111,0.45060345827193043
0.6824064281739441,-0.5000479027997174,-1.8116653062622077,0.6276278044001596,0.08825673056107043,-0.06193019486398191
-0.26672604651549103,-0.5117736669785361,0.11337162696006052,0.0457589123529532,-1.1587055262351527,0.7363558781670587
-4.811904603269397,-2.359707203036624,-0.778779142514754,0.06412831882090454,0.17254807818506046,-0.6849215439036163
1.0660182667660865,0.24727887979751784,-0.1577977466422794,-0.13678340531129637,0.29725219694564836,0.7403334227252423
-0.12014512825161527,-0.2519961703120627,0.9845292828469007,-0.4132577396062658,0.7528879458722842,1.1722564487480405
-0.13737860798250168,-0.6800535158267571,0.3182241626166161,-0.416379079243061,-1.8111076653870897,-0.02876872840335898
-2.859453827888605,-2.791550874416865,-0.1626935866465579,-0.7438738146464936,-0.6069495825335791,-1.1519636918194305
-2.3699233425925676,-1.9742153240449691,-0.18605307847362393,-0.2823049858247443,-1.0129523458038676,0.2811211158459672
3.3894265331792868,0.987439792428841,0.005669776263714629,1.6819223964521441,-2.0870580932040723,1.017909191627097
-1.3569380962921933,-1.0958222903783348,-1.4663419527402872,0.3272320432938919,-0.49199812314910163,-0.06754836731639699
-1.0090578900316027,-1.2834555020408258,-0.15261019870044845,-0.3430695315094723,0.45215770668674093,-1.497474518722476
2.5045253029886116,1.306402944465088,1.1330536972230252,0.8594889619913822,-0.5122468359364951,1.6128304923707109
0.6010146122000046,-0.1099595212668468,-0.7778466922864534,0.5901100025596386,1.0945985158818903,-0.31415373133705404
2.508764120410441,0.4677301294135982,-0.00558553515194725,0.10183296163987668,-1.1539932966458644,0.26062257502746555
3.6841080189212967,2.004304409723156,1.172370604552808,0.24429866699572797,2.052778555409274,0.1636234903927441
6.409248345858501,3.1685693928794043,1.960244706880121,2.076964755123645,0.47566173163645503,-0.6814562912268409
0.37217083192730505,0.2456670715904104,-2.121906118928493,2.5555496421388666,-0.030483409449572247,1.2270605497400306
3.654254054266884,0.8686913891391204,-0.3794921085011357,0.20336071921256116,-0.8785203428208549,0.6281823289141262
1.3034618194269303,-0.004993816065155143,-0.975287552408155,-0.10498659666925907,-0.21786915419296995,-0.3812390847394709
5.33631031225406,1.5074238109832527,-0.6984820202180391,0.6795560555252578,0.6808924863173694,0.81741924551342
1.8777163213593004,0.060013980100142035,1.2940382232982646,-0.8782598327258446,-0.39243732578772117,-0.9913060287266626
1.9032939119371322,1.3971738368732538,0.018039906758056397,0.34900188698176154,1.7136234029665969,1.3927039235912855
-1.681470811061603,-1.5485646761700775,-0.08297017885487958,1.531210489682657,-0.013880102384984274,-0.5650785908127145
1.818450616470006,0.5935976855592844,-0.9347934958184109,1.7095108039094449,-0.06618977537382162,0.6551177314854679
0.8548848210876943,-0.2249851308869878,1.2567295074005307,-0.34641860293836046,1.9266435707498837,-1.6705345865533865
0.6541977207921997,-0.6046617683442593,-0.6414774599962345,1.1969355205973997,-1.8704464139494974,-0.6024068906169702
6.024108972908144,1.869542568262164,-0.26449087005090177,0.10211033220816741,-0.14333863849730408,0.761850057356159
-7.3916878284776475,-3.0196440070900756,0.3876446018927374,-0.12848847305689964,-0.2294505976751398,0.5002938261587458
0.5050471566253852,-0.7963871572726492,-0.3806839180819366,-1.9271130595347576,-0.1639620987415356,1.528923370569985
1.2911311539575219,0.8974704857896512,0.17316900856512552,-0.2724699432389499,1.7292918390793175,0.925430138202821
-1.5530193850938065,-1.3953957901149816,-0.19285438806606814,0.2567583982384124,0.5972780352359556,-1.4366131421255268
1.5569044309829054,0.15522062851865165,-0.218756021841263,-0.46230859906250915,-0.4666835321012748,-0.25408511774622305
4.440195333960238,0.8706786222277096,-1.2727507188408127,-0.03232934269333051,-0.14237939265358468,-0.870970520051608
-0.14177483508195265,-0.8242183801986751,-0.2599425423365872,1.5405035228475163,0.7043246299707195,-0.05065832175592369
5.683428757754054,2.606500162081809,2.421090077486733,1.7749751144524308,1.1977542414112468,0.16549225365973436
-1.0734389371279602,-1.0081229953387787,-0.429024095485125,-0.8795994407968978,-1.331489925560248,-1.2262978260570012
2.0838511012233245,0.7566300340337435,-0.5042061190266024,-0.7977264977284649,0.581661661756234,-0.0787007043594749
1.2130407721209475,-0.09540440090063712,0.156416020050761,-0.9076037339611452,-1.1109820766142935,0.2762464527285052
-2.131046866698947,-1.4376050695299263,0.0620567902848247,-0.2946897352272603,-1.215890783475855,-0.054795831631795064
-4.078187047004218,-1.607236861105135,-0.9825309394753996,-0.9361194664900886,-0.4591269732327278,0.11236804191920698
1.7831387732027595,-0.15290525081508066,-0.6605249075896288,-1.6637242905935143,0.27587976343848575,-1.1541387009022224
0.004143086452550515,-0.6279754425790262,-0.8007735597356493,-2.5580871010489235,1.0680679123832326,-0.1746407094660093
-5.185155720469642,-2.2282339189749334,-0.0663674152216859,-1.0500732572909905,1.2790538079571623,0.46196560789582497
-0.8054321024818731,-1.6793230726737387,-1.5244680802783297,0.6632440836978986,0.24718863202317334,-0.09614198260458784
4.426348957675869,1.7608231389032087,0.3393789874928303,1.1073967498422086,0.19810090146641443,0.30024015959722256
4.804972418382914,1.8065761083457108,-0.42203931227056785,2.343337532404673,4.402141294125624,2.061990218897058
-1.825035994301124,-0.6066690806195623,0.07660476915551408,0.13658866751265406,-0.32795046112519427,1.1714844994107159
-0.8183229278577548,-0.7068207570786065,-0.15526479778592966,-0.11996983394511959,0.2727437924192647,0.21272378762479544
0.20127241309021773,-0.6503931666315241,0.03527123697633979,0.4848948646509029,-0.13654246852699337,-1.4908367601382662
0.9532827862283879,-1.4069919727816493,-1.3481108862848388,-1.3239926896178424,-0.06999977305457826,-0.6510821972756244
3.742608205137695,0.8270643359291229,0.8181759727455002,0.5199946728980823,-1.783633189532287,-1.1390698907099606
-0.7308803697747202,-0.5910996347400914,0.2569970927163974,0.9833982353845235,-0.18021241795132045,-0.4390563053910096
0.9033655735623147,0.30380597898019723,-1.0578178471223454,0.02431020104285764,-0.3382708375819034,0.11170823965550881
1.155379227127633,-1.0246978030536495,-0.861481229329485,-0.07693213458667467,-2.401287240454777,-0.624911004358497
-0.6834090579821399,-0.8150040831110106,-2.352751056308153,0.7635205418319616,-1.6280360050109353,0.39946066081470555
-3.085117027341628,-1.8625181787079172,-0.29440081083954994,0.14429531632738926,-0.7674182262033928,0.9451051849932744
0.40327795544793726,-0.37267702062385766,-0.2775004194110911,-0.38920398946109425,-0.40075847546580334,0.4869230024315252
0.4248138943809405,-0.28606705873505467,0.3948586711454227,0.6489294354214428,0.06609489827454411,-0.4138414508653723
-3.4200042733655094,-2.061084517707416,-3.4207355984886796,1.048953495828231,0.13817333055399536,0.8683651983289026
-3.8700694929261723,-1.7946305704232137,-2.9313912036399747,-0.060855977918207335,-0.8865220375735824,-0.5573238984056673
1.8017691458650436,0.6572524721527716,0.9309286753753248,-0.17862319330283435,0.6846191532033676,0.41997793660940647
1.3753184540949495,-0.16030554150589993,0.877641253811366,-0.6455781195453943,1.5569756513220767,-1.0423021917047062
-0.5805733137328193,-0.3353620875503373,0.14577048348208868,-0.38547691339368295,0.9182655099950795,0.4299331113859211
0.740410043439625,-0.7808251165545729,-1.5412803561505397,0.4525302417415104,1.3027970926880204,-0.06928273602028535
3.7231735943726463,1.3356837216799584,-0.190188965670394,-1.4059729881891432,2.412110881646129,0.8171632849803179
3.1313492788755473,1.6577337863857828,1.8381324240830637,-0.13155250565227497,0.5378507444379587,-0.011988656767594856
1.0035573396150534,-0.5762906079727311,0.16733023090617244,-0.7913394691372043,0.22225397616799164,0.5011571534571266
6.275650043922468,1.9648185277278485,-0.36614116888107356,0.13020244576864104,0.49051378705708176,-1.4036222332734611
2.4727112642116875,0.40697305374558457,-0.5943206270195808,1.7040079646194504,-1.4923346817900445,0.395819078552205
3.267980094987589,0.16709119233410452,-1.6511110008281,0.32308640252233245,-0.08798983001836037,0.7592778059994918
0.020563606958293845,-0.08599975393728919,0.22812881535447044,0.9011187273393403,-1.4852975482889466,-0.7070726966407029
1.875292943347232,0.9789374287597442,2.4247201972984493,-0.19584323914527774,0.5860531616582174,0.8061923664318255
-0.9811720417361287,-2.7974428503199795,-0.7199314912479189,-1.5535384307191418,0.44495951161991404,1.250404758086033
2.4855775840853855,1.5969734046884319,-0.3373310370998339,0.5031305333555601,2.8142174574438314,1.7132230029890632
3.6150919368174663,1.166469554719459,0.5616056325324638,-1.259222780460092,1.4333947738393644,1.0704040528326895
0.6685557539058813,-0.9810155533404787,-1.5190968421136417,0.9395057758006506,-0.42250818997247463,-0.8983011835293743
1.8020413920337863,0.7230797018559756,0.6268288968829167,-0.9165068169183664,0.44081072571493096,-1.2295678346448577
-1.442898282813922,-1.6896075926544785,0.005857730270296977,-1.1457257316741962,1.0445582604541594,-1.3520016823901686
2.449699419681407,0.40878730698178545,-1.2833893239607765,-0.06134629774658643,0.07580152470988193,0.8220158708444568
-2.6936558502680494,-1.370331219545754,0.037643978921157284,-0.7632279088601653,0.8370830584250731,-1.1903415024574073
0.6768515758843616,0.23615008011561023,1.7872008957719852,0.10228055587418039,0.8077184985444749,-1.8589392997357896
3.154240681389609,1.9614416491941233,-0.5055492439510523,0.6636959565429121,0.035766563000703175,-0.9663340422920808
1.1237455617823762,-0.3434185494335705,-1.5076137346588996,1.2761853764696955,-0.9908430703662577,0.04454429946623552
-0.9205634192804344,-0.5864190720977348,0.7580321003578635,-0.31694664759351726,0.43431775897442987,-1.7075591311689062
1.2623700401352234,0.6437086051962793,-0.9477946565208024,-0.5258090364949071,0.9219430850237087,1.4664721213439884
2.3705020985831657,1.5767040238266121,1.0646633286945926,0.37261844530117744,1.5546237076534606,0.29686699870315053
1.146231005525098,0.09326772573474862,-0.3261188436364073,-0.864108686947493,-0.27224372248843726,1.2319030297984235
4.051364769197135,1.4478952712270554,1.2889690893802066,0.10460149926146547,-0.9479951540018784,1.3761850571937013
0.35581913404387044,-0.46446963414159337,-0.15788472680733184,-0.10229587113555932,-0.8439804601632591,-0.36993635608503656
0.3853046463225571,-0.5976397699520547,-0.7610120850915321,0.674089755065295,0.3535019923412138,0.33015192599996357
2.262999987426663,0.455281812588772,0.2723797447700145,0.9406327529352181,1.3265100884300305,0.24443259959308847
-1.5906975227687763,-1.4765926760682018,-0.23446369565686445,-0.7084993708035191,1.3072326165463424,-0.6997036414072839
0.821422588141758,-0.23281262478600404,-1.1715283053526167,-0.49746320419284074,0.5148757713959836,1.5101395504714827
-3.992123759612894,-2.307428091115239,-0.14485205845250013,-0.24079227855624824,-0.6166132617546047,1.3885637089251963
1.5974465028415312,0.7015819326153545,-1.2423685624437586,1.9815592541293672,0.1502601346893034,-0.3120352949726315
-1.7062422208923316,-1.8257291909365736,-1.6163506547668254,-0.6727393392365411,-1.5326961875064193,-0.8096708678371785
4.6156872274179115,1.002867703232337,0.14549253874898055,0.8699389987112781,-0.26388650475336906,-1.480542472332053
6.687993088532823,2.8032778201180433,0.04184540020912641,0.5064378140426307,2.5512381925117094,0.3778994624061337
1.7430813248299941,0.9412598570340673,1.5431744560931526,1.4529619106519798,-1.3862662176162457,-0.41393468096133795
0.9641136046335981,-0.12742685396697018,-1.080766293585202,1.5898176893875653,-0.2827468656235834,-1.7886842177021085
-2.77526631499066,-1.4439263751015514,-0.005039375199437328,0.27487663139343615,-0.5229890499201171,1.2614728385332197
-1.821710725353172,-1.958654591604935,-1.008340861108325,-0.08546593596966777,-1.092229428747021,1.268114581601114
1.8801704440344218,0.994321044532725,0.8532032404195686,1.746099123365477,-1.072208893718411,0.6663556309091185
2.279888787297838,1.8990621939907941,0.7886931036827487,-1.0749796216619674,-1.1457015123864618,1.4215110474174806
2.311343475148888,0.4857832942789379,0.32159656859452823,1.050334827848314,-0.41003171420313184,-0.22165064225757997
1.2827367448423943,1.4549806402614451,1.9590208729456893,-0.15802338948382255,0.3464498823341708,-1.775691358320818
2.5896941572768784,0.5435085016906727,1.3811380861270324,0.9151584077390101,0.029161202224569718,0.2507934302278907
4.534703913334077,1.2838144133571188,-0.5110515761384365,-0.22202602833672871,0.12381987680081341,-1.0437731202766216
0.4148652845744268,-0.29803415667387084,0.6408805615622256,-0.7615692297298542,-0.8732339188774844,-0.6746911681285198
1.3763536680312787,0.5449176578211407,-0.32714981701470686,2.125739966925307,0.21370788503631527,-1.7436914962626053
0.8458280030925338,-0.4836265001045073,0.07705633027046757,-0.7130797416973171,-1.4717975521595081,-0.8563238975483752
3.5855460283862186,1.5590656481120284,-1.0614439179157884,1.8743206806724115,-0.16317556225152585,0.15562217219791702
0.49627473463552396,-0.3899725019939694,-0.04003897590547495,-0.1328941018918172,-0.7152854930567369,-0.3538389995683438
1.6961973520241318,0.850638699834577,1.6837426462470158,0.8416040723495435,-0.6834624706396126,-0.07672714923027378
-0.9965308517594242,-1.2701499615093046,-0.7375388279259918,1.0406408950648431,-0.9775958575264199,0.06251234764052992
-1.4253708036174784,-2.240850636842442,-1.6311340042173084,-0.1314929204253901,-1.3720320950507565,1.2128802302202726
0.528351496666737,-0.2974615450500926,-0.4046321822295634,0.44634138324798317,-0.8736428235645616,0.7105515978831372
2.5722566996224128,0.8165942141591805,-0.08133183458638886,-0.7441334390915881,-1.2145905964441532,1.3728955388792263
2.751907718791303,0.5119181739240106,0.09507267085782513,0.9299916540646318,0.6801578562320351,-2.488559669345267
0.42533588513232456,-0.39950843700783056,-0.6716797517820664,0.23321066237652052,-0.2431428267456657,-1.3433462619063408
1.356295839943357,0.2917200733247656,-0.5151794643859444,-0.8543349543781842,-0.11448028967950129,1.607574453826624
2.3910930205878,0.36931068246773224,1.7495111225918831,-0.19770434197163758,-1.8191292556189744,-0.988880480265421
3.0564049768181425,1.4681530523232516,0.6063961688861905,1.140516527609208,0.868720416530267,-1.1953025818671044
-1.6435777470064759,-0.8652593980556058,0.028637182229794417,-2.4485666825816357,-0.45116202555004287,-1.2153059082207316
3.618691526180757,1.5917456978656366,-0.39358209805393457,0.9287637222933804,1.2656450742183813,-0.3159329939823417
-1.220413707766487,-1.3582951267015253,-1.8481356142031151,-1.276672275106627,0.19411881188062108,0.9977614245054182
-0.17265357174618878,0.20588164531358222,1.9892405726598053,0.40098184878910426,0.7001083886130949,-2.1126736862382662
0.2882554850262592,-0.06690788577763926,-0.6574168639635227,-0.3122713958020528,0.7706276526098649,1.1237297132963842
1.386487964319239,0.2196067581217429,-0.4629679516389777,0.7276691392622872,-0.293110456295129,-1.0954281902226128
1.3649370421482427,0.9999050112022131,1.7445040660538458,-0.1411318136534099,-0.23673914292420506,1.3760807822715073
0.5256877940455765,-0.6733205323223304,0.77626944170434,0.4470954901203409,1.6018949462798622,-1.8372210050816842
1.7646008130995798,1.1914054380455035,0.5064743921685513,0.12404051548371228,0.10039845763136479,0.7169219564913938
-3.786414547551045,-1.415642233714582,-1.5466848334298928,-1.3764929964993373,1.5242575454913647,1.268668320205985
1.9112343313688323,1.256931178922988,0.35434878211538007,-0.6342429107767238,-0.0023966588180708236,0.17022407154870164
-1.0599238855960995,-0.5404110502279333,-0.7135594681650836,0.5159939345625519,0.16584994162722438,1.2780285031198086
3.8252508851932028,1.433284081828786,2.171471623821867,-1.0943829087259869,-0.32318260014829936,1.9414648142916326
5.196659431233593,1.8056362489296585,0.12805520138654228,-1.5808523798118672,-0.8655514033113285,-0.12074006566391592
-0.6998115121894237,-0.8707157963848572,0.8347525578982978,1.396191221379711,-1.66021266979989,-0.461354565121945
2.38082528846411,0.3431052823034519,0.053072309849100885,0.7161176067756041,0.0879525363648333,-0.6353123862203761
2.0510351159488436,0.8630622034072081,1.3627810217395862,0.2077199690683701,0.690029600789206,0.7688779758726506
1.8954544081287916,0.8465608736948997,0.25541535343135463,0.9326910136173335,-2.003238068165196,-0.3296250596224851
2.305355257547295,0.16336815109797287,-1.2676570417294581,0.16326917205223554,0.47655836685430986,-1.1934881869016638
2.069469709950678,0.30652539846204063,-2.2717134496455897,-0.5083159463927417,0.3354172729718273,1.068758597749599
2.8556768977809415,0.8652346523964319,0.1483910179768356,-1.2866528447049304,0.447874128979281,-1.3204125822630022
4.621637574313301,1.3101285474878621,-0.8617318754166897,-0.4622236190398003,0.924128532546176,-0.5176956544134479
7.413960749085925,2.0678127274508844,2.0448803522732266,-0.3718554173817725,1.9183843936201947,0.62998021170079
1.7723920833924534,1.0583896317238606,1.0857889389650863,-0.34402099362873645,0.2365391205449373,2.0744210771361775
1.4998943254231665,0.8142052529891544,0.17026851739913382,0.9621360853975015,-0.738845992059401,-0.029133429098215917
1.3419091016845623,0.5895254778293002,1.1196053528350902,0.1472957430137127,1.9585673807550283,-1.3317264644581053
3.1399115648238807,0.8758628988512376,-0.6567243166783439,0.13742874535899102,1.3500055585334674,0.6749905776352808
0.754065800649858,0.4556787936256024,-2.7922750952670783,0.4856971137167985,0.7099508590429013,0.06380234380878438
1.725259452303583,0.9360258472001387,-0.6565723192721021,0.6414923214213586,-0.4272981516489657,-0.38874775770610087
-1.6450909643403668,-1.3015060328090011,0.3245898642608974,0.8462782040710147,-0.6879378719483569,-0.19195049874240055
0.7926990448663593,-0.5841084712340087,-1.890422720287985,0.16348399181841936,-0.9147201086506308,-0.48933110574038646
-0.022755686359804905,-0.36883078114702283,-0.11263173580333007,0.3078966744394746,1.3943674104266774,1.2339113670092028
0.32683803576086407,-0.314873956841042,0.6921541382330328,1.2696485159456128,0.3430275768835209,-0.21033412343056254
-0.3004994926207183,-0.9879092729865566,-1.2052206938607661,-0.07769984381134508,-1.1503378143385832,0.8485589200815792
3.369850684258751,1.394704091791057,0.14799089985933844,0.6461159976272506,1.4033889451923878,-0.9296831430711017
1.4538753171654668,-0.34153524291912407,0.6941867090121913,-0.5091881091291914,-1.1297881484522374,0.6947594710358148
-1.803951719499058,-1.8452776277553808,-0.20537019640586568,1.2378285487250578,-0.8453869123480185,0.9224202633859604
0.47395435122793383,0.07630796995799027,2.1474336544558152,-0.6079372855869569,0.9142071929966428,0.8715330708697236
1.4889938578662814,0.2995902196208341,-0.9482350527352674,1.7844311779732973,0.7108397186767532,-0.2881874314381997
1.4102307931085887,1.1076516753255785,0.2877717570127146,-0.6226243458043965,0.6945918062979797,0.7211923471066181
2.7265531375313454,0.6289273446499163,-0.14494325113423093,-1.0116165169918334,0.37467971731285216,0.6052148165778889
2.4613058601974416,1.0306338242471111,0.3498585526968974,1.3575301351081124,-0.17552348819874578,-1.129455439311649
2.688688810846728,1.3069240629611485,-0.3749247634819754,0.32708074937793596,-0.2703606785805994,0.8846079465420357
7.474511458421801,2.8046835393210374,0.8453074026751507,1.2604785612013625,-0.8949289118378916,-0.30885736680733616
2.2465726030663618,0.9878783509784077,0.7470734449414702,0.10288143500515005,-1.1059085862898146,-1.526073931340279
-1.9396873275242184,-1.3217677537034893,-1.438661527743117,-1.4970756386038186,0.4110840948461566,-2.306307323708262
3.8917190572646843,1.6984479425670662,-0.8734142827896676,1.2005215841586085,-0.20319153805291162,-1.0974217739001193
-1.670487161730028,-1.447620375041868,-1.0735666314012333,1.4249052047489872,-2.416703225622426,0.6817671802831105
-1.008637655400928,-1.5099503115072173,0.21982054845791985,0.5603701067592217,-0.001878783818932877,-0.5399451493862012
4.071042342628764,1.4683229498483101,0.34612993035660305,0.38718621962923766,0.42735198657511225,-0.1141572557780709
2.86689331282259,0.6302794362940343,1.0826703135874676,-0.7220870657938309,-1.3353755087050927,-0.2233610732685029
1.3228316169100733,-0.1601612081028307,1.029665773758649,-1.089705043841313,-0.9634279463858192,0.9626794377860269
-2.8872975388593662,-2.884839155672759,0.585661393310176,-0.8918738625970527,-0.3560613638385082,-1.5554941394545942
1.5883624755754533,0.2923574313169714,0.2997329060014708,-1.2920086948278837,1.1129753938164333,-0.466756046949807
0.30032951759678306,-1.0291164508082584,0.4305301945166316,0.8326510552643328,-0.5621315460833995,1.1466357498309654
0.20003893099741266,-0.6918335936270511,1.2971762227403423,0.23296561854649298,-0.08151869955543758,-0.45098851195655754
0.8607049994891067,-0.9473663332642401,-1.3047601679556586,0.5001093255036214,0.02523224960408171,-1.2375807901212406
3.7385943114436806,0.8072448553560296,-0.5686611317541322,-0.3340787335258272,-0.4077704345059042,-1.3611953261309215
0.6646055022128003,-0.014058287129683517,-1.4212547306391081,0.037472751322799036,2.2090876671663855,-1.0320162065232497
6.4281423113514915,2.944001099013107,3.069928966705699,-0.5056737135282842,0.3473375050992283,-0.6379270081289787
2.1592016304889396,0.6783303211169169,0.423126170083914,1.884668875740806,-1.377124242241964,-0.6105623958970146
0.6216071339152982,-1.1224047689432575,-0.5498255079603936,-0.2812990013701103,1.4586687683859225,-0.7284318670490353
-2.410158522777317,-2.7153571091283055,-1.8381032875042318,-0.8094314564627798,-0.6979197429923801,-1.344884548377278
1.314602225712405,0.7950468263858261,-1.1922687756463872,0.9113751343528956,-0.21519557099462014,0.018409477276755442
1.6550423918636066,0.4089820385086794,-0.4640450653450134,-0.4836154503058956,0.5654261884371155,0.717504929567198
1.386428635942169,0.6361984484185101,1.4146299009291425,-1.014054456335112,0.06450294003693431,-0.7611009100849445
1.3419695451904627,0.9707793246872611,1.5141503024338714,0.7289182138402509,1.2216485340861454,-0.0898988181719091
-0.4300074681000767,-1.0857647776088357,1.2711939041613325,-0.8306194581651559,-0.5467147617618497,-1.844118682876037
-0.3453729936001734,-0.3284618977413579,-0.14749859396823137,0.672755817384044,-1.203083282851564,1.2529749751922845
-1.236020301982092,-1.259891957600709,-0.999005259766071,0.430159370296059,-0.8468035328765138,-2.52074898434735
3.4461115983867425,2.5080353047105968,1.7886711807505167,0.45793886484820934,-1.6179408731916425,-0.7977123074433287
6.632385968356591,2.1911498761865422,0.6568645838829392,1.7214810069566695,-0.6756341042471977,-0.3145741417977756
-7.208013462193833,-2.3386379082768114,-0.005498746469159543,0.3127758158956375,-0.4929122822204394,0.9863728170934848
1.4757307540641438,0.3222212087392072,-0.32882560997215576,0.9475796972099968,1.0219512079521,-0.7921103044760966
5.674769570445504,2.4785650616839785,0.909403503106393,0.01397004389828735,1.098721212415488,1.7533740269899067
3.5050740777943687,0.7979618865793331,-0.7983136768171251,1.2950833655357794,-0.059821449347801266,0.22619040167686058
4.687795098843491,1.0284999593411432,-0.7039937583780299,0.18349170229541978,0.17962621922429314,-0.5001260798428565
-6.064394018188175,-3.2471828307083164,-0.3873263735509259,-1.0690005628370343,0.06523145658178536,0.2576388450704041
2.000710820594852,-0.09903237953576771,1.5144487738583927,-1.5277206282964948,0.9793192240293995,-0.16124623465699972
2.1876429300356732,0.5923741139440779,0.040951932997253686,-0.08219537413775296,-1.1723520196533619,-0.1979929841179407
2.2803507604661384,0.736087438833091,0.759983025453438,0.08078150057458743,-1.1863920265045471,0.3163988695776698
4.995437942803342,2.6394238320508707,1.6692413938071589,1.4084457768915362,0.35085910586485447,-0.6141859211541533
0.9649058057185006,0.031129164847810586,-0.5466913011580032,-0.4756863600738654,-1.2946132219663549,-0.7172006742081609
2.3021833007524846,0.2753566292578189,-0.9016482445500554,0.2129556842076448,-1.2617247676266454,-0.00974267638716891
-2.3684774686963506,-1.4356508390366391,-1.5815899226466354,-0.6765211687771179,-1.020790203927667,2.4557244100897933
-2.5044826552934705,-1.942626376144387,-1.4911463313938234,2.12519641119438,-1.6014555039365812,0.37898941111734297
0.696409628550129,0.1741734685308292,1.0233820683740855,-0.34402791554126083,-0.8123970818680527,0.3106111000177402
1.0777356018141506,-0.42382004563377673,0.48285547377092447,-0.11302760103427116,-1.494722507855038,0.311583712502177
-0.23190386996909906,-0.23746885793608857,1.6128166288833408,-1.1771201607003776,-0.7558875541321236,2.0543167477341258
3.098231005654165,1.0089668788807618,-0.602468537911675,1.3523305248221529,1.9195294923106851,0.5906806866744895
-4.866618389680024,-2.110198359908537,-1.5335942661169855,-1.1547206904986438,-0.10604156593747908,-0.12232105180333401
1.0821287013045455,0.3859244806515071,-1.0056488531247385,0.010295033897592832,0.23082107607849298,-0.7433180972236335
1.9693472934139882,0.38910845878192046,0.8445496982309769,0.1770489602086048,0.7556719410595851,1.6234971279025252
2.3886313440152116,0.3737411102430108,-0.6875376176618131,-0.19746280987163428,-0.60566994738888,-0.01498685860352736
-1.2458928385047552,-1.0486341105191292,-0.7926753714580622,0.08782245320056216,0.22402376131033425,0.6905546487216199
0.6852956794112152,0.17546157786521543,-1.0925691653608132,1.0587069107691351,1.2794186224793498,-0.8404985840235499
5.418777103975798,1.5255453649006963,0.3522163913381176,1.3994579503241946,1.4981877626371107,-0.3729407708685289
0.8127992955188328,-0.020798625367754675,0.7897076918760269,1.0608878700571842,-0.6292485119050157,1.521730386244225
-0.9904492941483862,-0.48621732769579956,-0.019589950826717162,0.7116375863156886,0.27428559012506926,0.34273761932148167
0.6729209342845266,-0.47101466489008925,-1.3374082228632196,1.423829258579475,-0.21979177693249005,0.891030273611443
1.9908290974809095,0.43940151179744347,-1.1206640374484294,0.09164700770533352,-0.8701111379870498,-1.5054516495382897
2.9578594009976453,0.9716125385589267,1.2453589803211265,-0.41584145677838624,0.11354672940564961,0.9899537788193142
-0.7013600446780374,-0.7514328132461385,0.30570094754472577,1.1990222868619775,0.31448293233706914,-0.661533113451348
1.710839515413452,0.6299510765485228,-0.42487425026195447,-1.1623823592387221,1.9353782119455838,-0.36826319889864373
-1.6674965107177995,-1.1133590655822203,-1.2903102901462782,-1.555105535424327,-0.6033125308845801,-0.36794265904819384
1.451273073162875,0.015710212010475094,0.16971841483474798,0.588040003804473,-0.4443904497744964,0.3913743221165853
4.665376315013721,2.518847618183073,1.6433135298651347,1.8040835587258224,-0.156352262420619,-0.5093853052175532
-0.21014024400505704,-1.2303768261089076,-0.7663032371040395,-0.6845370552426293,0.6072418804444067,-1.3044546373540267
0.488663119067427,-0.5163060814144063,-0.3521604184018051,0.04212413300517786,-0.9592143758371181,1.0174700668838037
1.3629458162985597,0.05467862034496518,0.004838033530983088,-1.2579664206846979,-0.12134118192180732,-0.47790777230841425
2.011773533186326,0.4301714287972356,-1.2815904197197345,0.027683319799168486,-0.5446399592401939,-1.5353128254807087
2.1718572785053665,0.40998144482132287,1.2188236452819832,-0.871401610631718,-0.9177659926812481,2.7614178510647904
3.3050317950757195,1.9447181361767991,1.1319752656683193,0.7362935156737345,1.69472640214164,-0.4148346725843098
0.005397594896706437,-2.2242016887460627,-2.3286330088459772,-0.36605003350747084,-0.037027855987392055,-2.0223832185057398
5.290092212039516,1.3778887632889223,0.4930452076341909,-0.570468517379031,0.15196953417643502,-0.5586358422333343
2.1230373645250635,0.2887106262481542,-2.319447898089831,1.9528508495402606,-0.05706044391919441,0.14801389847029386
2.5068559961823214,1.0879919295457743,0.2544757394419481,-0.5136724487324558,1.9938043800818535,0.1509786723269618
-0.9932620341204681,-1.1390682920093114,1.1866326303286836,-1.066342736080593,0.07259618091365412,-0.4701040696118002
-2.7208423808559257,-1.4771733633228668,0.44677647272846815,-0.21022700545446515,-1.4230378891190905,1.1297689981663073
-0.057911100383900405,-0.5577310496324963,-0.29277715069921106,0.8703820185297301,0.4190403652694112,1.2915642378396073
0.19287532560037057,-0.0029019697268712896,1.350480431651615,2.2461822061706673,1.503041411873434,-1.5983632943985928
-1.3937730640710861,-1.8037228111422552,-0.22253075124952287,0.3445460430885596,-0.03267131211439763,0.33997228680983216
-1.3195943112543096,-2.0362312090519303,-1.3215964297404448,-1.2304307960843044,0.6958395168264231,-0.10881212282740008
-1.4692521856178329,-1.492361894442752,0.012820684660359434,-0.424404117037916,0.9197099273485003,0.24529890094533122
-0.7729520724597446,-0.8878219551098804,-0.7147775691508441,-0.2888935650695716,-1.5981495485327935,0.5554687758072544
4.088547282285305,1.7066573705212833,-0.43080611541614927,1.8614029454814411,0.2385908007963421,-1.0404313014593405
6.97130006620918,1.9571349404829208,3.576134077435065,0.5416183480784069,-0.05351215119903095,-0.6798063307483457
1.7484729072840501,0.8103649065355466,-0.07980165420413914,0.48819000432884296,1.8258506774329588,0.8874871243220821
-3.557210846544005,-2.5730653508352432,-1.7600594688650448,-1.221451361316702,-2.427641700842064,0.02110437094697296
5.58443512455105,2.9013612595930613,0.21316274073072033,1.3894268914812382,2.246882500695751,-0.8386261065607462
0.19159244229230965,-0.12298477492090981,-1.1716378623301427,-0.2772826715697167,0.172250089419451,2.330929693201293
2.1142425044903455,1.1661250323404841,2.076971319320317,0.7535688912137398,0.03466585394318992,-0.6901706065766824
-0.23920728961383653,-1.2633499241804451,-1.7353228754922068,0.2442749085433224,-2.903850991475986,-1.2637060289063922
2.720562213244482,0.7915989808106428,0.4178539893519764,-0.8989743169311133,-2.1288700801659766,0.21563586408940014
1.6693377501056172,-0.2363950649760832,0.6513537066522165,-0.9703735006865961,-1.2515346130347151,-1.8370680868294542
4.346979205485764,1.030595429001544,0.5429139663994919,-0.0818154878580532,-1.0240821034946068,-1.5341583767601747
1.6138561336542543,0.6455524119461152,0.05860705230367879,0.5644436816185389,1.4291378195256357,1.2415872604213516
